Reading rules file:  C:/dev/bigladder/CBECC/RulesetSrc/T24SFam/Rules-2025.txt

Reading table file: Tables/T24RSlabEdgeInsulation.csv

Reading table file:  Tables/T24RHeatingEquipment.csv

Reading table file:  Tables/T24RCoolingEquipment.csv

Reading table file:  Tables/T24RBuriedDucts.csv

Reading table file (beginning @ record 55):  Tables/T24RBuriedDucts.csv

Reading table file:  Tables/T24RClimateZoneDesignDay.csv

Reading table file:  Tables/T24RCZWeatherMapping.csv

Reading table file:  Tables/HOF_2021_Climate_Design_Conditions_IP_California_Locations-T24N_2022.csv

Reading table file:  Tables/CAResFileHashes25.csv

Reading table file:  Tables/CAResKey.csv

Reading table file:  Tables/T24RMaterialLibraryMap.csv

Reading table file:  Tables/T24RClimateZoneCodeBaselines.csv

Reading table file:  Tables/PrescriptiveAdditionsTables.csv

Reading table file (beginning @ record 41):  Tables/PrescriptiveAdditionsTables.csv

Reading table file (beginning @ record 73):  Tables/PrescriptiveAdditionsTables.csv

Reading table file (beginning @ record 111):  Tables/PrescriptiveAdditionsTables.csv

Reading table file (beginning @ record 155):  Tables/PrescriptiveAdditionsTables.csv

Reading table file:  Tables/T24RClimateZoneInletMainsTemp.csv

Reading table file:  Tables/DHWTankAreaCoefs.csv

Reading table file:  Tables/T24R_DHWTables.csv

Reading table file:  C:/dev/bigladder/CBECC/RulesetSrc/shared/Tables/HPWHData_NEEA.csv

Reading table file:  Tables/CAUEFConvCat.csv

Reading table file:  Tables/CAUEFModelCoef.csv

Reading table file:  Tables/CAUEFMinCoef.csv

Reading table file:  Tables/T24R_EDRFuelAdjustment.csv

Reading table file:  Tables/App5-4A_SpaceBySpace-T24N_2019.csv

Reading table file:  Tables/App5-4C_Ventilation-T24N_2019.csv

Reading table file:  Tables/App5-4B_FunctionScheduleGroups.csv

Reading table file:  Tables/SolarThermalCollectors.csv

Reading table file:  Tables/T24R_SolarCollectorCountEst.csv

Reading table file:  Tables/T24R_CommunitySolar.csv

Reading table file:  Tables/T24R_CentralHPWHCompressors.csv

Reading table file:  Tables/T24RDemandResponseHPWH_Sched.csv

Reading table file:  Tables/T24RCustomStdDesign.csv

Reading table file:  Tables/T24R_VCHP3Tables.csv

Reading table file (beginning @ record 23):  Tables/T24R_VCHP3Tables.csv

Reading table file (beginning @ record 142):  Tables/T24R_VCHP3Tables.csv

Reading table file (beginning @ record 153):  Tables/T24R_VCHP3Tables.csv

Reading table file (beginning @ record 164):  Tables/T24R_VCHP3Tables.csv

Reading table file (beginning @ record 175):  Tables/T24R_VCHP3Tables.csv

Reading table file (beginning @ record 186):  Tables/T24R_VCHP3Tables.csv

Reading datatypes file: DataType.txt

Reading ranges file: Ranges.txt

Reading symbols file: Symbols.txt

Reading resets file: Resets.txt

Reading rule file #1:  Rules_Default.rule

         done.

Reading rule file #2:  Rules_Default_Loads.rule

         done.

Reading rule file #3:  Rules_Default_Shell.rule

         done.

Reading rule file #4:  Rules_Default_OtherZone.rule

         done.

Reading rule file #5:  Rules_Default_Construction.rule

         done.

Reading rule file #6:  Rules_Default_HVAC.rule

         done.

Reading rule file #7:  Rules_Default_DHW.rule

         done.

Reading rule file #8:  Rules_Default_EAA.rule

         done.

Reading rule file #9:  Rules_Default_PV.rule

         done.

Reading rule file #10:  Rules_Default_Battery.rule

         done.

Reading rule file #11:  RuleRepoRev.rule

         done.

Reading rule file #12:  ProposedFlexibility.rule

         done.

Reading rule file #13:  StandardMixedFuel.rule

         done.

Reading rule file #14:  Rules_CUAC.rule

         done.

Reading rule file #15:  Rules_CUAC_Batch.rule

         done.

Reading rule file #16:  Rules_CSE_Simulation.rule

         done.

Reading rule file #17:  Rules_CSE_Simulation_Cons.rule

         done.

Reading rule file #18:  Rules_CSE_Simulation_Zones-IntGains.rule

         done.

Reading rule file #19:  Rules_CSE_Simulation_Surfaces.rule

         done.

Reading rule file #20:  Rules_CSE_Simulation_IntMass.rule

         done.

Reading rule file #21:  Rules_CSE_Simulation_HVAC.rule

         done.

Reading rule file #22:  Rules_CSE_Simulation_DHW.rule

         done.

Reading rule file #23:  Rules_CSE_Simulation_PV.rule

         done.

Reading rule file #24:  Rules_CSE_Simulation_Battery.rule

         done.

Reading rule file #25:  Rules_CSE_Simulation_Reports.rule

         done.

Reading rule file #26:  Rules_ModelChecks.rule

         done.

Reading rule file #27:  Rules_ProposedModelPrep.rule

         done.

Reading rule file #28:  Rules_BudgetConversion.rule

         done.

Reading rule file #29:  Rules_BudgetConversion_DHW.rule

         done.

Reading rule file #30:  Rules_Results.rule

         done.

Reading rule file #31:  Rules_Results_SrcEnergy.rule

         done.

Reading rule file #32:  Rules_Results_PropFlex.rule

         done.

Reading rule file #33:  Rules_Results_Carbon.rule

         done.

Reading rule file #34:  Rules_Rpt_BuildingSummaryCSV.rule

         done.

Reading rule file #35:  Rules_VCHP3.rule

         done.

Reading rule file #36:  Rules_Default_ResAirCond-PerfMap.rule

         done.

Reading rule file #37:  CF1RPRF01E_Master.rule

         done.

Reading rule file #38:  CF1RPRF01E_Auto.rule

         done.

Reading rule file #39:  CF1RPRF01E_SpecialFeatures.rule

         done.

Reading rule file #40:  CF1RPRF01E_HERSFeatures.rule

         done.

Reading rule file #41:  Rules_Report_MixedFuelCompare.rule

         done.

Reading rule file #42:  C:/dev/bigladder/CBECC/RulesetSrc/shared/Rules_SubsetFileHashes.rule

         done.

Reading rule file #43:  BatchRuns.rule

         done.

Reading table file: Tables/T24R 2025 SLCCbyCZandFuel-interleaved.csv

Reading table file: Tables/T24R 2025 SOURCEbyCZandFuel-interleaved.csv

Reading table file: C:/dev/bigladder/CBECC/RulesetSrc/shared/Tables/T24 2025 NEM3-LSC Factors by CZ.csv

Reading table file: C:/dev/bigladder/CBECC/RulesetSrc/shared/Tables/T24 2025 NEM3-ACC Factors by CZ.csv

Reading table file: Tables/CARes25_PeakDemand.csv

Reading table file: Tables/CARes25_PeakCoolingElecEnergyMults.csv

Reading table file: Tables/T24R 2025 CO2ElecEmissionsbyCZ.csv

Reading table file:  C:/dev/bigladder/CBECC/RulesetSrc/shared/Tables/CUAC_UtilityCompanies.csv

Reading table file:  C:/dev/bigladder/CBECC/RulesetSrc/shared/Tables/CUAC_UtilityTerritories.csv

Reading table file:  C:/dev/bigladder/CBECC/RulesetSrc/shared/Tables/CUAC_UtilityRates.csv

Reading table file:  C:/dev/bigladder/CBECC/RulesetSrc/shared/Tables/CUAC_UtilityRateGen2Mapping.csv

Reading table file:  C:/dev/bigladder/CBECC/RulesetSrc/shared/Tables/CUAC_UtilityRateGen2Data.csv

Reading table file:  C:/dev/bigladder/CBECC/RulesetSrc/shared/Tables/RuleSubsetFileHashes.csv

         wrote table T24RSlabEdgeInsulationTable w/ 17 rows of data, 4 kb
         wrote table T24RHeatingEquipment w/ 240 rows of data, 120 kb
         wrote table T24RCoolingEquipment w/ 288 rows of data, 147 kb
         wrote table BuriedDuctEffectiveRValue w/ 36 rows of data, 16 kb
         wrote table BuriedDuctLevel w/ 12 rows of data, 1 kb
         wrote table T24RClimateZoneDesignDay w/ 144 rows of data, 32 kb
         wrote table T24RCZWeatherMapping w/ 32 rows of data, 4 kb
         wrote table WeatherCliZnDsgnDay2022 w/ 92 rows of data, 1,133 kb
         wrote table CAResFileHashes w/ 36 rows of data, 6 kb
         wrote table CAResKeys w/ 81 rows of data, 13 kb
         wrote table T24RMatLibrary w/ 88 rows of data, 7 kb
         wrote table T24RClimateZoneCodeBase w/ 288 rows of data, 583 kb
         wrote table PrescripAdditions_WoodExtWallCons w/ 15 rows of data, 2 kb
         wrote table PrescripAdditions_CeilingBelowAtticCons w/ 27 rows of data, 3 kb
         wrote table PrescripAdditions_RoofDeckInsul w/ 33 rows of data, 3 kb
         wrote table PrescripAdditions_RadiantBarrier w/ 39 rows of data, 3 kb
         wrote table PrescripAdditions_MaxGlazingArea w/ 3 rows of data, 0.3 kb
         wrote table T24RClimateZoneInletMainsTemp w/ 16 rows of data, 0.737 kb
         wrote table DHWTankAreaCoefs w/ 7 rows of data, 2 kb
         wrote table T24RDHW_LoopPipeSize w/ 10 rows of data, 1 kb
         wrote table HPWHData_NEEA w/ 548 rows of data, 530 kb
         wrote table CAUEFConvCat w/ 8 rows of data, 2 kb
         wrote table CAUEFModelCoef w/ 21 rows of data, 5 kb
         wrote table CAUEFMinCoef w/ 41 rows of data, 11 kb
         wrote table T24R_EDRFuelAdjustment w/ 102 rows of data, 18 kb
         wrote table SpaceFunctionData w/ 85 rows of data, 94 kb
         wrote table VentilationSpaceFunctionData w/ 98 rows of data, 23 kb
         wrote table SpaceFunctionGroups w/ 13 rows of data, 7 kb
         wrote table SolarThermalCollectors w/ 762 rows of data, 146 kb
         wrote table SolarCollectorCountEst w/ 16 rows of data, 2 kb
         wrote table CommunitySolar w/ 3 rows of data, 0.542 kb
         wrote table T24RCHPWHCompressor w/ 58 rows of data, 12 kb
         wrote table T24RDemandResponseHPWH_Sched w/ 1564 rows of data, 1,011 kb
         wrote table T24RCustomStandardDesign w/ 52 rows of data, 20 kb
         wrote table VCHP3_NEEPRegressions w/ 5 rows of data, 0.542 kb
         wrote table VCHP3_NEEPStatistics w/ 114 rows of data, 6 kb
         wrote table HtPump3_Interp_2Speed_Low_SEER2EER2ratio_SEER2 w/ 2 rows of data, 0.444 kb
         wrote table HtPump3_Interp_VarSpeed_Low_SEER2EER2ratio_COP w/ 5 rows of data, 0.885 kb
         wrote table HtPump3_Interp_Single_Full_HeatCapRatio_COP w/ 5 rows of data, 1 kb
         wrote table HtPump3_Interp_Two_Full_HeatCapRatio_COP w/ 5 rows of data, 1 kb
         wrote table HtPump3_Interp_VarSpeed_Full_HeatCapRatio_COP w/ 5 rows of data, 1 kb


Rulelist Summary:                                                                   Allow  Tag As
         Line   Num                                                       Set ALL    Mult   User   Perform
  Num     Num  Rules  Rulelist Name                                         Data    Evals  Defind   Resets   Rulelist Filename
  ---------------------------------------------------------------------------------------------------------------------
    1      37   323   ProposedInput                                          -        -      -        T      Rules_Default.rule
    2    1535     5   Set_Proj_DefaultIAQFanPwr                              -        -      -        T      Rules_Default.rule
    3    1565     1   ForceDefault_DesignRatingBase_RESNET2014               T        -      -        T      Rules_Default.rule
    4    1572     1   ForceDefault_DesignRatingCalcs                         T        -      -        T      Rules_Default.rule
    5    1579     2   ForceDefault_DRtgLighting                              T        -      -        T      Rules_Default.rule
      ---------------------------------------------------------------------------------------------------------
    6    1584     1   ForceDefault_DRtgLightingReduction                     T        -      -        T      Rules_Default.rule
    7    1591     4   ForceDefault_IsAddAlone_AddFrac                        T        -      -        T      Rules_Default.rule
    8    1600     2   ForceReset_SeasonFanVentTemps                          T        -      -        T      Rules_Default.rule
    9    1609     2   ForceReset_MultiFamilyType                             T        -      -        T      Rules_Default.rule
   10    1618     2   ForceDefault_DHWCalcMethod_CSE                         T        -      -        T      Rules_Default.rule
      ---------------------------------------------------------------------------------------------------------
   11    1627     1   ForceOn_CSE_WriteTDV                                   T        -      -        -      Rules_Default.rule
   12    1634     1   ForceDefault_FrontOrientation                          T        -      -        T      Rules_Default.rule
   13    1642     1   ForceReset_AnalysisType                                T        -      -        T      Rules_Default.rule
   14    1650     1   ForceReset_StandardsVersion                            T        -      -        T      Rules_Default.rule
   15    1657     1   ForceOff_Proj_IsAllElectric                            T        -      -        T      Rules_Default.rule
      ---------------------------------------------------------------------------------------------------------
   16    1661     1   ForceReset_Proj_NatGasAvailable                        T        -      -        -      Rules_Default.rule
   17    1667     3   NoDwellingUnit_ResetADUType_NumBedrooms                T        -      -        T      Rules_Default.rule
   18    1675     1   Default_PolyLp                                         -        -      -        T      Rules_Default.rule
   19    1724    78   Default_Schedules                                      -        -      -        T      Rules_Default.rule
   20    1965     6   SetupSch_CSEInput_MonthlyWDWE                          T        -      -        T      Rules_Default.rule
      ---------------------------------------------------------------------------------------------------------
   21    2026     1   ForceReset_AllOrientations                             T        -      -        T      Rules_Default.rule
   22    2034     1   Default_WeatherFileName                                T        -      -        T      Rules_Default.rule
   23    2091     5   Set_WeatherFileName_ViaKey                             T        -      -        -      Rules_Default.rule
   24    2128    23   LoadModelAdjustments                                   T        -      -        T      Rules_Default.rule
   25    2281     1   CBECCInterfacePrep                                     T        -      -        T      Rules_Default.rule
      ---------------------------------------------------------------------------------------------------------
   26    2297     1   Blast_Proj_NoDwellingUnit                              T        -      -        -      Rules_Default.rule
   27    2303     2   Blast_Zone_DHWSys2                                     T        -      -        T      Rules_Default.rule
   28    2308     2   Blast_Zone_AltDHWSys2                                  T        -      -        T      Rules_Default.rule
   29    2313     2   Blast_Zone_exDHWSys2                                   T        -      -        T      Rules_Default.rule
   30    2321     3   ForceDefault_CodeVersion_RptGenUI                      T        -      -        T      Rules_Default.rule
      ---------------------------------------------------------------------------------------------------------
   31    2331     2   ForceUpdate_Attic_Status_AlteredRoofSurface            T        -      T        T      Rules_Default.rule
   32    2342     1   ForceDefault_TDVType_Std                               T        -      -        T      Rules_Default.rule
   33    2346     1   ForceDefault_TDVType_CALGreen                          T        -      -        T      Rules_Default.rule
   34    2353     1   ForceDefault_Proj_WeatherStation                       T        -      -        T      Rules_Default.rule
   35    2376     1   Default_Proj_WeatherStation                            -        -      -        T      Rules_Default.rule
      ---------------------------------------------------------------------------------------------------------
   36    2402     1   ForceOff_SpecifyTargetDRtg                             T        -      -        T      Rules_Default.rule
   37    2409     2   Blast_HtPump_AutoSize_NoResets                         T        -      -        -      Rules_Default.rule
   38    2418     1   Blast_DHWHeater_HPWHCategory                           T        -      -        -      Rules_Default.rule
   39    2426     5   DHWHeater_Reset_Generic                                T        -      T        -      Rules_Default.rule
   40    2451     3   DHWHeater_Remove_UEFRated_2025                         T        -      T        -      Rules_Default.rule
      ---------------------------------------------------------------------------------------------------------
   41    2459     4   DHWHeater_Remove_UEFRated                              T        -      T        -      Rules_Default.rule
   42    2470     2   BackwardCompat_DefaultReducedPVReq                     T        -      T        -      Rules_Default.rule
   43    2483    14   Blast_DwellUnitType_DHWSolFrac                         T        -      -        -      Rules_Default.rule
   44    2512    15   Blast_DHWSys_DHWSolFrac                                T        -      -        -      Rules_Default.rule
   45    2540     4   TransformOld_DHWSys_RecircPump                         T        -      T        -      Rules_Default.rule
      ---------------------------------------------------------------------------------------------------------
   46    2562     1   TransformOld_Proj_SFamCDSpecFixDists                   T        -      T        -      Rules_Default.rule
   47    2566     1   TransformOld_DwellUnitType_CDSpecFixDists              T        -      T        -      Rules_Default.rule
   48    2572     1   TransformOld_HVACCool_EffMetric                        T        -      T        -      Rules_Default.rule
   49    2576     1   TransformOld_HVACHtPump_EffMetric                      T        -      T        -      Rules_Default.rule
   50    2595     4   ConfirmAnalysisOptions_UI                              T        -      -        -      Rules_Default.rule
      ---------------------------------------------------------------------------------------------------------
   51    2613     2   Force_StdDesignFuel_AllElectric                        T        -      -        -      Rules_Default.rule
   52    2638    13   Force_StdDesignFuel_CodeFinal                          T        -      -        -      Rules_Default.rule
   53    2693     4   Force_DRtgDesignFuel_2022Final                         T        -      -        -      Rules_Default.rule
   54    2707     1   Blast_Proj_BattDRNumRankedDays                         T        -      -        T      Rules_Default.rule
   55    2713     2   Force_Proj_SimStandaloneBatt                           T        -      -        T      Rules_Default.rule
      ---------------------------------------------------------------------------------------------------------
   56    2718     2   Force_Proj_BatteryControlToBasic                       T        -      -        T      Rules_Default.rule
   57    2723     2   Blast_Proj_BattGridHarmCredit                          T        -      -        T      Rules_Default.rule
   58    2728     2   ResetFor2025_Proj_WeatherFileSet                       T        -      -        T      Rules_Default.rule
   59    2735     3   Apply_BattDegrade_for_CyclingCap                       T        -      T        -      Rules_Default.rule
   60    2742     2   Blast_BattDegradePercent                               T        -      -        -      Rules_Default.rule
      ---------------------------------------------------------------------------------------------------------
   61    2750     1   Blast_Proj_StdPeakCoolElecLimitMult                    T        -      -        T      Rules_Default.rule
   62    2757    14   Test_Psych_HAProps                                     T        -      -        T      Rules_Default.rule
   63      37    95   ProposedInput_CoolVent_IAQ_IntGains                    -        -      -        T      Rules_Default_Loads.rule
   64     444     4   ProposedInput_Loads_Laundry                            -        -      -        T      Rules_Default_Loads.rule
   65     481   154   Default_DwellingUnitData_SFam                          -        -      -        T      Rules_Default_Loads.rule
      ---------------------------------------------------------------------------------------------------------
   66    1421     1   Force_StdDesignIAQCFM_1                                T        -      -        T      Rules_Default_Loads.rule
   67    1425     1   Force_StdDesignIAQCFM_2                                T        -      -        T      Rules_Default_Loads.rule
   68    1431    23   Default_SFam_CoolingVent                               -        -      -        T      Rules_Default_Loads.rule
   69    1563     1   Default_Proj_ClVentVerifMult                           T        -      -        T      Rules_Default_Loads.rule
   70    1577    58   Default_DwellingUnitData                               -        -      -        T      Rules_Default_Loads.rule
      ---------------------------------------------------------------------------------------------------------
   71    1832     1   Blast_Proj_UnitClVentOption                            T        -      -        T      Rules_Default_Loads.rule
   72    1839     1   ForceDefault_Proj_RefrigUsage                          T        -      -        T      Rules_Default_Loads.rule
   73    1846     1   ForceDefault_Proj_DishUsage                            T        -      -        T      Rules_Default_Loads.rule
   74    1853     1   ForceDefault_DUT_RefrigElecUsage                       T        -      -        T      Rules_Default_Loads.rule
   75    1860     1   ForceDefault_DUT_DishElecUsage                         T        -      -        T      Rules_Default_Loads.rule
      ---------------------------------------------------------------------------------------------------------
   76    1866    13   ForceReset_StdDesignIAQLimits                          T        -      -        T      Rules_Default_Loads.rule
   77      37   250   ProposedInput_Shell                                    -        -      -        T      Rules_Default_Shell.rule
   78    1141     6   ProposedInput_Garage                                   -        -      -        T      Rules_Default_Shell.rule
   79    1171   174   ProposedInput_SurfacesAndInterZoneAreas                -        -      -        T      Rules_Default_Shell.rule
   80    2183    45   ProposedInput_Shell_AtticAndCoolVent                   -        -      -        T      Rules_Default_Shell.rule
      ---------------------------------------------------------------------------------------------------------
   81    2358     6   Default_Attic                                          -        -      -        T      Rules_Default_Shell.rule
   82    2382    13   Default_AtticAreas                                     -        -      -        T      Rules_Default_Shell.rule
   83    2424    25   Set_ExtWallAz_WinAreaByOrientation                     T        -      -        T      Rules_Default_Shell.rule
   84    2506    12   Default_DwellUnitType_DHWSysRefs                       -        -      -        T      Rules_Default_Shell.rule
   85    2542   147   Default_DHWHeater_AreaServedAndHydronic                -        -      -        T      Rules_Default_Shell.rule
      ---------------------------------------------------------------------------------------------------------
   86    3061     7   Set_DHWSys_TotNumDHWHeaters                            T        -      -        T      Rules_Default_Shell.rule
   87    3077     3   OverwriteWinWidthHeightMultiplier                      T        -      -        T      Rules_Default_Shell.rule
   88    3082     1   ForceWinAreaToUndefined                                T        -      -        T      Rules_Default_Shell.rule
   89    3088     3   OverwriteExistingWinWidthHeightMultiplier              T        -      -        T      Rules_Default_Shell.rule
   90    3093     1   ForceWinExAreaToUndefined                              T        -      -        T      Rules_Default_Shell.rule
      ---------------------------------------------------------------------------------------------------------
   91    3100     1   ForceDefault_Zone_Type                                 T        -      -        T      Rules_Default_Shell.rule
   92    3109     3   BackwardCompat_IntWall_OutsideDiffUnit                 T        -      T        -      Rules_Default_Shell.rule
   93    3118     3   BackwardCompat_InteriorCeiling_OutsideDiffUnit         T        -      T        -      Rules_Default_Shell.rule
   94    3126     3   BackwardCompat_InteriorFloor_OutsideDiffUnit           T        -      T        -      Rules_Default_Shell.rule
   95    3138    28   Set_ZoneClVent_SFam                                    -        -      -        T      Rules_Default_Shell.rule
      ---------------------------------------------------------------------------------------------------------
   96    3244     4   Set_ZoneClVent_MFam                                    -        -      -        T      Rules_Default_Shell.rule
   97    3256     1   Create_Garage                                          T        -      -        T      Rules_Default_Shell.rule
   98    3266     1   Create_CrawlSpace                                      T        -      -        T      Rules_Default_Shell.rule
   99    3275     1   ForceReset_DwellUnitType_DHWSysRef_1                   T        -      -        T      Rules_Default_Shell.rule
  100    3278     1   ForceReset_DwellUnitType_DHWSysRef_2                   T        -      -        T      Rules_Default_Shell.rule
      ---------------------------------------------------------------------------------------------------------
  101    3281     1   ForceReset_DwellUnitType_DHWSysRef_3                   T        -      -        T      Rules_Default_Shell.rule
  102    3284     1   ForceReset_DwellUnitType_DHWSysRef_4                   T        -      -        T      Rules_Default_Shell.rule
  103    3287     1   ForceReset_DwellUnitType_DHWSysRef_5                   T        -      -        T      Rules_Default_Shell.rule
  104    3295     1   ForceDefault_DHWSys_Status                             T        -      -        T      Rules_Default_Shell.rule
  105    3303     1   ForceDefault_DHWHeater_Status                          T        -      -        T      Rules_Default_Shell.rule
      ---------------------------------------------------------------------------------------------------------
  106    3311     2   Replace_AdditionCFAFrac_with_AddAloneAreas             T        -      -        T      Rules_Default_Shell.rule
  107    3316     2   Set_AddAloneAreas_basedon_AdditionCFAFrac              T        -      T        T      Rules_Default_Shell.rule
  108    3327     2   ForceReset_AddAloneAreas                               T        -      -        T      Rules_Default_Shell.rule
  109    3336     1   ResetDHWSys1                                           T        -      -        -      Rules_Default_Shell.rule
  110    3344     1   ResetDHWSys2                                           T        -      -        -      Rules_Default_Shell.rule
      ---------------------------------------------------------------------------------------------------------
  111    3352     1   ResetAltDHWSys1                                        T        -      -        -      Rules_Default_Shell.rule
  112    3360     1   ResetAltDHWSys2                                        T        -      -        -      Rules_Default_Shell.rule
  113    3368     1   ResetExDHWSys1                                         T        -      -        -      Rules_Default_Shell.rule
  114    3376     1   ResetExDHWSys2                                         T        -      -        -      Rules_Default_Shell.rule
  115    3384     2   ForceReset_DwellUnitType_HaveWasher                    T        -      T        T      Rules_Default_Shell.rule
      ---------------------------------------------------------------------------------------------------------
  116    3392     2   ForceReset_DwellUnitType_HaveDryer                     T        -      T        T      Rules_Default_Shell.rule
  117    3402     2   ForceReset_DwellUnitType_StdDesignIAQLimits            T        -      -        T      Rules_Default_Shell.rule
  118    3411     4   StandardDefaulting_DwellUnit_IAQPower                  -        -      -        T      Rules_Default_Shell.rule
  119    3450     2   ForceReset_Zone_Type_Unconditioned                     T        -      -        T      Rules_Default_Shell.rule
  120      36    81   ProposedInput_OtherZone                                -        -      -        T      Rules_Default_OtherZone.rule
      ---------------------------------------------------------------------------------------------------------
  121     511     5   PostProposedInput_OtherZone                            T        -      -        -      Rules_Default_OtherZone.rule
  122     542     2   ForceReset_OtherZone_StdDesignIAQLimits                T        -      -        T      Rules_Default_OtherZone.rule
  123      37    38   ProposedInput_Constructions                            -        -      -        T      Rules_Default_Construction.rule
  124     707     1   DefaultMatCondQII                                      -        -      -        -      Rules_Default_Construction.rule
  125     713    63   DefaultConsObject                                      -        -      -        -      Rules_Default_Construction.rule
      ---------------------------------------------------------------------------------------------------------
  126    1242    17   SetupCons_AtticEdge_Set                                -        -      -        T      Rules_Default_Construction.rule
  127    1322    16   SetupCons_AtticEdge_Init                               -        -      -        T      Rules_Default_Construction.rule
  128    1344     1   Cons_CavityLayer_SetValidNoInsulationOption            T        -      T        -      Rules_Default_Construction.rule
  129    1352    46   CreateConsCavityInsulMat_All                           -        -      -        -      Rules_Default_Construction.rule
  130    1894     3   SetupDefaultConsCavityInsulMatProperties               T        -      -        T      Rules_Default_Construction.rule
      ---------------------------------------------------------------------------------------------------------
  131    1908     1   MarkMatForDeletion                                     T        -      -        T      Rules_Default_Construction.rule
  132    1914     5   SetupUniqueCavityInsFurMat_1                           T        -      T        T      Rules_Default_Construction.rule
  133    1922     5   SetupUniqueCavityInsFurMat_2                           T        -      T        T      Rules_Default_Construction.rule
  134    1930     5   SetupUniqueCavityInsFurMat_3                           T        -      T        T      Rules_Default_Construction.rule
  135    1938     5   SetupUniqueCavityInsFurMat_4                           T        -      T        T      Rules_Default_Construction.rule
      ---------------------------------------------------------------------------------------------------------
  136    1946     5   SetupUniqueCavityInsFurMat_5                           T        -      T        T      Rules_Default_Construction.rule
  137    1954     5   SetupUniqueCavityInsFurMat_6                           T        -      T        T      Rules_Default_Construction.rule
  138    1962     5   SetupUniqueCavityInsFurMat_7                           T        -      T        T      Rules_Default_Construction.rule
  139    1970     5   SetupUniqueCavityInsFurMat_8                           T        -      T        T      Rules_Default_Construction.rule
  140    1978     5   SetupUniqueCavityInsFurMat_9                           T        -      T        T      Rules_Default_Construction.rule
      ---------------------------------------------------------------------------------------------------------
  141    1986     5   SetupUniqueCavityInsFurMat_10                          T        -      T        T      Rules_Default_Construction.rule
  142    2003    55   SetupCons_ExtWall_TwoPath                              -        -      -        -      Rules_Default_Construction.rule
  143    2462    83   SetupCons_ExtWall_TwoPathSIPS                          -        -      -        -      Rules_Default_Construction.rule
  144    2854    79   SetupCons_ExtWall_TwoPathDPH                           -        -      -        -      Rules_Default_Construction.rule
  145    3244    70   SetupCons_ExtWall_SinglePath                           -        -      -        -      Rules_Default_Construction.rule
      ---------------------------------------------------------------------------------------------------------
  146    3648    54   SetupCons_IntWall_TwoPath                              -        -      -        -      Rules_Default_Construction.rule
  147    3917    78   SetupCons_IntWall_TwoPathDPH                           -        -      -        -      Rules_Default_Construction.rule
  148    4190    69   SetupCons_IntWall_SinglePath                           -        -      -        -      Rules_Default_Construction.rule
  149    4587    67   SetupCons_UndWall_SinglePath                           -        -      -        -      Rules_Default_Construction.rule
  150    4963    77   SetupCons_AtticRoof                                    -        -      -        -      Rules_Default_Construction.rule
      ---------------------------------------------------------------------------------------------------------
  151    5547    81   SetupCons_CathedralCeiling                             -        -      -        -      Rules_Default_Construction.rule
  152    6010    69   SetupCons_CathedralCeiling_WA                          -        -      -        -      Rules_Default_Construction.rule
  153    6322    75   SetupCons_CathedralCeiling_WB                          -        -      -        -      Rules_Default_Construction.rule
  154    6711    73   SetupCons_CeilingBlwAttic                              -        -      -        -      Rules_Default_Construction.rule
  155    6981    61   SetupCons_IntCeiling_TwoPath                           -        -      -        -      Rules_Default_Construction.rule
      ---------------------------------------------------------------------------------------------------------
  156    7253    60   SetupCons_IntFloor_TwoPath                             -        -      -        -      Rules_Default_Construction.rule
  157    7545    71   SetupCons_IntFloor_SinglePath                          -        -      -        -      Rules_Default_Construction.rule
  158    7942    60   SetupCons_ExtFloor_TwoPath                             -        -      -        -      Rules_Default_Construction.rule
  159    8237    71   SetupCons_ExtFloor_SinglePath                          -        -      -        -      Rules_Default_Construction.rule
  160    8634    30   SetupCons_ReverseAssemblyLayersRpt                     -        -      -        -      Rules_Default_Construction.rule
      ---------------------------------------------------------------------------------------------------------
  161    8705     9   SetupCons_CavityMaterials                              -        -      -        -      Rules_Default_Construction.rule
  162    8912    30   SetupCons_GenericFramed                                -        -      -        -      Rules_Default_Construction.rule
  163    9528    21   SetupCons_SinglePath                                   -        -      -        -      Rules_Default_Construction.rule
  164    9774     2   SetupCons_FilmCoefficients                             -        -      -        T      Rules_Default_Construction.rule
  165    9812    17   SetupCons_UValue_TwoPath                               -        -      -        -      Rules_Default_Construction.rule
      ---------------------------------------------------------------------------------------------------------
  166    9990    13   SetupCons_UValue_SinglePath                            -        -      -        -      Rules_Default_Construction.rule
  167   10135     4   SetupCons_none                                         -        -      -        -      Rules_Default_Construction.rule
  168   10148    41   SetupCons_UValue_All                                   T        -      -        T      Rules_Default_Construction.rule
  169   10250     8   SetupCons_LayerParams                                  T        -      -        T      Rules_Default_Construction.rule
  170   10376     1   ForceDefault_Cons_FrameLayer                           T        -      -        T      Rules_Default_Construction.rule
      ---------------------------------------------------------------------------------------------------------
  171   10383     2   ForceDefault_SIPSWall_Cons_CavityLayer                 T        -      -        T      Rules_Default_Construction.rule
  172   10392     2   ForceDefault_SIPSCeiling_Cons_CavityLayer              T        -      -        T      Rules_Default_Construction.rule
  173   10401     2   ForceDefault_SIPSFloor_Cons_CavityLayer                T        -      -        T      Rules_Default_Construction.rule
  174   10413     5   ForceUpdate_Cons_WallExtFinish_2Path_R4Synthetic       T        -      T        -      Rules_Default_Construction.rule
  175   10446     4   ForceUpdate_Cons_WallExtFinish_1Path_R4Synthetic       T        -      T        -      Rules_Default_Construction.rule
      ---------------------------------------------------------------------------------------------------------
  176   10474     5   ForceUpdate_Cons_FlrExtFinish_2Path_R4Synthetic        T        -      T        -      Rules_Default_Construction.rule
  177   10507     4   ForceUpdate_Cons_FlrExtFinish_1Path_R4Synthetic        T        -      T        -      Rules_Default_Construction.rule
  178   10537     2   ForceUpdate_Cons_R19_2x6_Compressed                    T        -      T        -      Rules_Default_Construction.rule
  179   10547     2   ForceUpdate_Cons_CavInsulOverFrame_On                  T        -      T        -      Rules_Default_Construction.rule
  180      37    39   ProposedInput_HVAC                                     -        -      -        T      Rules_Default_HVAC.rule
      ---------------------------------------------------------------------------------------------------------
  181     213   477   Default_AllHVAC                                        -        -      -        T      Rules_Default_HVAC.rule
  182    1913    15   Default_HVAC_IAQFan                                    -        -      -        T      Rules_Default_HVAC.rule
  183    2046    77   SetupHVACSys_Round1_HeatCool                           -        -      -        T      Rules_Default_HVAC.rule
  184    2221    43   SetupHVACSys_Round1_HeatPump                           -        -      -        T      Rules_Default_HVAC.rule
  185    2319    23   SetupHVACSys_Round1_common                             -        -      -        T      Rules_Default_HVAC.rule
      ---------------------------------------------------------------------------------------------------------
  186    2363   136   SetupHVACSys_Round2_HeatCool                           -        -      -        T      Rules_Default_HVAC.rule
  187    2742   308   SetupHVACSys_Round2_HeatPump                           -        -      -        T      Rules_Default_HVAC.rule
  188    3240     1   BlastUserInput_HVACSys_HeatDucted                      T        -      -        T      Rules_Default_HVAC.rule
  189    3244     1   BlastUserInput_HVACSys_CoolDucted                      T        -      -        T      Rules_Default_HVAC.rule
  190    3248     1   BlastUserInput_HVACSys_HtPumpDucted                    T        -      -        T      Rules_Default_HVAC.rule
      ---------------------------------------------------------------------------------------------------------
  191    3254     3   Reset_HVACSys_HtPump_Ducts                             T        -      -        T      Rules_Default_HVAC.rule
  192    3263     1   Force_HVACSys_HeatDucted_HtPumpDucted                  T        -      -        T      Rules_Default_HVAC.rule
  193    3267     1   Force_HVACSys_CoolDucted_HtPumpDucted                  T        -      -        T      Rules_Default_HVAC.rule
  194    3273     1   Force_HVACHtPump_UseEERinAnalysis_On                   T        -      T        -      Rules_Default_HVAC.rule
  195    3279     2   Force_HVACHtPump_BackupOption_DualFuel                 T        -      T        -      Rules_Default_HVAC.rule
      ---------------------------------------------------------------------------------------------------------
  196    3288    34   SetupDwellUnitType_Round2_HeatCool                     -        -      -        T      Rules_Default_HVAC.rule
  197    3492    65   SetupDwellUnitType_Round2_HeatPump                     -        -      -        T      Rules_Default_HVAC.rule
  198    3722    24   DefaultDwellUnitType_DHWHeating                        -        -      -        T      Rules_Default_HVAC.rule
  199    3799    12   SetupHVACSys_Round2_common                             -        -      -        T      Rules_Default_HVAC.rule
  200    3963     3   SetupHVACSys_HeatCoolVsStandard                        -        -      -        T      Rules_Default_HVAC.rule
      ---------------------------------------------------------------------------------------------------------
  201    4045     3   SetupHVACSys_HtPumpVsStandard                          -        -      -        T      Rules_Default_HVAC.rule
  202    4127     2   BlastHVACSysUserInput_Heating                          T        -      -        T      Rules_Default_HVAC.rule
  203    4132     2   BlastHVACSysUserInput_Cooling                          T        -      -        T      Rules_Default_HVAC.rule
  204    4137     1   BlastHVACSysUserInput_HeatPump                         T        -      -        T      Rules_Default_HVAC.rule
  205    4145     0   BlastDwellUnitTypeUserInput_Heating                    T        -      -        T      Rules_Default_HVAC.rule
      ---------------------------------------------------------------------------------------------------------
  206    4150     0   BlastDwellUnitTypeUserInput_Cooling                    T        -      -        T      Rules_Default_HVAC.rule
  207    4155     0   BlastDwellUnitTypeUserInput_HeatPump                   T        -      -        T      Rules_Default_HVAC.rule
  208    4163     1   ForceDefault_Zone_TstatOption                          T        -      -        T      Rules_Default_HVAC.rule
  209    4169     5   Default_HVACDist                                       -        -      -        T      Rules_Default_HVAC.rule
  210    4207     5   Default_HVACDist_ForceTypeDefault                      T        -      T        T      Rules_Default_HVAC.rule
      ---------------------------------------------------------------------------------------------------------
  211    4250    14   Default_HVACDist_PriorToType                           -        -      -        T      Rules_Default_HVAC.rule
  212    4344    63   Default_HVACDist_OtherThanType                         -        -      -        T      Rules_Default_HVAC.rule
  213    5013    22   Default_HVACDist_VerifiedDuctDesign                    -        -      -        T      Rules_Default_HVAC.rule
  214    5138     1   ForceReset_DuctSeg_InsulRValue                         T        -      -        T      Rules_Default_HVAC.rule
  215    5142     1   ForceDefault_DuctSeg_ContainmentSystem                 T        -      -        T      Rules_Default_HVAC.rule
      ---------------------------------------------------------------------------------------------------------
  216    5152     2   Blast_HVACDist_AreBuriedFlags                          T        -      -        -      Rules_Default_HVAC.rule
  217    5157     4   Set_HVACDist_VerifiedDuctDesign_Supply                 T        -      T        T      Rules_Default_HVAC.rule
  218    5168     2   Blast_HVACDist_VerifiedDuctDesign_Supply               T        -      -        T      Rules_Default_HVAC.rule
  219    5173     4   Set_HVACDist_VerifiedDuctDesign_Return                 T        -      T        T      Rules_Default_HVAC.rule
  220    5184     2   Blast_HVACDist_VerifiedDuctDesign_Return               T        -      -        T      Rules_Default_HVAC.rule
      ---------------------------------------------------------------------------------------------------------
  221    5189     1   Blast_HVACDist_InUnventedInsulAttic_NoResets           T        -      -        -      Rules_Default_HVAC.rule
  222    5192     1   Blast_HVACDist_InUnventedInsulAttic                    T        -      -        T      Rules_Default_HVAC.rule
  223    5199    10   Default_Fan                                            -        -      -        T      Rules_Default_HVAC.rule
  224    5239     3   Setup_HVACDistFan                                      T        -      T        T      Rules_Default_HVAC.rule
  225    5248     1   Setup_HVACDist                                         T        -      T        T      Rules_Default_HVAC.rule
      ---------------------------------------------------------------------------------------------------------
  226    5257     2   ForceDefault_HVACDist_DefaultSystem                    T        -      -        T      Rules_Default_HVAC.rule
  227    5265    15   ForceDefaults_HVACDist                                 T        -      -        T      Rules_Default_HVAC.rule
  228    5292     2   ForceDefaults_HVACDist_LowLkgAH                        T        -      -        T      Rules_Default_HVAC.rule
  229    5298     1   ForceDefaults_HVACDist_DuctLeakage                     T        -      -        T      Rules_Default_HVAC.rule
  230    5302     6   ForceDefaults_HVACDist_DuctDesign                      T        -      -        T      Rules_Default_HVAC.rule
      ---------------------------------------------------------------------------------------------------------
  231    5311     1   ForceDefault_HVACDist_exDuctInsRvalOpt                 T        -      -        T      Rules_Default_HVAC.rule
  232    5317    17   Default_HVACHeat                                       -        -      -        T      Rules_Default_HVAC.rule
  233    5364    39   Default_HVACHeatPump                                   -        -      -        T      Rules_Default_HVAC.rule
  234    5487    26   Default_HVACCool                                       -        -      -        T      Rules_Default_HVAC.rule
  235    5592     6   Default_PreCooling                                     -        -      -        T      Rules_Default_HVAC.rule
      ---------------------------------------------------------------------------------------------------------
  236    5672     4   Setup_SCSysReportingObjects                            T        -      T        T      Rules_Default_HVAC.rule
  237    5709    22   Default_SCSysReportObject                              -        -      -        T      Rules_Default_HVAC.rule
  238    5787    24   Default_SCSysReportObject_HtPump                       -        -      -        T      Rules_Default_HVAC.rule
  239    5888     5   Default_SCSysReportObject_Heat                         -        -      -        T      Rules_Default_HVAC.rule
  240    5913    17   Default_SCSysReportObject_Cool                         -        -      -        T      Rules_Default_HVAC.rule
      ---------------------------------------------------------------------------------------------------------
  241    5970     4   Setup_DHWSysReportingObjects                           T        -      T        T      Rules_Default_HVAC.rule
  242    5981     5   Default_DHWSysReportObject_DHWSysParent                -        -      -        T      Rules_Default_HVAC.rule
  243    5990     5   Default_DHWSysReportObject_DwellUnitParent             -        -      -        T      Rules_Default_HVAC.rule
  244    6000    43   Default_DHWSysReportObject                             -        -      -        T      Rules_Default_HVAC.rule
  245    6478     3   Setup_IAQVentReportingObjects                          T        -      T        T      Rules_Default_HVAC.rule
      ---------------------------------------------------------------------------------------------------------
  246    6486    17   Default_IAQVentReportObject                            -        -      -        T      Rules_Default_HVAC.rule
  247    6642     6   Default_Heat_CntrlFurnace                              -        -      -        -      Rules_Default_HVAC.rule
  248    6659     6   Default_Heat_WallFurnaceFan                            -        -      -        -      Rules_Default_HVAC.rule
  249    6677     6   Default_Heat_WallFurnaceGravity                        -        -      -        -      Rules_Default_HVAC.rule
  250    6695     6   Default_Heat_FloorFurnace                              -        -      -        -      Rules_Default_HVAC.rule
      ---------------------------------------------------------------------------------------------------------
  251    6713     6   Default_Heat_RoomHeater                                -        -      -        -      Rules_Default_HVAC.rule
  252    6731     6   Default_Heat_Boiler                                    -        -      -        -      Rules_Default_HVAC.rule
  253    6749     3   Default_Heat_WoodHeat                                  -        -      -        -      Rules_Default_HVAC.rule
  254    6757     6   Default_Heat_PkgGasFurnace                             -        -      -        -      Rules_Default_HVAC.rule
  255    6775     4   Default_Heat_Electric                                  -        -      -        -      Rules_Default_HVAC.rule
      ---------------------------------------------------------------------------------------------------------
  256    6784     7   Default_Heat_CombHydro                                 -        -      -        -      Rules_Default_HVAC.rule
  257    6809     1   ForceDefault_Heat_CombHydro_AFUE                       T        -      -        -      Rules_Default_HVAC.rule
  258    6814     1   ForceDefault_UsePreCooling                             T        -      -        -      Rules_Default_HVAC.rule
  259    6820     5   Default_Heat_unknown                                   -        -      -        -      Rules_Default_HVAC.rule
  260    6831    23   Default_HtPump_SplitHeatPump                           -        -      -        -      Rules_Default_HVAC.rule
      ---------------------------------------------------------------------------------------------------------
  261    6889    23   Default_HtPump_PkgTermHeatPump                         -        -      -        -      Rules_Default_HVAC.rule
  262    6930    23   Default_HtPump_SDHVSplitHeatPump                       -        -      -        -      Rules_Default_HVAC.rule
  263    6988    23   Default_HtPump_DuctlessMiniSplitHeatPump               -        -      -        -      Rules_Default_HVAC.rule
  264    7035    23   Default_HtPump_DuctlessVRFHeatPump                     -        -      -        -      Rules_Default_HVAC.rule
  265    7074    16   Default_HtPump_PkgHeatPump                             -        -      -        -      Rules_Default_HVAC.rule
      ---------------------------------------------------------------------------------------------------------
  266    7111     5   Default_HtPump_LrgPkgHeatPump                          -        -      -        -      Rules_Default_HVAC.rule
  267    7136    10   Default_HtPump_RoomHeatPump                            -        -      -        -      Rules_Default_HVAC.rule
  268    7157     7   Default_HtPump_AirToWaterHeatPump_OLD                  -        -      -        -      Rules_Default_HVAC.rule
  269    7172    15   Default_HtPump_AirToWaterHeatPump                      -        -      -        -      Rules_Default_HVAC.rule
  270    7209    19   Default_HtPump_HeatPumpDHWCombo                        -        -      -        -      Rules_Default_HVAC.rule
      ---------------------------------------------------------------------------------------------------------
  271    7259    23   Default_HtPump_GroundSourceHeatPump                    -        -      -        -      Rules_Default_HVAC.rule
  272    7311    35   Default_HtPump_VariableCapHeatPump                     -        -      -        -      Rules_Default_HVAC.rule
  273    7499    69   Default_HtPump_VariableCapHeatPump2                    -        -      -        -      Rules_Default_HVAC.rule
  274    7814    57   Default_HtPump_SplitHeatPumpPM                         -        -      -        -      Rules_Default_HVAC.rule
  275    8033    13   Default_HtPump_unknown                                 -        -      -        -      Rules_Default_HVAC.rule
      ---------------------------------------------------------------------------------------------------------
  276    8051     2   Default_HtPump_CaliforniaSEERtoEERFormula              -        -      -        -      Rules_Default_HVAC.rule
  277    8081     2   Default_Cool_CaliforniaSEERtoEERFormula                -        -      -        -      Rules_Default_HVAC.rule
  278    8109     1   Default_Cool_CaliforniaEERtoSEERFormula                -        -      -        -      Rules_Default_HVAC.rule
  279    8122     2   Default_HVACSys_StdCoolViaCaliforniaSEERtoEERFormula   T        -      -        -      Rules_Default_HVAC.rule
  280    8135     2   Default_HVACSys_StdCoolViaCaliforniaEERtoSEERFormula   T        -      -        -      Rules_Default_HVAC.rule
      ---------------------------------------------------------------------------------------------------------
  281    8146     2   Default_HVACSys_StdHtPumpCoolViaCaliforniaSEERtoEERFormula   T        -      -        -      Rules_Default_HVAC.rule
  282    8159     2   Default_HVACSys_StdHtPumpCoolViaCaliforniaEERtoSEERFormula   T        -      -        -      Rules_Default_HVAC.rule
  283    8170     2   Default_HVACSys_StdCool_Undefined                      T        -      -        -      Rules_Default_HVAC.rule
  284    8177     1   Default_Cool_None                                      -        -      -        -      Rules_Default_HVAC.rule
  285    8182    16   Default_Cool_SplitAirCondPM                            -        -      -        -      Rules_Default_HVAC.rule
      ---------------------------------------------------------------------------------------------------------
  286    8224    10   Default_Cool_SplitAirCond                              -        -      -        -      Rules_Default_HVAC.rule
  287    8254    10   Default_Cool_PkgTermAirCond                            -        -      -        -      Rules_Default_HVAC.rule
  288    8270    10   Default_Cool_SDHVSplitAirCond                          -        -      -        -      Rules_Default_HVAC.rule
  289    8302    10   Default_Cool_PkgAirCond                                -        -      -        -      Rules_Default_HVAC.rule
  290    8327     2   Default_Cool_LrgPkgAirCond                             -        -      -        -      Rules_Default_HVAC.rule
      ---------------------------------------------------------------------------------------------------------
  291    8350    10   Default_Cool_DuctlessMiniSplitAirCond                  -        -      -        -      Rules_Default_HVAC.rule
  292    8368    10   Default_Cool_DuctlessVRFAirCond                        -        -      -        -      Rules_Default_HVAC.rule
  293    8385    11   Default_Cool_RoomAirCond                               -        -      -        -      Rules_Default_HVAC.rule
  294    8409    11   Default_Cool_EvapCondenser                             -        -      -        -      Rules_Default_HVAC.rule
  295    8444     4   ForceDefaults_HVACCool_EvapCondenser                   T        -      -        T      Rules_Default_HVAC.rule
      ---------------------------------------------------------------------------------------------------------
  296    8452     4   ForceDefaults_HVACCool_EvapCondenser2                  T        -      -        T      Rules_Default_HVAC.rule
  297    8461     4   ForceDefaults_HVACHtPump_VCHP2_115DegreeInputs         T        -      -        T      Rules_Default_HVAC.rule
  298    8470     3   ForceDefault_AWHP_EffMetric                            T        -      T        T      Rules_Default_HVAC.rule
  299    8479    11   Default_Cool_unknown                                   -        -      -        -      Rules_Default_HVAC.rule
  300    8497     2   Default_Fan_PSCFurnace                                 -        -      -        -      Rules_Default_HVAC.rule
      ---------------------------------------------------------------------------------------------------------
  301    8522     3   Default_Fan_unknown                                    -        -      -        -      Rules_Default_HVAC.rule
  302    8545     1   ForceDefaults_HVACFan                                  T        -      -        T      Rules_Default_HVAC.rule
  303    8556     2   ForceDefaults_ClVentFan                                T        -      -        T      Rules_Default_HVAC.rule
  304    8566     8   SetupHVACCoolCF1RReportVariables                       T        -      -        T      Rules_Default_HVAC.rule
  305    8593    35   PostProposedInput_HVAC                                 T        -      -        -      Rules_Default_HVAC.rule
      ---------------------------------------------------------------------------------------------------------
  306    8841     1   ModelErrorCheckPrep                                    T        -      -        T      Rules_Default_HVAC.rule
  307    8854     2   MultiFamilyAnalysisPrep                                T        -      -        T      Rules_Default_HVAC.rule
  308    8877    47   OneTimeAnalysisPrep                                    T        -      -        T      Rules_Default_HVAC.rule
  309    9187     2   OneTimeAnalysisPrep_DwellUnitDHW                       T        -      -        T      Rules_Default_HVAC.rule
  310    9199    19   OneTimeAnalysisPrep_CreateDwellUnitDHW                 T        -      T        T      Rules_Default_HVAC.rule
      ---------------------------------------------------------------------------------------------------------
  311    9232     8   OneTimeAnalysisPrep_CreateDwellUnitDHW_AWHP            T        -      T        T      Rules_Default_HVAC.rule
  312    9247     9   OneTimeAnalysisPrep_CreateDwellUnitDHW_Normal          T        -      T        T      Rules_Default_HVAC.rule
  313    9265     9   SetupHVACSysDWHeater_GSHP                              T        -      T        -      Rules_Default_HVAC.rule
  314    9285     4   SetupHVACSysDWHeater_HeatPumpDHWCombo                  T        -      T        T      Rules_Default_HVAC.rule
  315    9308     5   SetupDefaultClVentFan                                  T        -      T        -      Rules_Default_HVAC.rule
      ---------------------------------------------------------------------------------------------------------
  316    9318     2   SetupCFIHVACSysClVentFan                               T        -      T        -      Rules_Default_HVAC.rule
  317    9323     2   SetupCFIHVACSysClVentFan_UserInputs                    T        -      T        -      Rules_Default_HVAC.rule
  318    9334     2   SetupDefaultIAQFan_1                                   T        -      T        -      Rules_Default_HVAC.rule
  319    9339     2   SetupDefaultIAQFan_2                                   T        -      T        -      Rules_Default_HVAC.rule
  320    9344     2   SetupDefaultIAQFan_3                                   T        -      T        -      Rules_Default_HVAC.rule
      ---------------------------------------------------------------------------------------------------------
  321    9349     2   SetupDefaultIAQFan_4                                   T        -      T        -      Rules_Default_HVAC.rule
  322    9354     2   SetupDefaultIAQFan_5                                   T        -      T        -      Rules_Default_HVAC.rule
  323    9359     2   SetupDefaultIAQFan_6                                   T        -      T        -      Rules_Default_HVAC.rule
  324    9364     2   SetupDefaultIAQFan_7                                   T        -      T        -      Rules_Default_HVAC.rule
  325    9369     2   SetupDefaultIAQFan_8                                   T        -      T        -      Rules_Default_HVAC.rule
      ---------------------------------------------------------------------------------------------------------
  326    9374     2   SetupDefaultIAQFan_9                                   T        -      T        -      Rules_Default_HVAC.rule
  327    9379     2   SetupDefaultIAQFan_10                                  T        -      T        -      Rules_Default_HVAC.rule
  328    9384     2   SetupDefaultIAQFan_11                                  T        -      T        -      Rules_Default_HVAC.rule
  329    9389     2   SetupDefaultIAQFan_12                                  T        -      T        -      Rules_Default_HVAC.rule
  330    9394     2   SetupDefaultIAQFan_13                                  T        -      T        -      Rules_Default_HVAC.rule
      ---------------------------------------------------------------------------------------------------------
  331    9399     2   SetupDefaultIAQFan_14                                  T        -      T        -      Rules_Default_HVAC.rule
  332    9404     2   SetupDefaultIAQFan_15                                  T        -      T        -      Rules_Default_HVAC.rule
  333    9409     2   SetupDefaultIAQFan_16                                  T        -      T        -      Rules_Default_HVAC.rule
  334    9414     9   SetupDefaultIAQFan_ALL                                 T        -      T        -      Rules_Default_HVAC.rule
  335    9436     4   Setup_HVACSys_Heat_CntrlFurnace                        T        -      T        T      Rules_Default_HVAC.rule
      ---------------------------------------------------------------------------------------------------------
  336    9453     4   Setup_HVACSys_Heat_WallFurnaceFan                      T        -      T        T      Rules_Default_HVAC.rule
  337    9469     4   Setup_HVACSys_Heat_Boiler                              T        -      T        T      Rules_Default_HVAC.rule
  338    9476     4   Setup_HVACSys_Heat_WoodHeat                            T        -      T        T      Rules_Default_HVAC.rule
  339    9483     4   Setup_HVACSys_Heat_WallFurnaceGravity                  T        -      T        T      Rules_Default_HVAC.rule
  340    9499     4   Setup_HVACSys_Heat_FloorFurnace                        T        -      T        T      Rules_Default_HVAC.rule
      ---------------------------------------------------------------------------------------------------------
  341    9515     4   Setup_HVACSys_Heat_RoomHeater                          T        -      T        T      Rules_Default_HVAC.rule
  342    9531     4   Setup_HVACSys_Heat_Electric                            T        -      T        T      Rules_Default_HVAC.rule
  343    9538     4   Setup_HVACSys_Heat_CombHydro                           T        -      T        T      Rules_Default_HVAC.rule
  344    9556     3   Setup_HVACHeat_CntrlFurnace                            T        -      T        T      Rules_Default_HVAC.rule
  345    9562     3   Setup_HVACHeat_WallFurnaceFan                          T        -      T        T      Rules_Default_HVAC.rule
      ---------------------------------------------------------------------------------------------------------
  346    9568     3   Setup_HVACHeat_Boiler                                  T        -      T        T      Rules_Default_HVAC.rule
  347    9574     3   Setup_HVACHeat_WallFurnaceGravity                      T        -      T        T      Rules_Default_HVAC.rule
  348    9580     3   Setup_HVACHeat_FloorFurnace                            T        -      T        T      Rules_Default_HVAC.rule
  349    9586     3   Setup_HVACHeat_RoomHeater                              T        -      T        T      Rules_Default_HVAC.rule
  350    9592     3   Setup_HVACHeat_Electric                                T        -      T        T      Rules_Default_HVAC.rule
      ---------------------------------------------------------------------------------------------------------
  351    9598     3   Setup_HVACHeat_CombHydro                               T        -      T        T      Rules_Default_HVAC.rule
  352    9608    40   SwitchSystemToHeatPump                                 T        -      T        -      Rules_Default_HVAC.rule
  353    9678     5   Setup_HVACSys_SplitHeatPumpPM                          T        -      T        -      Rules_Default_HVAC.rule
  354    9686     3   Setup_HVACSys_SplitHeatPumpPM_PropEqStd                T        -      T        -      Rules_Default_HVAC.rule
  355    9706     4   Setup_HVACSys_SplitAirCondPM                           T        -      T        -      Rules_Default_HVAC.rule
      ---------------------------------------------------------------------------------------------------------
  356    9713     3   Setup_HVACSys_SplitAirCondPM_PropEqStd                 T        -      T        -      Rules_Default_HVAC.rule
  357    9734    17   Setup_HVACSys_HtPump_SplitHeatPump                     T        -      T        T      Rules_Default_HVAC.rule
  358    9788    17   Setup_HVACSys_HtPump_SDHVSplitHeatPump                 T        -      T        T      Rules_Default_HVAC.rule
  359    9837    25   Setup_HVACSys_HtPump_DuctlessMiniSplitHeatPump         T        -      T        T      Rules_Default_HVAC.rule
  360    9904     3   Setup_HVACSys_HtPump_RoomHeatPump                      T        -      T        T      Rules_Default_HVAC.rule
      ---------------------------------------------------------------------------------------------------------
  361    9915     3   Setup_HVACHtPump_SplitHeatPump                         T        -      T        T      Rules_Default_HVAC.rule
  362    9921     3   Setup_HVACHtPump_DuctlessMiniSplitHeatPump             T        -      T        T      Rules_Default_HVAC.rule
  363    9927     3   Setup_HVACHtPump_RoomHeatPump                          T        -      T        T      Rules_Default_HVAC.rule
  364    9936    12   Setup_HVACSys_Cool_SplitAirCond                        T        -      T        T      Rules_Default_HVAC.rule
  365   10078    14   Setup_HVACSys_Cool_RoomAirCond                         T        -      T        T      Rules_Default_HVAC.rule
      ---------------------------------------------------------------------------------------------------------
  366   10192    12   Setup_HVACSys_Cool_SplitHeatPump                       T        -      T        T      Rules_Default_HVAC.rule
  367   10337    14   Setup_HVACSys_Cool_RoomHeatPump                        T        -      T        T      Rules_Default_HVAC.rule
  368   10442     9   Setup_HVACSys_ProposedVCHP                             T        -      T        T      Rules_Default_HVAC.rule
  369   10477     4   Setup_HVACCool_SplitAirCond                            T        -      T        T      Rules_Default_HVAC.rule
  370   10539     4   ForceDefault_HVACCool_EER                              T        -      -        T      Rules_Default_HVAC.rule
      ---------------------------------------------------------------------------------------------------------
  371   10573     2   ForceDefault_HVACCool_EER2                             T        -      -        T      Rules_Default_HVAC.rule
  372   10600     3   ForceDefault_HVACHtPump_EER                            T        -      -        T      Rules_Default_HVAC.rule
  373   10633     1   ForceDefault_HVACHtPump_EER2                           T        -      -        T      Rules_Default_HVAC.rule
  374   10656     1   ForceDefault_Proj_ACH50                                T        -      -        T      Rules_Default_HVAC.rule
  375   10663     3   ForceDefault_Zone_HVAC                                 T        -      -        T      Rules_Default_HVAC.rule
      ---------------------------------------------------------------------------------------------------------
  376   10679     1   Blast_HVACHtPump_CFMperTon                             T        -      -        T      Rules_Default_HVAC.rule
  377   10683     1   Blast_HVACCool_CFMperTon                               T        -      -        T      Rules_Default_HVAC.rule
  378   10689     1   Blast_HVACCool_IsMultiSpeed                            T        -      -        T      Rules_Default_HVAC.rule
  379   10697     2   ForceReset_HeatSystem_1                                T        -      -        T      Rules_Default_HVAC.rule
  380   10701     2   ForceReset_HeatSystem_2                                T        -      -        T      Rules_Default_HVAC.rule
      ---------------------------------------------------------------------------------------------------------
  381   10705     2   ForceReset_HeatSystem_3                                T        -      -        T      Rules_Default_HVAC.rule
  382   10709     2   ForceReset_HeatSystem_4                                T        -      -        T      Rules_Default_HVAC.rule
  383   10713     2   ForceReset_HeatSystem_5                                T        -      -        T      Rules_Default_HVAC.rule
  384   10717     2   ForceReset_HeatSystem_6                                T        -      -        T      Rules_Default_HVAC.rule
  385   10721     2   ForceReset_HeatSystem_7                                T        -      -        T      Rules_Default_HVAC.rule
      ---------------------------------------------------------------------------------------------------------
  386   10725     2   ForceReset_HeatSystem_8                                T        -      -        T      Rules_Default_HVAC.rule
  387   10729     2   ForceReset_HeatSystem_9                                T        -      -        T      Rules_Default_HVAC.rule
  388   10733     2   ForceReset_HeatSystem_10                               T        -      -        T      Rules_Default_HVAC.rule
  389   10738     2   ForceReset_CoolSystem_1                                T        -      -        T      Rules_Default_HVAC.rule
  390   10742     2   ForceReset_CoolSystem_2                                T        -      -        T      Rules_Default_HVAC.rule
      ---------------------------------------------------------------------------------------------------------
  391   10746     2   ForceReset_CoolSystem_3                                T        -      -        T      Rules_Default_HVAC.rule
  392   10750     2   ForceReset_CoolSystem_4                                T        -      -        T      Rules_Default_HVAC.rule
  393   10754     2   ForceReset_CoolSystem_5                                T        -      -        T      Rules_Default_HVAC.rule
  394   10758     2   ForceReset_CoolSystem_6                                T        -      -        T      Rules_Default_HVAC.rule
  395   10762     2   ForceReset_CoolSystem_7                                T        -      -        T      Rules_Default_HVAC.rule
      ---------------------------------------------------------------------------------------------------------
  396   10766     2   ForceReset_CoolSystem_8                                T        -      -        T      Rules_Default_HVAC.rule
  397   10770     2   ForceReset_CoolSystem_9                                T        -      -        T      Rules_Default_HVAC.rule
  398   10774     2   ForceReset_CoolSystem_10                               T        -      -        T      Rules_Default_HVAC.rule
  399   10779     2   ForceReset_HtPumpSystem_1                              T        -      -        T      Rules_Default_HVAC.rule
  400   10783     2   ForceReset_HtPumpSystem_2                              T        -      -        T      Rules_Default_HVAC.rule
      ---------------------------------------------------------------------------------------------------------
  401   10787     2   ForceReset_HtPumpSystem_3                              T        -      -        T      Rules_Default_HVAC.rule
  402   10791     2   ForceReset_HtPumpSystem_4                              T        -      -        T      Rules_Default_HVAC.rule
  403   10795     2   ForceReset_HtPumpSystem_5                              T        -      -        T      Rules_Default_HVAC.rule
  404   10799     2   ForceReset_HtPumpSystem_6                              T        -      -        T      Rules_Default_HVAC.rule
  405   10803     2   ForceReset_HtPumpSystem_7                              T        -      -        T      Rules_Default_HVAC.rule
      ---------------------------------------------------------------------------------------------------------
  406   10807     2   ForceReset_HtPumpSystem_8                              T        -      -        T      Rules_Default_HVAC.rule
  407   10811     2   ForceReset_HtPumpSystem_9                              T        -      -        T      Rules_Default_HVAC.rule
  408   10815     2   ForceReset_HtPumpSystem_10                             T        -      -        T      Rules_Default_HVAC.rule
  409   10823     2   ForceReset_DwellUnitType_HeatEquip_1                   T        -      -        T      Rules_Default_HVAC.rule
  410   10827     2   ForceReset_DwellUnitType_HeatEquip_2                   T        -      -        T      Rules_Default_HVAC.rule
      ---------------------------------------------------------------------------------------------------------
  411   10831     2   ForceReset_DwellUnitType_HeatEquip_3                   T        -      -        T      Rules_Default_HVAC.rule
  412   10835     2   ForceReset_DwellUnitType_HeatEquip_4                   T        -      -        T      Rules_Default_HVAC.rule
  413   10839     2   ForceReset_DwellUnitType_HeatEquip_5                   T        -      -        T      Rules_Default_HVAC.rule
  414   10844     2   ForceReset_DwellUnitType_CoolEquip_1                   T        -      -        T      Rules_Default_HVAC.rule
  415   10848     2   ForceReset_DwellUnitType_CoolEquip_2                   T        -      -        T      Rules_Default_HVAC.rule
      ---------------------------------------------------------------------------------------------------------
  416   10852     2   ForceReset_DwellUnitType_CoolEquip_3                   T        -      -        T      Rules_Default_HVAC.rule
  417   10856     2   ForceReset_DwellUnitType_CoolEquip_4                   T        -      -        T      Rules_Default_HVAC.rule
  418   10860     2   ForceReset_DwellUnitType_CoolEquip_5                   T        -      -        T      Rules_Default_HVAC.rule
  419   10865     2   ForceReset_DwellUnitType_HtPumpEquip_1                 T        -      -        T      Rules_Default_HVAC.rule
  420   10869     2   ForceReset_DwellUnitType_HtPumpEquip_2                 T        -      -        T      Rules_Default_HVAC.rule
      ---------------------------------------------------------------------------------------------------------
  421   10873     2   ForceReset_DwellUnitType_HtPumpEquip_3                 T        -      -        T      Rules_Default_HVAC.rule
  422   10877     2   ForceReset_DwellUnitType_HtPumpEquip_4                 T        -      -        T      Rules_Default_HVAC.rule
  423   10881     2   ForceReset_DwellUnitType_HtPumpEquip_5                 T        -      -        T      Rules_Default_HVAC.rule
  424   10888     2   ForceReset_IAQFan_SensRecovEff                         T        -      -        T      Rules_Default_HVAC.rule
  425   10895     2   ForceOn_IAQFan_IncludesRecov                           T        -      T        -      Rules_Default_HVAC.rule
      ---------------------------------------------------------------------------------------------------------
  426   10902     1   ForceReset_IAQFan_IAQRecovEffect                       T        -      -        T      Rules_Default_HVAC.rule
  427   10908     3   Interpolate_IAQFan_SRE_ASRE                            T        -      -        T      Rules_Default_HVAC.rule
  428   10921     2   BlastDwellingUnit                                      T        -      -        T      Rules_Default_HVAC.rule
  429   10932     4   ResetZoneStatus_New                                    T        -      -        -      Rules_Default_HVAC.rule
  430   10966    28   ResetEnvelopeObjectStatus_New                          T        -      -        -      Rules_Default_HVAC.rule
      ---------------------------------------------------------------------------------------------------------
  431   11192    14   ResetMechStatus_New                                    T        -      -        -      Rules_Default_HVAC.rule
  432   11294     6   SetupDwellUnitType_AreaServed                          T        -      -        -      Rules_Default_HVAC.rule
  433   11320     4   Blast_Zone_HVACSys_Assignments                         T        -      -        -      Rules_Default_HVAC.rule
  434   11329     1   BlastUserInput_HVACSys_ServesAsDHWHtr                  T        -      -        -      Rules_Default_HVAC.rule
  435   11335     2   Blast_HVACHeat_HaveElecSpcHtgExcpt                     T        -      -        -      Rules_Default_HVAC.rule
      ---------------------------------------------------------------------------------------------------------
  436   11342     1   Blast_HVACHtPump_HSPF2                                 T        -      -        -      Rules_Default_HVAC.rule
  437   11346     1   Blast_HVACHtPump_SEER2                                 T        -      -        -      Rules_Default_HVAC.rule
  438   11350     1   Blast_HVACHtPump_EER2                                  T        -      -        -      Rules_Default_HVAC.rule
  439   11356     5   ForceDefault_HVACHtPump_Capacities_HeatPumpV3          T        -      -        -      Rules_Default_HVAC.rule
  440   11366     1   Blast_HVACCool_SEER2                                   T        -      -        -      Rules_Default_HVAC.rule
      ---------------------------------------------------------------------------------------------------------
  441   11370     1   Blast_HVACCool_EER2                                    T        -      -        -      Rules_Default_HVAC.rule
  442      37   326   ProposedInput_DHWEquipment                             -        -      -        T      Rules_Default_DHW.rule
  443    2293     6   PostProposedInput_CentralHPWH                          T        -      T        T      Rules_Default_DHW.rule
  444    2306     7   PostProposedInput_CentralHPWH_Large                    T        -      T        T      Rules_Default_DHW.rule
  445    2378     5   PostProposedInput_CentralHPWH_Small                    T        -      T        T      Rules_Default_DHW.rule
      ---------------------------------------------------------------------------------------------------------
  446    2417     9   PostProposedInput_CentralHPWH_LargeAndSmall            T        -      T        T      Rules_Default_DHW.rule
  447    2452     6   DHWHeater_Default_HPWHFlags                            -        -      -        T      Rules_Default_DHW.rule
  448    2475     2   DHWHeater_HPWHFlagIssue                                T        -      -        T      Rules_Default_DHW.rule
  449    2479     2   DHWHeater_Force_HPWHCategory_FromHPWHFlags             T        -      T        -      Rules_Default_DHW.rule
  450    2487     2   DHWHeater_Force_HPWHFlagReset                          T        -      -        T      Rules_Default_DHW.rule
      ---------------------------------------------------------------------------------------------------------
  451    2491     3   DHWHeater_Default_HPWHFlags_Before190200               -        -      -        T      Rules_Default_DHW.rule
  452    2499     1   DHWHeater_Force_HPWHBrand_NA                           T        -      -        -      Rules_Default_DHW.rule
  453    2506    12   Default_DHWSolarSys                                    -        -      -        T      Rules_Default_DHW.rule
  454    2615     1   ProposedInput_DHWCompactDistribution_Blast             T        -      -        -      Rules_Default_DHW.rule
  455    2624    23   ProposedInput_DHWCompactDistribution                   -        -      -        T      Rules_Default_DHW.rule
      ---------------------------------------------------------------------------------------------------------
  456    2751    26   ProposedInput_DHWCompactDistribution_SFam              -        -      -        T      Rules_Default_DHW.rule
  457    2947     1   DHWSysCompactDistrib_ConvertTo2019                     T        -      T        -      Rules_Default_DHW.rule
  458    2953     0   DHWSysCompactDistrib_BlastForMFamCentral               T        -      T        -      Rules_Default_DHW.rule
  459    2960     0   DHWSysCompactDistrib_BlastForMFamNonCentralRecirc      T        -      T        -      Rules_Default_DHW.rule
  460    2970    13   ProposedInput_DHW_Project                              -        -      -        T      Rules_Default_DHW.rule
      ---------------------------------------------------------------------------------------------------------
  461    3051     4   Refresh_DHWSolarSys_ServedAreaDUsBRs                   T        -      -        T      Rules_Default_DHW.rule
  462    3065     6   ForceDefault_DHWHeater_ASHPType                        T        -      T        -      Rules_Default_DHW.rule
  463    3074     1   BackwardCompat_DHWHeater_ASHPType                      T        -      T        -      Rules_Default_DHW.rule
  464    3078     3   BackwardCompat_ASHPType_to_HPWHModel                   T        -      T        -      Rules_Default_DHW.rule
  465    3121     2   BackwardCompat_SimTypeHPWHModel_to_BrandHPWHModel      T        -      T        -      Rules_Default_DHW.rule
      ---------------------------------------------------------------------------------------------------------
  466    3163     2   Force_ASHPTankOutside_to_TankOutside                   T        -      T        -      Rules_Default_DHW.rule
  467    3169     2   Force_ASHPTankZone_to_TankZone                         T        -      T        -      Rules_Default_DHW.rule
  468    3179    19   BlastInputs_CSEDHW_RecircLoops                         T        -      -        T      Rules_Default_DHW.rule
  469    3203     2   BlastInputs_OldShwrDrnHtRecov                          T        -      -        T      Rules_Default_DHW.rule
  470    3210     6   Blast_DHWSys_CSEWaterUseWasteFactor                    T        -      -        -      Rules_Default_DHW.rule
      ---------------------------------------------------------------------------------------------------------
  471    3221     1   Blast_DHWSys_NewSmConsInstElecExcept                   T        -      -        -      Rules_Default_DHW.rule
  472    3225     1   Force_DHWSys_SystemType_POU_NewSmConsInstElecExcept    T        -      T        T      Rules_Default_DHW.rule
  473    3231     1   ForceDefault_DHWSys_DistribSysMult                     T        -      -        -      Rules_Default_DHW.rule
  474    3306    10   ForceDefault_ShowerDrainHeatRecov_SFam                 T        -      T        -      Rules_Default_DHW.rule
  475    3338     2   ForceDefault_ShowerDrainHeatRecov_SFam_Equal           T        -      T        -      Rules_Default_DHW.rule
      ---------------------------------------------------------------------------------------------------------
  476    3342     2   ForceDefault_ShowerDrainHeatRecov_SFam_UneqWHtr        T        -      T        -      Rules_Default_DHW.rule
  477    3346     2   ForceDefault_ShowerDrainHeatRecov_SFam_UneqShwr        T        -      T        -      Rules_Default_DHW.rule
  478    3350     2   ForceDefault_ShowerDrainHeatRecov_SFam_None            T        -      T        -      Rules_Default_DHW.rule
  479    3355     7   Remove_ShowerDrainHeatRecov_SFam                       T        -      -        -      Rules_Default_DHW.rule
  480    3373     4   ForceDefault_CompactDistribution_SFam                  T        -      T        -      Rules_Default_DHW.rule
      ---------------------------------------------------------------------------------------------------------
  481    3422     6   ForceDefault_CompactDistribution_SFam_DHWSys_ServeAll   T        -      T        -      Rules_Default_DHW.rule
  482    3431     6   ForceDefault_CompactDistribution_SFam_DHWSys_NoCompact   T        -      T        -      Rules_Default_DHW.rule
  483    3472     1   ForceReset_DHWHeater_RecovEff                          T        -      -        -      Rules_Default_DHW.rule
  484    3476     1   ForceReset_DHWHeater_InputRating                       T        -      -        -      Rules_Default_DHW.rule
  485    3480     4   GasDHWHeater_ConvertToNew_ConsumerInstantaneousUEF     T        -      -        -      Rules_Default_DHW.rule
      ---------------------------------------------------------------------------------------------------------
  486    3490     4   ForceReset_DHWHeaterPerformance_ConsumerInstantaneousUEF   T        -      -        T      Rules_Default_DHW.rule
  487    3499     6   ForceDefault_DHWSys_HeaterMultFlt                      T        -      -        -      Rules_Default_DHW.rule
  488    3511     5   CheckForUpdateNeeded_DHWHeater_OldTankType             -        -      -        T      Rules_Default_DHW.rule
  489    3533     2   ForceUpdate_DHWHeater_OldTankType                      T        -      T        T      Rules_Default_DHW.rule
  490    3562     1   ForceReset_DHWSys_NewCentralElecModel                  T        -      -        T      Rules_Default_DHW.rule
      ---------------------------------------------------------------------------------------------------------
  491    3568     1   ForceReset_DHWSys_UseMaxDurNumHtrs                     T        -      -        T      Rules_Default_DHW.rule
  492    3574     1   ForceReset_DHWSys_CentralDHWType                       T        -      -        -      Rules_Default_DHW.rule
  493    3580     5   ForceReset_DHWSys_DHWHeaters_2thru6                    T        -      -        -      Rules_Default_DHW.rule
  494    3588     1   ForceReset_DHWSys_DHWHeaters_1                         T        -      -        -      Rules_Default_DHW.rule
  495    3594     1   ForceReset_DHWHeater_TankVolume                        T        -      -        -      Rules_Default_DHW.rule
      ---------------------------------------------------------------------------------------------------------
  496    3601     1   ForceDefault_DHWSys_CHPWHNumCompFlt                    T        -      -        -      Rules_Default_DHW.rule
  497    3607     2   ForceDefault_DHWSys_CHPWHLoopTankResCtrls              T        -      -        -      Rules_Default_DHW.rule
  498    3614     2   Blast_CHPWH_TankSetpoints                              T        -      -        -      Rules_Default_DHW.rule
  499    3622     1   DHWSys_Blast_DemResponsive                             T        -      -        -      Rules_Default_DHW.rule
  500    3628     1   Blast_DHWHeater_JA13UICompliance                       T        -      -        -      Rules_Default_DHW.rule
      ---------------------------------------------------------------------------------------------------------
  501    3635     3   BackwardCompat_DHWSys_CHPWH                            T        -      T        -      Rules_Default_DHW.rule
  502    3648     1   BlastInputs_DHWSolarSys_Count                          T        -      -        T      Rules_Default_DHW.rule
  503    3651     1   BlastInputs_DHWSolarSys_CountFlt                       T        -      -        T      Rules_Default_DHW.rule
  504    3658  1352   SetupDemRespSched_DHWSys                               T        -      T        T      Rules_Default_DHW.rule
  505      38    37   ProposedInput_EAA_Shell                                -        -      -        T      Rules_Default_EAA.rule
      ---------------------------------------------------------------------------------------------------------
  506      93    23   ProposedInput_EAA_HVAC                                 -        -      -        T      Rules_Default_EAA.rule
  507     171     1   Blast_Fan_exWperCFMCool                                T        -      -        T      Rules_Default_EAA.rule
  508     177     3   ForceDefaults_Proj_Status                              T        -      -        T      Rules_Default_EAA.rule
  509     184     3   ForceDefaults_Zone_Status                              T        -      -        T      Rules_Default_EAA.rule
  510     192    13   ForceDefaults_ExtWall_Status                           T        -      -        T      Rules_Default_EAA.rule
      ---------------------------------------------------------------------------------------------------------
  511     258     4   ForceDefaults_Win_Status                               T        -      -        T      Rules_Default_EAA.rule
  512     266     4   ForceDefaults_Door_Status                              T        -      -        T      Rules_Default_EAA.rule
  513     274     6   ForceDefaults_ExteriorFloor_Status                     T        -      -        T      Rules_Default_EAA.rule
  514     287     6   ForceDefaults_FloorOverCrawl_Status                    T        -      -        T      Rules_Default_EAA.rule
  515     300     7   ForceDefaults_CathedralCeiling_Status                  T        -      -        T      Rules_Default_EAA.rule
      ---------------------------------------------------------------------------------------------------------
  516     314     6   ForceDefaults_CeilingBelowAttic_Status                 T        -      -        T      Rules_Default_EAA.rule
  517     327     6   ForceDefaults_InteriorCeiling_Status                   T        -      -        T      Rules_Default_EAA.rule
  518     340     6   ForceDefaults_IntWall_Status                           T        -      -        T      Rules_Default_EAA.rule
  519     353     6   ForceDefaults_UndWall_Status                           T        -      -        T      Rules_Default_EAA.rule
  520     366     6   ForceDefaults_InteriorFloor_Status                     T        -      -        T      Rules_Default_EAA.rule
      ---------------------------------------------------------------------------------------------------------
  521     379     6   ForceDefaults_UndFloor_Status                          T        -      -        T      Rules_Default_EAA.rule
  522     392     4   ForceDefaults_SlabFloor_Status                         T        -      -        T      Rules_Default_EAA.rule
  523     400     5   ForceDefaults_Attic_Status                             T        -      -        T      Rules_Default_EAA.rule
  524     409     4   ForceDefaults_Skylt_Status                             T        -      -        T      Rules_Default_EAA.rule
  525     419     2   Force_ExtWall_Exception_WallExt                        T        -      T        T      Rules_Default_EAA.rule
      ---------------------------------------------------------------------------------------------------------
  526     425     1   ForceReset_ExtWall_IsWoodFrmdWallExt                   T        -      -        T      Rules_Default_EAA.rule
  527     430     1   ForceReset_ExtWall_Exception                           T        -      -        T      Rules_Default_EAA.rule
  528     437    69   ForceDefaults_HVACSys_Status                           T        -      -        T      Rules_Default_EAA.rule
  529     700     3   ForceDefaults_HVACHeat_Status                          T        -      -        T      Rules_Default_EAA.rule
  530     708     3   Initialize_HVACCool_Status                             T        -      -        T      Rules_Default_EAA.rule
      ---------------------------------------------------------------------------------------------------------
  531     722     3   Initialize_HVACHtPump_Status                           T        -      -        T      Rules_Default_EAA.rule
  532     744     4   ForceDefaults_HVACDist_Status                          T        -      -        T      Rules_Default_EAA.rule
  533     752     4   ForceDefaults_DHWSys_Status                            T        -      -        T      Rules_Default_EAA.rule
  534     760     3   ForceDefaults_DHWHeater_Status                         T        -      -        T      Rules_Default_EAA.rule
  535      37   123   ProposedInput_PVSystem                                 -        -      -        T      Rules_Default_PV.rule
      ---------------------------------------------------------------------------------------------------------
  536     706    15   Default_PVArray_OrientationLocation_1                  -        -      -        T      Rules_Default_PV.rule
  537     894    15   Default_PVArray_OrientationLocation_2                  -        -      -        T      Rules_Default_PV.rule
  538    1082    15   Default_PVArray_OrientationLocation_3                  -        -      -        T      Rules_Default_PV.rule
  539    1270    15   Default_PVArray_OrientationLocation_4                  -        -      -        T      Rules_Default_PV.rule
  540    1458    15   Default_PVArray_OrientationLocation_5                  -        -      -        T      Rules_Default_PV.rule
      ---------------------------------------------------------------------------------------------------------
  541    1648     1   Delete_Proj_PolyLp_Children                            T        -      -        -      Rules_Default_PV.rule
  542    1655     3   Create_PVArrayPolyLp_1                                 T        -      -        -      Rules_Default_PV.rule
  543    1673     3   Create_PVArrayPolyLp_2                                 T        -      -        -      Rules_Default_PV.rule
  544    1691     3   Create_PVArrayPolyLp_3                                 T        -      -        -      Rules_Default_PV.rule
  545    1709     3   Create_PVArrayPolyLp_4                                 T        -      -        -      Rules_Default_PV.rule
      ---------------------------------------------------------------------------------------------------------
  546    1727     3   Create_PVArrayPolyLp_5                                 T        -      -        -      Rules_Default_PV.rule
  547    1747    22   ProposedInput_PVCompCredit                             -        -      -        T      Rules_Default_PV.rule
  548    1889     2   Force_2016PVCreditOn                                   T        -      T        T      Rules_Default_PV.rule
  549    1901     1   ForceDefault_Proj_PVCompCredit                         T        -      -        T      Rules_Default_PV.rule
  550    1909     3   BlastInputs_ReducedPVReq                               T        -      T        -      Rules_Default_PV.rule
      ---------------------------------------------------------------------------------------------------------
  551    1919    10   BlastInputs_PVWInputs_Simplified_2016                  T        -      -        -      Rules_Default_PV.rule
  552    1932     5   BlastInputs_PVWInputs_Simplified                       T        -      -        -      Rules_Default_PV.rule
  553    1946     4   BlastInputs_PVWCalFlexInstall_1                        T        -      -        -      Rules_Default_PV.rule
  554    1953     4   BlastInputs_PVWCalFlexInstall_2                        T        -      -        -      Rules_Default_PV.rule
  555    1960     4   BlastInputs_PVWCalFlexInstall_3                        T        -      -        -      Rules_Default_PV.rule
      ---------------------------------------------------------------------------------------------------------
  556    1967     4   BlastInputs_PVWCalFlexInstall_4                        T        -      -        -      Rules_Default_PV.rule
  557    1974     4   BlastInputs_PVWCalFlexInstall_5                        T        -      -        -      Rules_Default_PV.rule
  558    1981     5   Force_PVWArrayType_to_FixedOpenRack                    T        -      -        T      Rules_Default_PV.rule
  559    1994     1   Force_PVRatedPower_to_PVWDCSysTotal                    T        -      -        T      Rules_Default_PV.rule
  560    1998     1   BlastInputs_PVWArrayTiltPitch_1                        T        -      -        T      Rules_Default_PV.rule
      ---------------------------------------------------------------------------------------------------------
  561    2001     1   BlastInputs_PVWArrayTiltPitch_2                        T        -      -        T      Rules_Default_PV.rule
  562    2004     1   BlastInputs_PVWArrayTiltPitch_3                        T        -      -        T      Rules_Default_PV.rule
  563    2007     1   BlastInputs_PVWArrayTiltPitch_4                        T        -      -        T      Rules_Default_PV.rule
  564    2010     1   BlastInputs_PVWArrayTiltPitch_5                        T        -      -        T      Rules_Default_PV.rule
  565    2014     1   BlastInputs_PVWArrayTiltDeg_1                          T        -      -        T      Rules_Default_PV.rule
      ---------------------------------------------------------------------------------------------------------
  566    2017     1   BlastInputs_PVWArrayTiltDeg_2                          T        -      -        T      Rules_Default_PV.rule
  567    2020     1   BlastInputs_PVWArrayTiltDeg_3                          T        -      -        T      Rules_Default_PV.rule
  568    2023     1   BlastInputs_PVWArrayTiltDeg_4                          T        -      -        T      Rules_Default_PV.rule
  569    2026     1   BlastInputs_PVWArrayTiltDeg_5                          T        -      -        T      Rules_Default_PV.rule
  570    2033     5   Set_Proj_PVWDCSysScldTotRnd                            T        -      -        -      Rules_Default_PV.rule
      ---------------------------------------------------------------------------------------------------------
  571    2051     5   Set_Proj_PVWDCSysScldTotRnd_by_PropDesignPVTot         T        -      -        -      Rules_Default_PV.rule
  572    2072     2   ForceSwitch_PVWCalFlexInstType_1                       T        -      T        -      Rules_Default_PV.rule
  573    2077     2   ForceSwitch_PVWCalFlexInstType_2                       T        -      T        -      Rules_Default_PV.rule
  574    2082     2   ForceSwitch_PVWCalFlexInstType_3                       T        -      T        -      Rules_Default_PV.rule
  575    2087     2   ForceSwitch_PVWCalFlexInstType_4                       T        -      T        -      Rules_Default_PV.rule
      ---------------------------------------------------------------------------------------------------------
  576    2092     2   ForceSwitch_PVWCalFlexInstType_5                       T        -      T        -      Rules_Default_PV.rule
  577    2101     2   ForceOff_UseCommunitySolar                             T        -      T        -      Rules_Default_PV.rule
  578    2106    10   CommunitySolar_BlastConflictingInputs                  T        -      T        T      Rules_Default_PV.rule
  579    2120    13   CommunitySolar_RedefaultPVInputs                       T        -      -        -      Rules_Default_PV.rule
  580    2136    11   CommunitySolar_SMUD_NSS_Wildflower                     T        -      T        -      Rules_Default_PV.rule
      ---------------------------------------------------------------------------------------------------------
  581      37    44   ProposedInput_Battery                                  -        -      -        T      Rules_Default_Battery.rule
  582     299     4   ForceDefault_PropPVRatioInputs                         T        -      -        T      Rules_Default_Battery.rule
  583     325     2   ForceDefault_BatteryRates                              T        -      -        T      Rules_Default_Battery.rule
  584     332     1   ForceDefault_PVSizeMultiplier                          T        -      -        T      Rules_Default_Battery.rule
  585     338     1   ForceOff_BattGridHarmCredit                            T        -      -        T      Rules_Default_Battery.rule
      ---------------------------------------------------------------------------------------------------------
  586     342     1   ForceOn_BattGridHarmCredit                             T        -      -        T      Rules_Default_Battery.rule
  587     349     1   ForceDefault_SimStandaloneBatt                         T        -      -        T      Rules_Default_Battery.rule
  588     357     1   ForceDefault_StandaloneChgStartHr                      T        -      -        T      Rules_Default_Battery.rule
  589     364     4   ForceDefault_TDVSummerPkFirstHr_StandaloneChgStartHr_TOUStartMonth_TOUEndMonth   T        -      -        -      Rules_Default_Battery.rule
  590       2     1   Set_RuleRepoRev                                        T        -      -        T      RuleRepoRev.rule
      ---------------------------------------------------------------------------------------------------------
  591      50     8   SetupRun_ProposedFlexibility                           T        -      T        T      ProposedFlexibility.rule
  592      37     1   Default_StandardMixedFuel                              -        -      -        T      StandardMixedFuel.rule
  593     102    37   SetupRun_StandardMixedFuel                             T        -      T        T      StandardMixedFuel.rule
  594     282     6   SetupRun_ReplaceA2WHPDHWHtrWithGas_SFam                T        -      T        T      StandardMixedFuel.rule
  595     311    19   SetupRun_ReplaceA2WHPDHWHtrWithGas_MFam                T        -      T        T      StandardMixedFuel.rule
      ---------------------------------------------------------------------------------------------------------
  596     343    12   SetupRun_ConvertHtPumpHVACSysToACFurn_SFam             T        -      T        T      StandardMixedFuel.rule
  597     381    11   SetupRun_ConvertHtPumpHVACSysToACFurn_MFam             T        -      T        T      StandardMixedFuel.rule
  598     418     6   SetupRun_ConvertHVACSysHtgToGasFurn_SFam               T        -      T        T      StandardMixedFuel.rule
  599     438     6   SetupRun_ConvertHVACSysHtgToGasFurn_MFam               T        -      T        T      StandardMixedFuel.rule
  600     461     2   SetupRun_ConvertDHWHtrToGasLrgInst                     T        -      T        T      StandardMixedFuel.rule
      ---------------------------------------------------------------------------------------------------------
  601     466     2   SetupRun_ConvertDHWHtrToGasLrgStor                     T        -      T        T      StandardMixedFuel.rule
  602     471     1   SetupRun_ConvertDHWHtrToGas                            T        -      T        T      StandardMixedFuel.rule
  603      38    41   CUAC_Default_Always                                    -        -      -        T      Rules_CUAC.rule
  604     290   153   CUAC_ZoneUnitCounts                                    -        -      -        T      Rules_CUAC.rule
  605     595    49   CUAC_ZoneUnitCounts_OldCUAC                            -        -      -        T      Rules_CUAC.rule
      ---------------------------------------------------------------------------------------------------------
  606     805    17   CUAC_InputErrorCheck                                   -        -      -        T      Rules_CUAC.rule
  607    1151     1   SetCUACErrorInfo_GasTariffReqd                         -        -      -        T      Rules_CUAC.rule
  608    1173     1   CUAC_DefaultGenXRates                                  -        -      -        T      Rules_CUAC.rule
  609    1186    24   CUAC_DefaultGen2Rates                                  -        -      -        T      Rules_CUAC.rule
  610    1545    15   CUAC_DeleteCPRRates                                    T        -      -        T      Rules_CUAC.rule
      ---------------------------------------------------------------------------------------------------------
  611    1567     2   CUAC_SetupGen1ElecRate                                 T        -      -        T      Rules_CUAC.rule
  612    1576     2   CUAC_SetupGen1GasRate                                  T        -      -        T      Rules_CUAC.rule
  613    1588    33   CUAC_SetupRate_Elec                                    T        -      -        T      Rules_CUAC.rule
  614    1618    33   CUAC_SetupRate_Gas                                     T        -      -        T      Rules_CUAC.rule
  615    1650     1   CUAC_MapOldCUACElecUtility                             T        -      T        T      Rules_CUAC.rule
      ---------------------------------------------------------------------------------------------------------
  616    1655     1   CUAC_MapOldCUACGasUtility                              T        -      T        T      Rules_CUAC.rule
  617    1664     2   Default_OldCUAC                                        -        -      -        T      Rules_CUAC.rule
  618    1682     8   CUAC_SetupResults                                      T        -      T        T      Rules_CUAC.rule
  619    1711   664   CUAC_FinalCalcs                                        T        -      T        T      Rules_CUAC.rule
  620    1877    12   CUAC_FinalCalcs_Defaulted                              T        -      -        T      Rules_CUAC.rule
      ---------------------------------------------------------------------------------------------------------
  621    1895     3   BlastInputs_CUACOptions                                T        -      -        T      Rules_CUAC.rule
  622    1901     1   BlastInputs_CUAC_AffordablePVDCSysSize                 T        -      -        T      Rules_CUAC.rule
  623    1908   101   CUAC_SetupReportingProperties                          T        -      -        T      Rules_CUAC.rule
  624    1996  2619   CUAC_SetupReportingProperties_Combined                 T        -      -        T      Rules_CUAC.rule
  625    2121     2   CUAC_CombineReportsCleanup                             T        -      -        T      Rules_CUAC.rule
      ---------------------------------------------------------------------------------------------------------
  626    2129   176   CUAC_WriteInputOutputCSV                               T        -      -        T      Rules_CUAC.rule
  627    2342    11   CUAC_WriteInputOutputCSV_ElecEndUse_1                  T        -      -        T      Rules_CUAC.rule
  628    2389    11   CUAC_WriteInputOutputCSV_ElecEndUse_2                  T        -      -        T      Rules_CUAC.rule
  629    2437    11   CUAC_WriteInputOutputCSV_ElecEndUse_3                  T        -      -        T      Rules_CUAC.rule
  630    2484    11   CUAC_WriteInputOutputCSV_ElecEndUse_4                  T        -      -        T      Rules_CUAC.rule
      ---------------------------------------------------------------------------------------------------------
  631    2531    11   CUAC_WriteInputOutputCSV_ElecEndUse_5                  T        -      -        T      Rules_CUAC.rule
  632    2578    11   CUAC_WriteInputOutputCSV_ElecEndUse_6                  T        -      -        T      Rules_CUAC.rule
  633    2625    11   CUAC_WriteInputOutputCSV_ElecEndUse_7                  T        -      -        T      Rules_CUAC.rule
  634    2675     4   CUAC_WriteInputOutputCSV_GasEndUse_1                   T        -      -        T      Rules_CUAC.rule
  635    2694     4   CUAC_WriteInputOutputCSV_GasEndUse_2                   T        -      -        T      Rules_CUAC.rule
      ---------------------------------------------------------------------------------------------------------
  636    2713     4   CUAC_WriteInputOutputCSV_GasEndUse_3                   T        -      -        T      Rules_CUAC.rule
  637    2732     4   CUAC_WriteInputOutputCSV_GasEndUse_4                   T        -      -        T      Rules_CUAC.rule
  638    2751     4   CUAC_WriteInputOutputCSV_GasEndUse_5                   T        -      -        T      Rules_CUAC.rule
  639    2770     4   CUAC_WriteInputOutputCSV_GasEndUse_6                   T        -      -        T      Rules_CUAC.rule
  640    2789     4   CUAC_WriteInputOutputCSV_GasEndUse_7                   T        -      -        T      Rules_CUAC.rule
      ---------------------------------------------------------------------------------------------------------
  641    2811    22   Default_CUAC_ResultsCombining                          -        -      -        T      Rules_CUAC.rule
  642    2829    21   Clear_CUAC_ResultsCombining                            T        -      -        T      Rules_CUAC.rule
  643      38    10   CUACRates_Setup                                        T        -      T        T      Rules_CUAC_Batch.rule
  644     147    20   CUACRates_Final                                        T        -      T        T      Rules_CUAC_Batch.rule
  645      37     7   ProposedInput_CSE_Shell                                -        -      -        T      Rules_CSE_Simulation.rule
      ---------------------------------------------------------------------------------------------------------
  646     105   153   CSE_SimulationPrep                                     T        -      -        -      Rules_CSE_Simulation.rule
  647     661   103   CSE_Defaulting_Project                                 T        -      -        -      Rules_CSE_Simulation.rule
  648     921    19   CSE_SimulationCleanUp                                  T        -      -        -      Rules_CSE_Simulation.rule
  649     960     8   CSE_SimSpeedOption_Compliance                          T        -      -        -      Rules_CSE_Simulation.rule
  650     971     8   CSE_SimSpeedOption_Quick                               T        -      -        -      Rules_CSE_Simulation.rule
      ---------------------------------------------------------------------------------------------------------
  651     982     8   Default_SimSpeedOption                                 -        -      -        T      Rules_CSE_Simulation.rule
  652     992     8   CSE_SimSpeedOption_Custom                              T        -      -        -      Rules_CSE_Simulation.rule
  653    1006     1   CSE_Setup_DESCOND                                      T        -      -        -      Rules_CSE_Simulation.rule
  654    1026     8   CSE_Setup_DESCOND_Jul                                  T        -      -        -      Rules_CSE_Simulation.rule
  655    1037     8   CSE_Setup_DESCOND_Aug                                  T        -      -        -      Rules_CSE_Simulation.rule
      ---------------------------------------------------------------------------------------------------------
  656    1048     8   CSE_Setup_DESCOND_Sep                                  T        -      -        -      Rules_CSE_Simulation.rule
  657    1059     1   CSE_Setup_DESCOND_Error                                T        -      -        -      Rules_CSE_Simulation.rule
  658    1066    35   ExportFile_AirNetDetails                               T        -      -        T      Rules_CSE_Simulation.rule
  659    1185    14   ExportFile_AirNetDetails_IZXFER                        T        -      -        T      Rules_CSE_Simulation.rule
  660    1269    21   SetupCSEExportFile_Infiltration_1                      T        -      -        -      Rules_CSE_Simulation.rule
      ---------------------------------------------------------------------------------------------------------
  661    1303    21   SetupCSEExportFile_Infiltration_2                      T        -      -        -      Rules_CSE_Simulation.rule
  662    1337    21   SetupCSEExportFile_Infiltration_3                      T        -      -        -      Rules_CSE_Simulation.rule
  663    1371    21   SetupCSEExportFile_Infiltration_4                      T        -      -        -      Rules_CSE_Simulation.rule
  664    1405    21   SetupCSEExportFile_Infiltration_5                      T        -      -        -      Rules_CSE_Simulation.rule
  665    1439    21   SetupCSEExportFile_Infiltration_6                      T        -      -        -      Rules_CSE_Simulation.rule
      ---------------------------------------------------------------------------------------------------------
  666    1468    21   SetupCSEExportFile_Infiltration_7                      T        -      -        -      Rules_CSE_Simulation.rule
  667    1497    21   SetupCSEExportFile_Infiltration_8                      T        -      -        -      Rules_CSE_Simulation.rule
  668    1526    21   SetupCSEExportFile_Infiltration_9                      T        -      -        -      Rules_CSE_Simulation.rule
  669    1555    21   SetupCSEExportFile_Infiltration_10                     T        -      -        -      Rules_CSE_Simulation.rule
  670    1586    21   SetupCSEExportFile_Infiltration_11                     T        -      -        -      Rules_CSE_Simulation.rule
      ---------------------------------------------------------------------------------------------------------
  671    1615    21   SetupCSEExportFile_Infiltration_12                     T        -      -        -      Rules_CSE_Simulation.rule
  672    1644    21   SetupCSEExportFile_Infiltration_13                     T        -      -        -      Rules_CSE_Simulation.rule
  673    1673    21   SetupCSEExportFile_Infiltration_14                     T        -      -        -      Rules_CSE_Simulation.rule
  674    1702    21   SetupCSEExportFile_Infiltration_15                     T        -      -        -      Rules_CSE_Simulation.rule
  675    1731    21   SetupCSEExportFile_Infiltration_16                     T        -      -        -      Rules_CSE_Simulation.rule
      ---------------------------------------------------------------------------------------------------------
  676    1760    21   SetupCSEExportFile_Infiltration_17                     T        -      -        -      Rules_CSE_Simulation.rule
  677    1789    21   SetupCSEExportFile_Infiltration_18                     T        -      -        -      Rules_CSE_Simulation.rule
  678    1818    21   SetupCSEExportFile_Infiltration_19                     T        -      -        -      Rules_CSE_Simulation.rule
  679    1847    21   SetupCSEExportFile_Infiltration_20                     T        -      -        -      Rules_CSE_Simulation.rule
  680    1879    60   ExportFile_HourlyRSYSOutput                            T        -      -        -      Rules_CSE_Simulation.rule
      ---------------------------------------------------------------------------------------------------------
  681    1980   120   ExportFile_ExpandedHourlyRSYSOutput                    T        -      -        -      Rules_CSE_Simulation.rule
  682    2146    89   ExportFile_BatteryControl                              T        -      -        -      Rules_CSE_Simulation.rule
  683    2283    12   CSE_Project_SetupHVACCapacityExport                    T        -      -        -      Rules_CSE_Simulation.rule
  684    2309    12   CSE_HVACSys_SetupHVACCapacityExport                    T        -      -        -      Rules_CSE_Simulation.rule
  685    2371    12   CSE_Project_SetupZoneUMLHsExport                       T        -      -        -      Rules_CSE_Simulation.rule
      ---------------------------------------------------------------------------------------------------------
  686    2397    12   CSE_Zone_SetupUMLHsExport                              T        -      -        -      Rules_CSE_Simulation.rule
  687      37    23   CSE_SimulationPrep_Cons                                T        -      -        -      Rules_CSE_Simulation_Cons.rule
  688     159     3   CSE_Cleanup_Cons                                       T        -      -        -      Rules_CSE_Simulation_Cons.rule
  689     170     1   SetupAtticEdgeConstructions                            T        -      -        T      Rules_CSE_Simulation_Cons.rule
  690     189     4   Default_MATERIAL_BasedOn_SourceMat                     T        -      -        -      Rules_CSE_Simulation_Cons.rule
      ---------------------------------------------------------------------------------------------------------
  691     227    10   Default_CavityPath_Thicknesses                         T        -      -        -      Rules_CSE_Simulation_Cons.rule
  692     254    34   Setup_CSE_CONSTRUCTION_SlabFloors                      T        -      -        -      Rules_CSE_Simulation_Cons.rule
  693     304    26   Setup_CSE_CONSTRUCTION_SlabFloors_CarpetedOnly         T        -      -        -      Rules_CSE_Simulation_Cons.rule
  694     345    19   Setup_CSE_CONSTRUCTION_SlabFloors_ExposedOnly          T        -      -        -      Rules_CSE_Simulation_Cons.rule
  695     379    22   Setup_CSE_CONSTRUCTION_UndFloors                       T        -      -        -      Rules_CSE_Simulation_Cons.rule
      ---------------------------------------------------------------------------------------------------------
  696     413    18   Setup_CSE_CONSTRUCTION_UndFloors_CarpetedOnly          T        -      -        -      Rules_CSE_Simulation_Cons.rule
  697     443    11   Setup_CSE_CONSTRUCTION_UndFloors_ExposedOnly           T        -      -        -      Rules_CSE_Simulation_Cons.rule
  698     468     8   Setup_CSE_CONSTRUCTION                                 T        -      -        -      Rules_CSE_Simulation_Cons.rule
  699     499    12   CreateAtticEdgeConstructions                           T        -      -        T      Rules_CSE_Simulation_Cons.rule
  700     524     2   CreateAtticEdgeWAConstruction                          T        -      -        T      Rules_CSE_Simulation_Cons.rule
      ---------------------------------------------------------------------------------------------------------
  701     529     2   CreateAtticEdgeWBConstruction                          T        -      -        T      Rules_CSE_Simulation_Cons.rule
  702     537    51   Default_CavCONSTRUCTION                                T        -      -        -      Rules_CSE_Simulation_Cons.rule
  703     741    50   Default_FrmCONSTRUCTION                                T        -      -        -      Rules_CSE_Simulation_Cons.rule
  704      37   113   CSE_SimulationPrep_Zones_IntGains                      T        -      -        -      Rules_CSE_Simulation_Zones-IntGains.rule
  705     519    81   CSE_Set2016InternalGains                               T        -      -        -      Rules_CSE_Simulation_Zones-IntGains.rule
      ---------------------------------------------------------------------------------------------------------
  706     609    81   CSE_BlastInternalGains                                 T        -      -        -      Rules_CSE_Simulation_Zones-IntGains.rule
  707     698   142   CSE_SimulationPrep_Zones_IntGains_part2                T        -      -        -      Rules_CSE_Simulation_Zones-IntGains.rule
  708    1216     7   CreateGainRefrig                                       T        -      -        T      Rules_CSE_Simulation_Zones-IntGains.rule
  709    1237    11   CreateGainDish_Zone                                    T        -      -        T      Rules_CSE_Simulation_Zones-IntGains.rule
  710    1277    10   CreateGainDish_Zone_2                                  T        -      -        T      Rules_CSE_Simulation_Zones-IntGains.rule
      ---------------------------------------------------------------------------------------------------------
  711    1305     9   CreateGainDish_DwellUnitDHW                            T        -      -        T      Rules_CSE_Simulation_Zones-IntGains.rule
  712    1323    24   CreateGainCooking                                      T        -      -        T      Rules_CSE_Simulation_Zones-IntGains.rule
  713    1386    10   CreateGainWasher_Zone                                  T        -      -        T      Rules_CSE_Simulation_Zones-IntGains.rule
  714    1425    10   CreateGainWasher_Zone_2                                T        -      -        T      Rules_CSE_Simulation_Zones-IntGains.rule
  715    1460     8   CreateGainWasher_DwellUnitDHW                          T        -      -        T      Rules_CSE_Simulation_Zones-IntGains.rule
      ---------------------------------------------------------------------------------------------------------
  716    1487    24   CreateGainDryer_Zone                                   T        -      -        T      Rules_CSE_Simulation_Zones-IntGains.rule
  717    1546    16   CreateGainDryer_Zone_2                                 T        -      -        T      Rules_CSE_Simulation_Zones-IntGains.rule
  718    1582    16   CreateGainDryer_DwellUnitDHW                           T        -      -        T      Rules_CSE_Simulation_Zones-IntGains.rule
  719    1622     5   SimPrep_SetupClgBelowAtticBypassDiode                  T        -      -        T      Rules_CSE_Simulation_Zones-IntGains.rule
  720      37   401   CSE_SimulationPrep_Surfaces                            T        -      -        -      Rules_CSE_Simulation_Surfaces.rule
      ---------------------------------------------------------------------------------------------------------
  721     862    26   CSE_Cleanup_Surfaces                                   T        -      -        -      Rules_CSE_Simulation_Surfaces.rule
  722     917     2   Create_UndWall_SURFACEs                                -        -      -        -      Rules_CSE_Simulation_Surfaces.rule
  723     929     2   Create_IntWall_SURFACEs                                -        -      -        -      Rules_CSE_Simulation_Surfaces.rule
  724     942     2   Create_CathedralCeiling_SURFACEs                       -        -      -        -      Rules_CSE_Simulation_Surfaces.rule
  725     955     2   Create_CeilingBelowAttic_SURFACEs                      -        -      -        -      Rules_CSE_Simulation_Surfaces.rule
      ---------------------------------------------------------------------------------------------------------
  726     969     2   Create_AtticEdgeWACathedralCeiling_SURFACEs            -        -      -        -      Rules_CSE_Simulation_Surfaces.rule
  727     980     2   Create_AtticEdgeWBCathedralCeiling_SURFACEs            -        -      -        -      Rules_CSE_Simulation_Surfaces.rule
  728     991     2   Create_ExtWall_SURFACEs                                -        -      -        -      Rules_CSE_Simulation_Surfaces.rule
  729    1007     4   Create_WINDOWs                                         -        -      -        -      Rules_CSE_Simulation_Surfaces.rule
  730    1027    10   Default_WINDOW_BasedOn_SourceWin                       -        -      -        -      Rules_CSE_Simulation_Surfaces.rule
      ---------------------------------------------------------------------------------------------------------
  731    1088    13   Default_SHADE_BasedOn_Win                              -        -      -        -      Rules_CSE_Simulation_Surfaces.rule
  732    1119     2   Create_InteriorCeiling_SURFACEs                        -        -      -        -      Rules_CSE_Simulation_Surfaces.rule
  733    1130     2   Create_ExteriorFloor_SURFACEs                          -        -      -        -      Rules_CSE_Simulation_Surfaces.rule
  734    1142     2   Create_FloorOverCrawl_SURFACEs                         -        -      -        -      Rules_CSE_Simulation_Surfaces.rule
  735    1154     2   Create_InteriorFloor_SURFACEs                          -        -      -        -      Rules_CSE_Simulation_Surfaces.rule
      ---------------------------------------------------------------------------------------------------------
  736    1166     2   Create_UndFloor_SURFACEs                               -        -      -        -      Rules_CSE_Simulation_Surfaces.rule
  737    1178     4   Create_SlabFloor_SURFACEs                              -        -      -        -      Rules_CSE_Simulation_Surfaces.rule
  738    1201     6   Default_AtticRoof_SURFACE                              -        -      -        T      Rules_CSE_Simulation_Surfaces.rule
  739    1220     6   Default_AtticTruss_SURFACE                             -        -      -        T      Rules_CSE_Simulation_Surfaces.rule
  740    1232    11   CAResAttic_CreateTrussMatAndCons                       -        -      -        T      Rules_CSE_Simulation_Surfaces.rule
      ---------------------------------------------------------------------------------------------------------
  741    1261     3   CAResAttic_BlastTrussMatAndCons                        T        -      -        T      Rules_CSE_Simulation_Surfaces.rule
  742    1271   129   SimPrep_CSE_CrawlSpace_Surfaces                        -        -      -        T      Rules_CSE_Simulation_Surfaces.rule
  743    1504    74   SimPrep_CSE_CrawlSpace_Surfaces_AbvGrdFrmWalls         -        -      -        T      Rules_CSE_Simulation_Surfaces.rule
  744    1595    41   BlastCrawlSpaceMatAndCons                              T        -      -        T      Rules_CSE_Simulation_Surfaces.rule
  745      37    26   CSE_SimulationPrep_IntMass                             T        -      -        -      Rules_CSE_Simulation_IntMass.rule
      ---------------------------------------------------------------------------------------------------------
  746     152     5   Setup_CSE_CONSTRUCTION_Furniture_internal_mass         T        -      -        -      Rules_CSE_Simulation_IntMass.rule
  747     163     9   Setup_CSE_SURFACE_Furniture_internal_mass              T        -      -        -      Rules_CSE_Simulation_IntMass.rule
  748     182     9   Setup_CSE_SURFACE_Furniture_internal_mass_OtherZone    T        -      -        -      Rules_CSE_Simulation_IntMass.rule
  749     202    22   Setup_CSE_CONSTRUCTION_internal_wall                   T        -      -        -      Rules_CSE_Simulation_IntMass.rule
  750     236    18   Setup_CSE_SURFACE_internal_wall                        T        -      -        -      Rules_CSE_Simulation_IntMass.rule
      ---------------------------------------------------------------------------------------------------------
  751     260    18   Setup_CSE_SURFACE_internal_wall_OtherZone              T        -      -        -      Rules_CSE_Simulation_IntMass.rule
  752     285    38   Setup_CSE_CONSTRUCTION_internal_floor                  T        -      -        -      Rules_CSE_Simulation_IntMass.rule
  753     339    16   Setup_CSE_SURFACE_internal_floor                       T        -      -        -      Rules_CSE_Simulation_IntMass.rule
  754     363    16   Setup_CSE_SURFACE_internal_floor_OtherZone             T        -      -        -      Rules_CSE_Simulation_IntMass.rule
  755      37     9   CSE_SimulationPrep_HVAC                                T        -      -        -      Rules_CSE_Simulation_HVAC.rule
      ---------------------------------------------------------------------------------------------------------
  756      83    83   HVACSys_CSE_Defaulting                                 -        -      -        -      Rules_CSE_Simulation_HVAC.rule
  757     830     9   HVACSys_SetupRSYS_AWHP                                 T        -      -        -      Rules_CSE_Simulation_HVAC.rule
  758     865     6   HVACSys_SetupRSYS_HeatPumpDHWCombo                     T        -      -        -      Rules_CSE_Simulation_HVAC.rule
  759     929    26   DHWSys_SetupDHWSYS_HeatPumpDHWCombo                    T        -      -        -      Rules_CSE_Simulation_HVAC.rule
  760     979    10   HVACSys_SetupRSYS_VCHP                                 T        -      -        -      Rules_CSE_Simulation_HVAC.rule
      ---------------------------------------------------------------------------------------------------------
  761     999    43   HVACSys_SetupRSYS_VCHP2                                T        -      -        -      Rules_CSE_Simulation_HVAC.rule
  762    1230    34   HVACSys_SetupRSYS_VCHP3                                T        -      -        -      Rules_CSE_Simulation_HVAC.rule
  763    1487    16   HVACSys_SetupRSYS_SplitAirCondPM                       T        -      -        -      Rules_CSE_Simulation_HVAC.rule
  764    1591     7   ForceDefault_CSE_AirNet_ELA                            T        -      -        -      Rules_CSE_Simulation_HVAC.rule
  765    1604    13   Default_CSE_AirNet_ELA                                 -        -      -        -      Rules_CSE_Simulation_HVAC.rule
      ---------------------------------------------------------------------------------------------------------
  766    1669    35   SimPrep_CSE_AirNet                                     -        -      -        -      Rules_CSE_Simulation_HVAC.rule
  767    1801   114   SimPrep_CSE_AirNet_Zone                                -        -      -        -      Rules_CSE_Simulation_HVAC.rule
  768    2189    10   SimPrep_CSE_AirNet_Zone_WholeHouseFan_ToAttic          -        -      -        -      Rules_CSE_Simulation_HVAC.rule
  769    2236    10   SimPrep_CSE_AirNet_Zone_WholeHouseFan_ToOutside        -        -      -        -      Rules_CSE_Simulation_HVAC.rule
  770    2264     8   SimPrep_CSE_AirNet_Zone_WholeHouseFan_OutsideDamper    -        -      -        -      Rules_CSE_Simulation_HVAC.rule
      ---------------------------------------------------------------------------------------------------------
  771    2280    28   SimPrep_CSE_AirNet_Zone_ExtWall                        -        -      -        -      Rules_CSE_Simulation_HVAC.rule
  772    2320    32   SimPrep_CSE_AirNet_Zone_Windows_1Story                 -        -      -        -      Rules_CSE_Simulation_HVAC.rule
  773    2458    23   SimPrep_CSE_AirNet_ZoneUncondZone_ByZone               -        -      -        -      Rules_CSE_Simulation_HVAC.rule
  774    2495    23   SimPrep_CSE_AirNet_ZoneUncondZone_ByOtherZone          -        -      -        -      Rules_CSE_Simulation_HVAC.rule
  775    2532    16   SimPrep_CSE_AirNet_ZoneUncondZone_ByWall               -        -      -        -      Rules_CSE_Simulation_HVAC.rule
      ---------------------------------------------------------------------------------------------------------
  776    2569    35   SimPrep_CSE_AirNet_OtherZone                           -        -      -        -      Rules_CSE_Simulation_HVAC.rule
  777    2826    28   SimPrep_CSE_AirNet_OtherZone_ExtWall                   -        -      -        -      Rules_CSE_Simulation_HVAC.rule
  778    2863    32   SimPrep_CSE_AirNet_OtherZone_Windows_1Story            -        -      -        -      Rules_CSE_Simulation_HVAC.rule
  779    2918   232   SimPrep_CSE_AirNet_Other                               -        -      -        -      Rules_CSE_Simulation_HVAC.rule
  780    3594    37   SimPrep_CSE_AirNet_Attic_Vented                        T        -      -        T      Rules_CSE_Simulation_HVAC.rule
      ---------------------------------------------------------------------------------------------------------
  781    3672    17   SimPrep_CSE_AirNet_Attic_Conditioned                   T        -      -        T      Rules_CSE_Simulation_HVAC.rule
  782    3700    23   Set_ZoneIAQ_SFam                                       -        -      -        T      Rules_CSE_Simulation_HVAC.rule
  783    3730    90   Set_ZoneIAQ_SFam_Details                               -        -      -        T      Rules_CSE_Simulation_HVAC.rule
  784    4456    35   Set_ZoneIAQ_MFam                                       -        -      -        T      Rules_CSE_Simulation_HVAC.rule
  785    4510     4   Default_ZoneIZXFER                                     T        -      -        T      Rules_CSE_Simulation_HVAC.rule
      ---------------------------------------------------------------------------------------------------------
  786    4519     4   Default_AtticIZXFER                                    T        -      -        T      Rules_CSE_Simulation_HVAC.rule
  787    4528     5   Default_ZoneWinIZXFER                                  T        -      -        T      Rules_CSE_Simulation_HVAC.rule
  788    4553    74   Setup_HRVIAQ_IZXFERs_SFamZone                          T        -      -        T      Rules_CSE_Simulation_HVAC.rule
  789    4723    74   Setup_HRVIAQ_IZXFERs_SFamADUZone                       T        -      -        T      Rules_CSE_Simulation_HVAC.rule
  790    4892    41   Setup_HRVIAQ_IZXFERs_MFamDwellUnit                     T        -      -        T      Rules_CSE_Simulation_HVAC.rule
      ---------------------------------------------------------------------------------------------------------
  791    5060    29   Setup_nonHRVIAQ_IZXFERs_MFamDwellUnit                  T        -      -        T      Rules_CSE_Simulation_HVAC.rule
  792      37    26   CSE_SimulationPrep_DHW                                 T        -      -        -      Rules_CSE_Simulation_DHW.rule
  793     143    11   CSE_Cleanup_DHW                                        T        -      -        -      Rules_CSE_Simulation_DHW.rule
  794     162    39   CSE_SetDHWUseInclude                                   T        -      -        -      Rules_CSE_Simulation_DHW.rule
  795     209    39   CSE_BlastDHWUseInclude                                 T        -      -        -      Rules_CSE_Simulation_DHW.rule
      ---------------------------------------------------------------------------------------------------------
  796     256     7   Setup_CentralHPWH_LargeAutosized                       T        -      T        -      Rules_CSE_Simulation_DHW.rule
  797     291    20   CSE_SimulationPrep_DHW_MFam_wsUse                      T        -      -        -      Rules_CSE_Simulation_DHW.rule
  798     332    37   CSE_SimulationPrep_DHW_MFam_wsDayUse                   T        -      -        -      Rules_CSE_Simulation_DHW.rule
  799     423     8   Setup_DwellUnitDHW                                     T        -      -        T      Rules_CSE_Simulation_DHW.rule
  800     471   105   CSE_SimulationPrep_DHW_part2                           T        -      -        -      Rules_CSE_Simulation_DHW.rule
      ---------------------------------------------------------------------------------------------------------
  801    1283     2   Setup_cseDHWHEATREC                                    T        -      -        T      Rules_CSE_Simulation_DHW.rule
  802    1293    14   Setup_cseDHWSYS_MetersAndTemperatures                  T        -      -        T      Rules_CSE_Simulation_DHW.rule
  803    1392    30   CSE_SimulationPrep_DHWHtr_DHWHtr                       T        -      -        -      Rules_CSE_Simulation_DHW.rule
  804    1886     7   CSE_SimulationPrep_DHWTank_DHWHtr                      T        -      -        -      Rules_CSE_Simulation_DHW.rule
  805    1916     8   CSE_SimulationPrep_DHWHtr_HVACSys                      T        -      -        -      Rules_CSE_Simulation_DHW.rule
      ---------------------------------------------------------------------------------------------------------
  806    1984     7   CSE_SimulationPrep_DHWTank_HVACSys                     T        -      -        -      Rules_CSE_Simulation_DHW.rule
  807    2013     4   CSE_SimulationPrep_DHWHtr_AWHP_OLD                     T        -      -        -      Rules_CSE_Simulation_DHW.rule
  808    2032    10   CSE_SimulationPrep_DHWHtr_AWHP                         T        -      -        -      Rules_CSE_Simulation_DHW.rule
  809    2083    10   CSE_SimulationPrep_DHWHtr_HeatPumpDHWCombo             T        -      -        -      Rules_CSE_Simulation_DHW.rule
  810    2155    17   CSE_SimulationPrep_DHWLoopHtr_DHWSys                   T        -      -        -      Rules_CSE_Simulation_DHW.rule
      ---------------------------------------------------------------------------------------------------------
  811    2389     8   CSE_SimulationPrep_DHWLoopHtr_DHWHtr                   T        -      -        -      Rules_CSE_Simulation_DHW.rule
  812    2427    21   CSE_SimulationPrep_DHWLoopHtr_DHWHtr___OLD             T        -      -        -      Rules_CSE_Simulation_DHW.rule
  813    2669    23   CSE_SimulationPrep_DHWLoop                             T        -      -        -      Rules_CSE_Simulation_DHW.rule
  814    2770    31   CSE_SimulationPrep_DHWLoopSeg                          T        -      -        -      Rules_CSE_Simulation_DHW.rule
  815    2963    10   CSE_SimulationPrep_DHWLoopBranch                       T        -      -        -      Rules_CSE_Simulation_DHW.rule
      ---------------------------------------------------------------------------------------------------------
  816    3016     9   CSE_DHWSystem_SetupHPWHSizingRun                       T        -      -        -      Rules_CSE_Simulation_DHW.rule
  817    3064     5   CSE_DHWSystem_RestoreFollowingHPWHSizingRun            T        -      -        -      Rules_CSE_Simulation_DHW.rule
  818    3092     7   CSE_DHWHeater_SetupHPWHSizingRun                       T        -      -        -      Rules_CSE_Simulation_DHW.rule
  819    3111     4   CSE_DHWHeater_RestoreFollowingHPWHSizingRun            T        -      -        -      Rules_CSE_Simulation_DHW.rule
  820    3127    12   CSE_Project_SetupHPWHSizingRun                         T        -      -        -      Rules_CSE_Simulation_DHW.rule
      ---------------------------------------------------------------------------------------------------------
  821    3151     2   CSE_Project_RestoreHPWHSizingRun                       T        -      -        -      Rules_CSE_Simulation_DHW.rule
  822    3163     8   CSE_DHWSolarSys_SetupSolarSysSizingRun                 T        -      -        -      Rules_CSE_Simulation_DHW.rule
  823    3186    12   CSE_DHWSolarSys_RestoreFollowingSolarSysSizingRun      T        -      -        -      Rules_CSE_Simulation_DHW.rule
  824    3250    44   CSE_Project_SetupSolarSysSizingExport                  T        -      -        -      Rules_CSE_Simulation_DHW.rule
  825    3377    17   CSE_Project_SetupSolarSysSSFExport                     T        -      -        -      Rules_CSE_Simulation_DHW.rule
      ---------------------------------------------------------------------------------------------------------
  826    3411     9   CSE_DHWSolarSys_SetupSolarSysSSFExport                 T        -      -        -      Rules_CSE_Simulation_DHW.rule
  827    3431     6   CSE_Project_SetupDHWMinusSolarSysRun                   T        -      -        -      Rules_CSE_Simulation_DHW.rule
  828    3458     3   CSE_Project_RestoreFollowingDHWMinusSolarSysRun        T        -      -        -      Rules_CSE_Simulation_DHW.rule
  829    3507    30   Setup_cseDHWHEATREC_SFam                               T        -      -        -      Rules_CSE_Simulation_DHW.rule
  830    3594    30   Setup_cseDHWHEATREC_MFam                               T        -      -        -      Rules_CSE_Simulation_DHW.rule
      ---------------------------------------------------------------------------------------------------------
  831    4028     4   CSE_DHWSystem_CalculateHPWHMultiplier                  T        -      -        -      Rules_CSE_Simulation_DHW.rule
  832    4080    15   CSE_SimulationPrep_DHW_SolarSys                        T        -      -        -      Rules_CSE_Simulation_DHW.rule
  833      37    15   CSE_SimulationPrep_PV                                  T        -      -        -      Rules_CSE_Simulation_PV.rule
  834     132    15   CreateCSE_PVArray_1                                    T        -      -        T      Rules_CSE_Simulation_PV.rule
  835     191    15   CreateCSE_PVArray_2                                    T        -      -        T      Rules_CSE_Simulation_PV.rule
      ---------------------------------------------------------------------------------------------------------
  836     246    15   CreateCSE_PVArray_3                                    T        -      -        T      Rules_CSE_Simulation_PV.rule
  837     301    15   CreateCSE_PVArray_4                                    T        -      -        T      Rules_CSE_Simulation_PV.rule
  838     356    15   CreateCSE_PVArray_5                                    T        -      -        T      Rules_CSE_Simulation_PV.rule
  839      37    13   CSE_SimulationPrep_Battery                             T        -      -        -      Rules_CSE_Simulation_Battery.rule
  840      37    37   CSE_SimulationPrep_Reports                             T        -      -        -      Rules_CSE_Simulation_Reports.rule
      ---------------------------------------------------------------------------------------------------------
  841     202    10   CSE_SimulationPrep_Reports_ZDD                         T        -      -        -      Rules_CSE_Simulation_Reports.rule
  842     235    48   CSE_SimulationPrep_Reports_ZEBMo                       T        -      -        -      Rules_CSE_Simulation_Reports.rule
  843     312     6   CSE_SimulationPrep_Reports_ZEB_DD                      T        -      -        -      Rules_CSE_Simulation_Reports.rule
  844     327     6   CSE_SimulationPrep_Reports_ZEB_CD                      T        -      -        -      Rules_CSE_Simulation_Reports.rule
  845     342     6   CSE_SimulationPrep_Reports_ZEB_HD                      T        -      -        -      Rules_CSE_Simulation_Reports.rule
      ---------------------------------------------------------------------------------------------------------
  846     359    37   CSE_SimulationPrep_Reports_ZEB_hourly                  T        -      -        -      Rules_CSE_Simulation_Reports.rule
  847     427    37   CSE_SimulationPrep_Reports_ZEB_daytot                  T        -      -        -      Rules_CSE_Simulation_Reports.rule
  848     498    48   CSE_SimulationPrep_Reports_ZEBMo_OtherZone             T        -      -        -      Rules_CSE_Simulation_Reports.rule
  849     575     6   CSE_SimulationPrep_Reports_ZEB_DD_OtherZone            T        -      -        -      Rules_CSE_Simulation_Reports.rule
  850     590     6   CSE_SimulationPrep_Reports_ZEB_CD_OtherZone            T        -      -        -      Rules_CSE_Simulation_Reports.rule
      ---------------------------------------------------------------------------------------------------------
  851     605     6   CSE_SimulationPrep_Reports_ZEB_HD_OtherZone            T        -      -        -      Rules_CSE_Simulation_Reports.rule
  852     622    37   CSE_SimulationPrep_Reports_ZEB_hourly_OtherZone        T        -      -        -      Rules_CSE_Simulation_Reports.rule
  853     690    37   CSE_SimulationPrep_Reports_ZEB_daytot_OtherZone        T        -      -        -      Rules_CSE_Simulation_Reports.rule
  854     761    23   CSE_SimulationPrep_Reports_HVAC                        T        -      -        -      Rules_CSE_Simulation_Reports.rule
  855     795    15   CSE_SimulationPrep_Reports_HtPumpHtg                   T        -      -        -      Rules_CSE_Simulation_Reports.rule
      ---------------------------------------------------------------------------------------------------------
  856      37   178   ProposedModelCodeCheck                                 T        -      -        T      Rules_ModelChecks.rule
  857    1637   154   ProposedModelSimulationCheck                           T        -      -        T      Rules_ModelChecks.rule
  858    3224     7   Count_NumAlterations                                   T        -      -        T      Rules_ModelChecks.rule
  859    3263     1   FIX_2019FanEfficacy_SFam                               T        -      -        T      Rules_ModelChecks.rule
  860    3279     2   FIX_2019FanEfficacy_SDHV                               T        -      T        T      Rules_ModelChecks.rule
      ---------------------------------------------------------------------------------------------------------
  861    3287     2   FIX_2019FanEfficacy_GasFurnace                         T        -      T        T      Rules_ModelChecks.rule
  862    3295     2   FIX_2019FanEfficacy_Other                              T        -      T        T      Rules_ModelChecks.rule
  863    3305     1   FIX_2019FanEfficacy_MFam                               T        -      -        T      Rules_ModelChecks.rule
  864    3324     2   FIX_2019FanEfficacy_MFam_SDHV                          T        -      T        T      Rules_ModelChecks.rule
  865    3332     2   FIX_2019FanEfficacy_MFam_GasFurnace                    T        -      T        T      Rules_ModelChecks.rule
      ---------------------------------------------------------------------------------------------------------
  866    3340     2   FIX_2019FanEfficacy_MFam_Other                         T        -      T        T      Rules_ModelChecks.rule
  867    3350    10   CheckAllSurfaceConstructionAssignments                 T        -      T        T      Rules_ModelChecks.rule
  868    3495     9   CheckAllSurfaceConstructionAssignments_EAA             T        -      T        T      Rules_ModelChecks.rule
  869      39    33   PostProposedInput                                      T        -      -        -      Rules_ProposedModelPrep.rule
  870     235     7   OneTimeAnalysisPrep_RemoveADUInputs                    T        -      -        T      Rules_ProposedModelPrep.rule
      ---------------------------------------------------------------------------------------------------------
  871     251    42   ProposedModelCodeAdditions                             T        -      -        -      Rules_ProposedModelPrep.rule
  872     512    14   SetupExistingSkyltCathedralCeilings                    T        -      -        -      Rules_ProposedModelPrep.rule
  873     550     3   SetupBudgetHVAC                                        T        -      -        -      Rules_ProposedModelPrep.rule
  874     561    21   SetupProposedHVAC                                      T        -      -        -      Rules_ProposedModelPrep.rule
  875     784    16   ProposedCompliance                                     T        -      T        T      Rules_ProposedModelPrep.rule
      ---------------------------------------------------------------------------------------------------------
  876    1026     2   EnsureValidCookingFuel_2013                            T        -      T        T      Rules_ProposedModelPrep.rule
  877    1036    13   OverrideApplianceData                                  T        -      T        T      Rules_ProposedModelPrep.rule
  878    1094     8   Remove_PrescribedDwellingUnitApplianceData             T        -      -        T      Rules_ProposedModelPrep.rule
  879    1159     1   ApplyPVSystemScaling                                   T        -      -        -      Rules_ProposedModelPrep.rule
  880    1241     3   ApplyPVSystemScaling_StandardDesign                    T        -      -        -      Rules_ProposedModelPrep.rule
      ---------------------------------------------------------------------------------------------------------
  881    1267     3   ApplyPVSystemScaling_StandardDesign_N                  T        -      -        -      Rules_ProposedModelPrep.rule
  882    1293     3   ApplyPVSystemScaling_StandardDesign_E                  T        -      -        -      Rules_ProposedModelPrep.rule
  883    1319     3   ApplyPVSystemScaling_StandardDesign_S                  T        -      -        -      Rules_ProposedModelPrep.rule
  884    1345     3   ApplyPVSystemScaling_StandardDesign_W                  T        -      -        -      Rules_ProposedModelPrep.rule
  885    1373     3   ApplyPVSystemScaling_StandardDesignTDV                 T        -      -        -      Rules_ProposedModelPrep.rule
      ---------------------------------------------------------------------------------------------------------
  886    1403     3   ApplyPVSystemScaling_StandardDesignTDV_N               T        -      -        -      Rules_ProposedModelPrep.rule
  887    1433     3   ApplyPVSystemScaling_StandardDesignTDV_E               T        -      -        -      Rules_ProposedModelPrep.rule
  888    1463     3   ApplyPVSystemScaling_StandardDesignTDV_S               T        -      -        -      Rules_ProposedModelPrep.rule
  889    1493     3   ApplyPVSystemScaling_StandardDesignTDV_W               T        -      -        -      Rules_ProposedModelPrep.rule
  890    1525     2   ApplyPVSystemScaling_MaxCompliance                     T        -      -        -      Rules_ProposedModelPrep.rule
      ---------------------------------------------------------------------------------------------------------
  891    1540     2   ApplyPVSystemScaling_MaxCompliance_N                   T        -      -        -      Rules_ProposedModelPrep.rule
  892    1555     2   ApplyPVSystemScaling_MaxCompliance_E                   T        -      -        -      Rules_ProposedModelPrep.rule
  893    1570     2   ApplyPVSystemScaling_MaxCompliance_S                   T        -      -        -      Rules_ProposedModelPrep.rule
  894    1585     2   ApplyPVSystemScaling_MaxCompliance_W                   T        -      -        -      Rules_ProposedModelPrep.rule
  895    1602     3   ApplyPVSystemScaling_SpecifyScaling                    T        -      -        -      Rules_ProposedModelPrep.rule
      ---------------------------------------------------------------------------------------------------------
  896    1616     3   ApplyPVSystemScaling_SpecifyScaling_N                  T        -      -        -      Rules_ProposedModelPrep.rule
  897    1630     3   ApplyPVSystemScaling_SpecifyScaling_E                  T        -      -        -      Rules_ProposedModelPrep.rule
  898    1644     3   ApplyPVSystemScaling_SpecifyScaling_S                  T        -      -        -      Rules_ProposedModelPrep.rule
  899    1658     3   ApplyPVSystemScaling_SpecifyScaling_W                  T        -      -        -      Rules_ProposedModelPrep.rule
  900    1674     4   LimitPVSize_ReducedPVReq                               T        -      -        -      Rules_ProposedModelPrep.rule
      ---------------------------------------------------------------------------------------------------------
  901    1689     4   LimitPVSize_ReducedPVReq_N                             T        -      -        -      Rules_ProposedModelPrep.rule
  902    1704     4   LimitPVSize_ReducedPVReq_E                             T        -      -        -      Rules_ProposedModelPrep.rule
  903    1719     4   LimitPVSize_ReducedPVReq_S                             T        -      -        -      Rules_ProposedModelPrep.rule
  904    1734     4   LimitPVSize_ReducedPVReq_W                             T        -      -        -      Rules_ProposedModelPrep.rule
  905    1751     2   Set_Proj_ModelPathFwd                                  T        -      -        T      Rules_ProposedModelPrep.rule
      ---------------------------------------------------------------------------------------------------------
  906    1761     0   ProposedHVACSizing                                     T        -      -        -      Rules_ProposedModelPrep.rule
  907    1784     0   ProposedFinal                                          T        -      -        -      Rules_ProposedModelPrep.rule
  908      39   279   BudgetConversion                                       T        -      T        T      Rules_BudgetConversion.rule
  909    2010   252   BudgetConversion_EqualOrientation                      T        -      T        T      Rules_BudgetConversion.rule
  910    2486     8   BudgetConversion_IAQ_SupplyInletsNotAccessible         T        -      T        T      Rules_BudgetConversion.rule
      ---------------------------------------------------------------------------------------------------------
  911    2559    12   BudgetConversion_IAQ_SupplyInletsAccessible            T        -      T        T      Rules_BudgetConversion.rule
  912    2679     1   BudgetConversion_ElecDHW_StdWindowUfactor              T        -      T        T      Rules_BudgetConversion.rule
  913    2685    24   BudgetConversion_SetupDuctsAndFan                      T        -      T        T      Rules_BudgetConversion.rule
  914    2837    19   Setup_StdDesignPV                                      T        -      T        -      Rules_BudgetConversion.rule
  915    2890     2   Setup_StdCathClgAttic_Steep                            T        -      -        T      Rules_BudgetConversion.rule
      ---------------------------------------------------------------------------------------------------------
  916    2895     2   Setup_StdCathClgAttic_Flat                             T        -      -        T      Rules_BudgetConversion.rule
  917    2903    59   SetupWallWindowDoorAreaTotals                          T        -      -        T      Rules_BudgetConversion.rule
  918    3058    45   BudgetConversion_Garage                                T        -      T        T      Rules_BudgetConversion.rule
  919    3135     4   BudgetConversion_HVACDist_TypeAndDefaultSystem_NoResets   T        -      T        -      Rules_BudgetConversion.rule
  920    3184     6   BudgetConversion_Std_SpecifyFuel                       T        -      T        -      Rules_BudgetConversion.rule
      ---------------------------------------------------------------------------------------------------------
  921    3211     6   BudgetConversion_DRtg_SpecifyFuel                      T        -      T        -      Rules_BudgetConversion.rule
  922    3237     5   BudgetConversion_Std_2025                              T        -      T        -      Rules_BudgetConversion.rule
  923    3280     4   BudgetConversion_SetupElectricAppliances               T        -      T        -      Rules_BudgetConversion.rule
  924    3287     2   BudgetConversion_SetupElectricCooking                  T        -      T        -      Rules_BudgetConversion.rule
  925    3292     2   BudgetConversion_SetupElectricDryer                    T        -      T        -      Rules_BudgetConversion.rule
      ---------------------------------------------------------------------------------------------------------
  926    3297     1   BudgetConversion_SetupElectricHVAC                     T        -      T        -      Rules_BudgetConversion.rule
  927    3304     1   BudgetConversion_SetupElectricDHW                      T        -      T        -      Rules_BudgetConversion.rule
  928    3310     4   BudgetConversion_SetupGasAppliances                    T        -      T        -      Rules_BudgetConversion.rule
  929    3317     2   BudgetConversion_SetupGasCooking                       T        -      T        -      Rules_BudgetConversion.rule
  930    3322     2   BudgetConversion_SetupGasDryer                         T        -      T        -      Rules_BudgetConversion.rule
      ---------------------------------------------------------------------------------------------------------
  931    3327     1   BudgetConversion_SetupGasHVAC                          T        -      T        -      Rules_BudgetConversion.rule
  932    3334     1   BudgetConversion_SetupGasDHW                           T        -      T        -      Rules_BudgetConversion.rule
  933    3349    11   ConvertTo_HVACSys_HeatPump                             T        -      T        T      Rules_BudgetConversion.rule
  934    3377    11   ConvertTo_HVACSys_ACFurnace                            T        -      T        T      Rules_BudgetConversion.rule
  935    3408     7   ConvertTo_DHWSys_HPWH                                  T        -      T        -      Rules_BudgetConversion.rule
      ---------------------------------------------------------------------------------------------------------
  936    3422     7   ConvertTo_DHWSys_Gas                                   T        -      T        -      Rules_BudgetConversion.rule
  937    3447     0   BudgetHVACSizing                                       T        -      -        -      Rules_BudgetConversion.rule
  938    3468     0   BudgetFinal                                            T        -      -        -      Rules_BudgetConversion.rule
  939      38   173   BudgetConversion_DHW                                   T        -      T        T      Rules_BudgetConversion_DHW.rule
  940    2075     1   BudgetConversion_ZoneDHW_SwitchAlteredToExisting       T        -      T        T      Rules_BudgetConversion_DHW.rule
      ---------------------------------------------------------------------------------------------------------
  941    2082    24   BudgetConversion_DHWSys_SingleHeater                   T        -      T        T      Rules_BudgetConversion_DHW.rule
  942    2157    24   BudgetConversion_DHWSys_CentralElecHeaters             T        -      T        T      Rules_BudgetConversion_DHW.rule
  943    2265     6   BudgetConversion_DHWSys_AssignStdElecDHWHeaters        T        -      T        T      Rules_BudgetConversion_DHW.rule
  944    2290    14   BudgetConversion_DHWSys_CentralRecircGasBoiler         T        -      T        T      Rules_BudgetConversion_DHW.rule
  945    2315    31   BudgetConversion_DHWSys_CentralHPWH                    T        -      T        T      Rules_BudgetConversion_DHW.rule
      ---------------------------------------------------------------------------------------------------------
  946    2379    16   BudgetConversion_DHWSys_DRtg_Central                   T        -      T        T      Rules_BudgetConversion_DHW.rule
  947    2420     3   BudgetConversion_DHWHeater_ImportFromLibrary           T        -      T        -      Rules_BudgetConversion_DHW.rule
  948    2437     2   BudgetConversion_DHW_StdHPWHToCondZone                 T        -      T        -      Rules_BudgetConversion_DHW.rule
  949    2444     3   BudgetConversion_DHWHeater_HeaterElementType           T        -      T        -      Rules_BudgetConversion_DHW.rule
  950    2492     2   BudgetConversion_DHWHeater_TankType                    T        -      T        -      Rules_BudgetConversion_DHW.rule
      ---------------------------------------------------------------------------------------------------------
  951    2558     6   Blast_DHWSys_DWHRSysRefs                               T        -      -        -      Rules_BudgetConversion_DHW.rule
  952    2568     6   Blast_DwellUnitType_DWHRSysRefs_1                      T        -      -        -      Rules_BudgetConversion_DHW.rule
  953    2576     6   Blast_DwellUnitType_DWHRSysRefs_2                      T        -      -        -      Rules_BudgetConversion_DHW.rule
  954    2584     6   Blast_DwellUnitType_DWHRSysRefs_3                      T        -      -        -      Rules_BudgetConversion_DHW.rule
  955    2592     6   Blast_DwellUnitType_DWHRSysRefs_4                      T        -      -        -      Rules_BudgetConversion_DHW.rule
      ---------------------------------------------------------------------------------------------------------
  956    2600     6   Blast_DwellUnitType_DWHRSysRefs_5                      T        -      -        -      Rules_BudgetConversion_DHW.rule
  957      37    14   ProcessResults                                         T        -      -        -      Rules_Results.rule
  958     153     6   CARes_ProcessResults_SetResultsValidMsgs               T        -      T        -      Rules_Results.rule
  959     200    53   CARes_ProcessResults                                   T        -      -        -      Rules_Results.rule
  960     795     4   ProcessResults_PVScalingMessage                        T        -      T        -      Rules_Results.rule
      ---------------------------------------------------------------------------------------------------------
  961     857     5   ProcessResults_PVScalingMessage_NESW                   T        -      T        -      Rules_Results.rule
  962     865     4   ProcessResults_PVScalingMessage_N                      T        -      T        -      Rules_Results.rule
  963     927     4   ProcessResults_PVScalingMessage_E                      T        -      T        -      Rules_Results.rule
  964     989     4   ProcessResults_PVScalingMessage_S                      T        -      T        -      Rules_Results.rule
  965    1051    18   ProcessResults_PVScalingMessage_W                      T        -      T        -      Rules_Results.rule
      ---------------------------------------------------------------------------------------------------------
  966    1160     2   ProcessResults_ExcessPVMessage                         T        -      T        -      Rules_Results.rule
  967    1183     2   ProcessResults_ExcessPVMessage_N                       T        -      T        -      Rules_Results.rule
  968    1202     2   ProcessResults_ExcessPVMessage_E                       T        -      T        -      Rules_Results.rule
  969    1221     2   ProcessResults_ExcessPVMessage_S                       T        -      T        -      Rules_Results.rule
  970    1240     2   ProcessResults_ExcessPVMessage_W                       T        -      T        -      Rules_Results.rule
      ---------------------------------------------------------------------------------------------------------
  971    1261     4   ProcessResults_TargetDesignRating                      T        -      -        -      Rules_Results.rule
  972    1326     6   ProcessResults_TargetDesignRating_Iterate_MaxPVScaling   T        -      -        -      Rules_Results.rule
  973    1375     8   ProcessResults_TargetDesignRating_Iterate              T        -      -        -      Rules_Results.rule
  974    1476    12   ProcessResults_TargetDesignRating_StoreIterData        T        -      -        -      Rules_Results.rule
  975    1524     4   ProcessResults_TargetDesignRating_Success              T        -      T        -      Rules_Results.rule
      ---------------------------------------------------------------------------------------------------------
  976    1547     6   ProcessResults_TargetDesignRating_MaxPVConflict        T        -      T        -      Rules_Results.rule
  977    1575     4   ProcessResults_TargetDesignRating_Failure              T        -      T        -      Rules_Results.rule
  978    1615     4   CopyToAllOrientations_TargetDRtgPVMult                 T        -      T        -      Rules_Results.rule
  979    1626     4   CopyToAllOrientations_PropPVScaleFactor                T        -      T        -      Rules_Results.rule
  980    1666    23   ProcessResults_PreventReportingNegativeEDRs            T        -      T        -      Rules_Results.rule
      ---------------------------------------------------------------------------------------------------------
  981    1783    12   CARes_EnergyUse_CopyProposedResults                    T        -      -        -      Rules_Results.rule
  982    1801    60   CARes_EnergyUse_CopyProposedSummaryResults             T        -      T        -      Rules_Results.rule
  983    1871     7   CARes_StdMixedFuelResults                              T        -      T        -      Rules_Results.rule
  984    1936    16   CARes_StdMixedFuelResults_OrientationCopy              T        -      T        -      Rules_Results.rule
  985    1960    16   CARes_PrelimPropResults                                T        -      T        -      Rules_Results.rule
      ---------------------------------------------------------------------------------------------------------
  986    2067    16   CARes_PrelimPropResults_N                              T        -      T        -      Rules_Results.rule
  987    2172    16   CARes_PrelimPropResults_E                              T        -      T        -      Rules_Results.rule
  988    2273    16   CARes_PrelimPropResults_S                              T        -      T        -      Rules_Results.rule
  989    2374    16   CARes_PrelimPropResults_W                              T        -      T        -      Rules_Results.rule
  990    2478     1   ApplyPrelimRunResults                                  T        -      -        -      Rules_Results.rule
      ---------------------------------------------------------------------------------------------------------
  991    2490     1   CARes_PrelimPropPVScaling                              T        -      -        -      Rules_Results.rule
  992    2499     1   CARes_PrelimPropPVScaling_N                            T        -      -        -      Rules_Results.rule
  993    2506     1   CARes_PrelimPropPVScaling_E                            T        -      -        -      Rules_Results.rule
  994    2513     1   CARes_PrelimPropPVScaling_S                            T        -      -        -      Rules_Results.rule
  995    2520     1   CARes_PrelimPropPVScaling_W                            T        -      -        -      Rules_Results.rule
      ---------------------------------------------------------------------------------------------------------
  996    2530     6   CARes_PeakCoolElec                                     T        -      T        -      Rules_Results.rule
  997    2584     1   CARes_ProposedPeakCoolElec                             T        -      T        -      Rules_Results.rule
  998    2589     1   CARes_ProposedPeakCoolElec_N                           T        -      T        -      Rules_Results.rule
  999    2594     1   CARes_ProposedPeakCoolElec_E                           T        -      T        -      Rules_Results.rule
 1000    2599     1   CARes_ProposedPeakCoolElec_S                           T        -      T        -      Rules_Results.rule
      ---------------------------------------------------------------------------------------------------------
 1001    2604     1   CARes_ProposedPeakCoolElec_W                           T        -      T        -      Rules_Results.rule
 1002    2611     7   CARes_StandardPeakCoolElec                             T        -      T        -      Rules_Results.rule
 1003    2635     4   CARes_StandardPeakCoolElec_Exclude                     T        -      T        -      Rules_Results.rule
 1004    2644    28   CARes_StandardPeakCoolElec_NESW                        T        -      T        -      Rules_Results.rule
 1005    2738    16   CARes_StandardPeakCoolElec_NESW_Exclude                T        -      T        -      Rules_Results.rule
      ---------------------------------------------------------------------------------------------------------
 1006    2748    10   CARes_DesignRating_2019GHC                             T        -      T        -      Rules_Results.rule
 1007    2822     2   CARes_DesignRating_2019Standard                        T        -      T        -      Rules_Results.rule
 1008    2873    20   CARes_DesignRating_2019GHC_NESW                        T        -      T        -      Rules_Results.rule
 1009    3062     3   CARes_DesignRating_2019Standard_N                      T        -      T        -      Rules_Results.rule
 1010    3122     3   CARes_DesignRating_2019Standard_E                      T        -      T        -      Rules_Results.rule
      ---------------------------------------------------------------------------------------------------------
 1011    3182     3   CARes_DesignRating_2019Standard_S                      T        -      T        -      Rules_Results.rule
 1012    3242     3   CARes_DesignRating_2019Standard_W                      T        -      T        -      Rules_Results.rule
 1013    3304    42   CARes_Refresh_RunResults                               T        -      -        -      Rules_Results.rule
 1014    3371    75   CARes_ProposedResults                                  T        -      T        -      Rules_Results.rule
 1015    3568    45   CARes_Refresh_RunResults_N                             T        -      -        -      Rules_Results.rule
      ---------------------------------------------------------------------------------------------------------
 1016    3640    75   CARes_ProposedResults_N                                T        -      T        -      Rules_Results.rule
 1017    3831    42   CARes_Refresh_RunResults_E                             T        -      -        -      Rules_Results.rule
 1018    3896    74   CARes_ProposedResults_E                                T        -      T        -      Rules_Results.rule
 1019    4085    42   CARes_Refresh_RunResults_S                             T        -      -        -      Rules_Results.rule
 1020    4150    74   CARes_ProposedResults_S                                T        -      T        -      Rules_Results.rule
      ---------------------------------------------------------------------------------------------------------
 1021    4339    42   CARes_Refresh_RunResults_W                             T        -      -        -      Rules_Results.rule
 1022    4404    74   CARes_ProposedResults_W                                T        -      T        -      Rules_Results.rule
 1023    4593    70   CARes_StandardResults                                  T        -      T        -      Rules_Results.rule
 1024    4755    67   CARes_DesignRatingResults                              T        -      -        -      Rules_Results.rule
 1025    4907   226   CARes_StandardResults_NESW                             T        -      T        -      Rules_Results.rule
      ---------------------------------------------------------------------------------------------------------
 1026    5266    10   CARes_Results_StoreInputPVSize                         T        -      T        -      Rules_Results.rule
 1027    5290     9   CARes_Results_PVReporting                              T        -      T        -      Rules_Results.rule
 1028    5328   210   CARes_DesignRatingResults_NESW                         T        -      -        -      Rules_Results.rule
 1029    5656    85   CARes_ProposedTDVResults                               T        -      -        -      Rules_Results.rule
 1030    5874    85   CARes_ProposedTDVResults_N                             T        -      -        -      Rules_Results.rule
      ---------------------------------------------------------------------------------------------------------
 1031    6089    85   CARes_ProposedTDVResults_E                             T        -      -        -      Rules_Results.rule
 1032    6302    85   CARes_ProposedTDVResults_S                             T        -      -        -      Rules_Results.rule
 1033    6515    85   CARes_ProposedTDVResults_W                             T        -      -        -      Rules_Results.rule
 1034    6729    13   CARes_DRtgPropMultTDVResults                           T        -      -        -      Rules_Results.rule
 1035    6757    13   CARes_DRtgPropMultTDVResults_N                         T        -      -        -      Rules_Results.rule
      ---------------------------------------------------------------------------------------------------------
 1036    6785    13   CARes_DRtgPropMultTDVResults_E                         T        -      -        -      Rules_Results.rule
 1037    6813    13   CARes_DRtgPropMultTDVResults_S                         T        -      -        -      Rules_Results.rule
 1038    6841    13   CARes_DRtgPropMultTDVResults_W                         T        -      -        -      Rules_Results.rule
 1039    6870     2   CARes_CalculatePVCredit_2013Compliance                 T        -      -        -      Rules_Results.rule
 1040    6882    10   CARes_CalculatePVCredit_2016Compliance                 T        -      -        -      Rules_Results.rule
      ---------------------------------------------------------------------------------------------------------
 1041    6963     3   CARes_CalculatePVCredit_2016DesignRating               T        -      -        -      Rules_Results.rule
 1042    6984     2   CARes_ZeroOutCompPVCredit_InsufficientPVRatedPower_WarnUser   T        -      -        -      Rules_Results.rule
 1043    6992     6   CARes_ZeroOutCompPVCredit_InsufficientPVRatedPower     T        -      -        -      Rules_Results.rule
 1044    7015   124   CARes_StandardTDVResults                               T        -      -        -      Rules_Results.rule
 1045    7267    21   CARes_StandardTDVResults_PVonly                        T        -      -        -      Rules_Results.rule
      ---------------------------------------------------------------------------------------------------------
 1046    7330   150   CARes_DesignRatingTDVResults                           T        -      -        -      Rules_Results.rule
 1047    7685   441   CARes_StandardTDVResults_NESW                          T        -      -        -      Rules_Results.rule
 1048    8310    87   CARes_StandardTDVResults_PVonly_NESW                   T        -      -        -      Rules_Results.rule
 1049    8463   544   CARes_DesignRatingTDVResults_NESW                      T        -      -        -      Rules_Results.rule
 1050    9387     1   CARes_CopyRunResultsOnly_SetWorst                      T        -      T        -      Rules_Results.rule
      ---------------------------------------------------------------------------------------------------------
 1051    9398    13   CARes_CopyRunResultsOnly_SetWorst_N                    T        -      T        -      Rules_Results.rule
 1052    9414    13   CARes_CopyRunResultsOnly_SetWorst_E                    T        -      T        -      Rules_Results.rule
 1053    9430    13   CARes_CopyRunResultsOnly_SetWorst_S                    T        -      T        -      Rules_Results.rule
 1054    9446    13   CARes_CopyRunResultsOnly_SetWorst_W                    T        -      T        -      Rules_Results.rule
 1055    9464     3   CARes_RunResults_SetWorst_N                            T        -      T        -      Rules_Results.rule
      ---------------------------------------------------------------------------------------------------------
 1056    9569     3   CARes_RunResults_SetWorst_E                            T        -      T        -      Rules_Results.rule
 1057    9674     3   CARes_RunResults_SetWorst_S                            T        -      T        -      Rules_Results.rule
 1058    9779     3   CARes_RunResults_SetWorst_W                            T        -      T        -      Rules_Results.rule
 1059    9887     8   CARes_ProposedSummary                                  T        -      T        -      Rules_Results.rule
 1060   10001     9   CARes_ProposedSummary_ScalePV_2016                     T        -      T        -      Rules_Results.rule
      ---------------------------------------------------------------------------------------------------------
 1061   10055    19   CARes_ProposedSummary_ScalePV                          T        -      T        -      Rules_Results.rule
 1062   10111    19   CARes_ProposedSummary_N_ScalePV                        T        -      T        -      Rules_Results.rule
 1063   10166     9   CARes_ProposedSummary_N_ScalePV_2016                   T        -      T        -      Rules_Results.rule
 1064   10204    19   CARes_ProposedSummary_E_ScalePV                        T        -      T        -      Rules_Results.rule
 1065   10259     9   CARes_ProposedSummary_E_ScalePV_2016                   T        -      T        -      Rules_Results.rule
      ---------------------------------------------------------------------------------------------------------
 1066   10297    19   CARes_ProposedSummary_S_ScalePV                        T        -      T        -      Rules_Results.rule
 1067   10352     9   CARes_ProposedSummary_S_ScalePV_2016                   T        -      T        -      Rules_Results.rule
 1068   10390    19   CARes_ProposedSummary_W_ScalePV                        T        -      T        -      Rules_Results.rule
 1069   10445     9   CARes_ProposedSummary_W_ScalePV_2016                   T        -      T        -      Rules_Results.rule
 1070   10511    18   CARes_ProposedSummary_Main                             T        -      T        -      Rules_Results.rule
      ---------------------------------------------------------------------------------------------------------
 1071   10551    68   CARes_Summary_Prop_Only                                T        -      T        -      Rules_Results.rule
 1072   10763    34   CARes_Summary_Prop_Research                            T        -      T        -      Rules_Results.rule
 1073   10852   121   CARes_StandardSummary                                  T        -      T        -      Rules_Results.rule
 1074   11094    21   CARes_StandardSummary_PVonly                           T        -      T        -      Rules_Results.rule
 1075   11161    26   CARes_SelfUtilizationCredit_2025                       T        -      T        -      Rules_Results.rule
      ---------------------------------------------------------------------------------------------------------
 1076   11290    27   CARes_SummaryCredits                                   T        -      T        -      Rules_Results.rule
 1077   11415    84   CARes_SummaryCredits_NESW                              T        -      T        -      Rules_Results.rule
 1078   11711   122   CARes_DesignRatingSummary                              T        -      T        -      Rules_Results.rule
 1079   11989     2   CARes_FinalRun_SelfUtilizationCredit                   T        -      T        -      Rules_Results.rule
 1080   12004    12   CARes_FlexibilitySummary_SingleOrientation             T        -      T        -      Rules_Results.rule
      ---------------------------------------------------------------------------------------------------------
 1081   12068    10   CARes_DesignRatingSummary_SingleOrientation            T        -      T        -      Rules_Results.rule
 1082   12194    12   CARes_FlexibilitySummary_North                         T        -      T        -      Rules_Results.rule
 1083   12251    12   CARes_FlexibilitySummary_East                          T        -      T        -      Rules_Results.rule
 1084   12307    12   CARes_FlexibilitySummary_South                         T        -      T        -      Rules_Results.rule
 1085   12363    12   CARes_FlexibilitySummary_West                          T        -      T        -      Rules_Results.rule
      ---------------------------------------------------------------------------------------------------------
 1086   12420    42   CARes_DesignRatingSummary_AllOrientations              T        -      T        -      Rules_Results.rule
 1087   12712    89   CARes_ProposedSummary_N                                T        -      T        -      Rules_Results.rule
 1088   12915    90   CARes_ProposedSummary_E                                T        -      T        -      Rules_Results.rule
 1089   13120    91   CARes_ProposedSummary_S                                T        -      T        -      Rules_Results.rule
 1090   13327    90   CARes_ProposedSummary_W                                T        -      T        -      Rules_Results.rule
      ---------------------------------------------------------------------------------------------------------
 1091   13533   479   CARes_StandardSummary_NESW                             T        -      T        -      Rules_Results.rule
 1092   14402    92   CARes_StandardSummary_PVonly_NESW                      T        -      T        -      Rules_Results.rule
 1093   14624    22   CARes_SelfUtilizationCredit_2025_N                     T        -      T        -      Rules_Results.rule
 1094   14708    22   CARes_SelfUtilizationCredit_2025_E                     T        -      T        -      Rules_Results.rule
 1095   14793    22   CARes_SelfUtilizationCredit_2025_S                     T        -      T        -      Rules_Results.rule
      ---------------------------------------------------------------------------------------------------------
 1096   14878    22   CARes_SelfUtilizationCredit_2025_W                     T        -      T        -      Rules_Results.rule
 1097   14965   465   CARes_DesignRatingSummary_NESW                         T        -      T        -      Rules_Results.rule
 1098   16009    12   CARes_SummaryTab                                       T        -      T        -      Rules_Results.rule
 1099   16034    30   CARes_SummaryTab_2019                                  T        -      T        -      Rules_Results.rule
 1100   16117    16   CARes_SummaryTab_2022                                  T        -      T        -      Rules_Results.rule
      ---------------------------------------------------------------------------------------------------------
 1101   16158     3   CARes_SummaryTab_2025                                  T        -      T        -      Rules_Results.rule
 1102   16200    22   CARes_SummaryTab_NESW                                  T        -      T        -      Rules_Results.rule
 1103   16258    51   CARes_SummaryTab_2019_NESW                             T        -      T        -      Rules_Results.rule
 1104   16389    22   CARes_SummaryTab_2022_NESW                             T        -      T        -      Rules_Results.rule
 1105   16446    47   CARes_SummaryTab_2025_NESW                             T        -      T        -      Rules_Results.rule
      ---------------------------------------------------------------------------------------------------------
 1106   16546   128   EUseSummary_CombinePVBatteryResults                    T        -      T        -      Rules_Results.rule
 1107   16572     2   ProcessResults_DHWSolarSys_OG300SSF                    T        -      T        -      Rules_Results.rule
 1108   16582     2   ProcessResults_DHWSolarSys_OG300SSF_N                  T        -      T        -      Rules_Results.rule
 1109   16592     2   ProcessResults_DHWSolarSys_OG300SSF_E                  T        -      T        -      Rules_Results.rule
 1110   16602     2   ProcessResults_DHWSolarSys_OG300SSF_S                  T        -      T        -      Rules_Results.rule
      ---------------------------------------------------------------------------------------------------------
 1111   16612     2   ProcessResults_DHWSolarSys_OG300SSF_W                  T        -      T        -      Rules_Results.rule
 1112   16625     3   CARes_ReportDHWSSF                                     T        -      T        -      Rules_Results.rule
 1113   16640    13   CARes_ReportDHWSSF_NESW                                T        -      T        -      Rules_Results.rule
 1114   16666     0   FinalCompliance                                        T        -      -        -      Rules_Results.rule
 1115   16683     2   CheckFileHash                                          T        -      -        T      Rules_Results.rule
      ---------------------------------------------------------------------------------------------------------
 1116   16699    13   SetReportKeys                                          T        -      -        T      Rules_Results.rule
 1117      38    67   CARes_ProposedSrcEnergyResults                         T        -      -        -      Rules_Results_SrcEnergy.rule
 1118     201    67   CARes_ProposedSrcEnergyResults_N                       T        -      -        -      Rules_Results_SrcEnergy.rule
 1119     365    67   CARes_ProposedSrcEnergyResults_E                       T        -      -        -      Rules_Results_SrcEnergy.rule
 1120     527    67   CARes_ProposedSrcEnergyResults_S                       T        -      -        -      Rules_Results_SrcEnergy.rule
      ---------------------------------------------------------------------------------------------------------
 1121     689    67   CARes_ProposedSrcEnergyResults_W                       T        -      -        -      Rules_Results_SrcEnergy.rule
 1122     852    13   CARes_DRtgPropMultSrcEnergyResults                     T        -      -        -      Rules_Results_SrcEnergy.rule
 1123     871    13   CARes_DRtgPropMultSrcEnergyResults_N                   T        -      -        -      Rules_Results_SrcEnergy.rule
 1124     890    13   CARes_DRtgPropMultSrcEnergyResults_E                   T        -      -        -      Rules_Results_SrcEnergy.rule
 1125     909    13   CARes_DRtgPropMultSrcEnergyResults_S                   T        -      -        -      Rules_Results_SrcEnergy.rule
      ---------------------------------------------------------------------------------------------------------
 1126     928    13   CARes_DRtgPropMultSrcEnergyResults_W                   T        -      -        -      Rules_Results_SrcEnergy.rule
 1127     948    62   CARes_StandardSrcEnergyResults                         T        -      -        -      Rules_Results_SrcEnergy.rule
 1128    1115    62   CARes_StandardSrcEnergyResults_2025                    T        -      -        -      Rules_Results_SrcEnergy.rule
 1129    1282    26   CARes_StandardSrcEnergyResults_Margins                 T        -      -        -      Rules_Results_SrcEnergy.rule
 1130    1318   218   CARes_StandardSrcEnergyResults_2025_NESW               T        -      -        -      Rules_Results_SrcEnergy.rule
      ---------------------------------------------------------------------------------------------------------
 1131    1630   104   CARes_StandardSrcEnergyResults_Margins_NESW            T        -      -        -      Rules_Results_SrcEnergy.rule
 1132    1756   100   CARes_DesignRatingSrcEnergyResults                     T        -      -        -      Rules_Results_SrcEnergy.rule
 1133    1988   312   CARes_StandardSrcEnergyResults_NESW                    T        -      -        -      Rules_Results_SrcEnergy.rule
 1134    2488   374   CARes_DesignRatingSrcEnergyResults_NESW                T        -      -        -      Rules_Results_SrcEnergy.rule
 1135    3069   104   CARes_RunResults_SetWorst_SrcEnergy_N                  T        -      T        -      Rules_Results_SrcEnergy.rule
      ---------------------------------------------------------------------------------------------------------
 1136    3246   104   CARes_RunResults_SetWorst_SrcEnergy_E                  T        -      T        -      Rules_Results_SrcEnergy.rule
 1137    3360   104   CARes_RunResults_SetWorst_SrcEnergy_S                  T        -      T        -      Rules_Results_SrcEnergy.rule
 1138    3474   104   CARes_RunResults_SetWorst_SrcEnergy_W                  T        -      T        -      Rules_Results_SrcEnergy.rule
 1139    3591     8   CARes_ProposedSummary_SrcEnergy_ScalePV                T        -      T        -      Rules_Results_SrcEnergy.rule
 1140    3631     8   CARes_ProposedSummary_SrcEnergy_N_ScalePV              T        -      T        -      Rules_Results_SrcEnergy.rule
      ---------------------------------------------------------------------------------------------------------
 1141    3670     8   CARes_ProposedSummary_SrcEnergy_E_ScalePV              T        -      T        -      Rules_Results_SrcEnergy.rule
 1142    3710     8   CARes_ProposedSummary_SrcEnergy_S_ScalePV              T        -      T        -      Rules_Results_SrcEnergy.rule
 1143    3750     8   CARes_ProposedSummary_SrcEnergy_W_ScalePV              T        -      T        -      Rules_Results_SrcEnergy.rule
 1144    3792   105   CARes_SourceEnergySummary                              T        -      T        -      Rules_Results_SrcEnergy.rule
 1145    3951    18   CARes_SelfUtilizationCredit_Source                     T        -      T        -      Rules_Results_SrcEnergy.rule
      ---------------------------------------------------------------------------------------------------------
 1146    4025   418   CARes_SourceEnergySummary_NESW                         T        -      T        -      Rules_Results_SrcEnergy.rule
 1147    4640    72   CARes_SelfUtilizationCredit_Source_NESW                T        -      T        -      Rules_Results_SrcEnergy.rule
 1148      46    67   CARes_PropFlexResults                                  T        -      -        -      Rules_Results_PropFlex.rule
 1149     209    67   CARes_PropFlexResults_N                                T        -      -        -      Rules_Results_PropFlex.rule
 1150     368    67   CARes_PropFlexResults_E                                T        -      -        -      Rules_Results_PropFlex.rule
      ---------------------------------------------------------------------------------------------------------
 1151     527    67   CARes_PropFlexResults_S                                T        -      -        -      Rules_Results_PropFlex.rule
 1152     686    67   CARes_PropFlexResults_W                                T        -      -        -      Rules_Results_PropFlex.rule
 1153     847    79   CARes_PropFlexTDVResults                               T        -      -        -      Rules_Results_PropFlex.rule
 1154    1050    79   CARes_PropFlexTDVResults_N                             T        -      -        -      Rules_Results_PropFlex.rule
 1155    1253    79   CARes_PropFlexTDVResults_E                             T        -      -        -      Rules_Results_PropFlex.rule
      ---------------------------------------------------------------------------------------------------------
 1156    1454    79   CARes_PropFlexTDVResults_S                             T        -      -        -      Rules_Results_PropFlex.rule
 1157    1655    79   CARes_PropFlexTDVResults_W                             T        -      -        -      Rules_Results_PropFlex.rule
 1158    1857    61   CARes_PropFlexSrcEnergyResults                         T        -      -        -      Rules_Results_PropFlex.rule
 1159    2001    61   CARes_PropFlexSrcEnergyResults_N                       T        -      -        -      Rules_Results_PropFlex.rule
 1160    2145    61   CARes_PropFlexSrcEnergyResults_E                       T        -      -        -      Rules_Results_PropFlex.rule
      ---------------------------------------------------------------------------------------------------------
 1161    2289    61   CARes_PropFlexSrcEnergyResults_S                       T        -      -        -      Rules_Results_PropFlex.rule
 1162    2433    61   CARes_PropFlexSrcEnergyResults_W                       T        -      -        -      Rules_Results_PropFlex.rule
 1163    2580     5   CARes_PropFlexSummary                                  T        -      T        -      Rules_Results_PropFlex.rule
 1164    2659    22   CARes_PropFlexSummary_ScalePV                          T        -      T        -      Rules_Results_PropFlex.rule
 1165    2720     5   CARes_PropFlexSummary_N                                T        -      T        -      Rules_Results_PropFlex.rule
      ---------------------------------------------------------------------------------------------------------
 1166    2789     5   CARes_PropFlexSummary_E                                T        -      T        -      Rules_Results_PropFlex.rule
 1167    2858     5   CARes_PropFlexSummary_S                                T        -      T        -      Rules_Results_PropFlex.rule
 1168    2927     5   CARes_PropFlexSummary_W                                T        -      T        -      Rules_Results_PropFlex.rule
 1169    2997    22   CARes_PropFlexSummary_N_ScalePV                        T        -      T        -      Rules_Results_PropFlex.rule
 1170    3056    22   CARes_PropFlexSummary_E_ScalePV                        T        -      T        -      Rules_Results_PropFlex.rule
      ---------------------------------------------------------------------------------------------------------
 1171    3115    22   CARes_PropFlexSummary_S_ScalePV                        T        -      T        -      Rules_Results_PropFlex.rule
 1172    3174    22   CARes_PropFlexSummary_W_ScalePV                        T        -      T        -      Rules_Results_PropFlex.rule
 1173      40    68   CARes_ProposedResults_Carbon                           T        -      T        -      Rules_Results_Carbon.rule
 1174     222    26   CARes_PropFlexResults_Carbon                           T        -      T        -      Rules_Results_Carbon.rule
 1175     377    64   CARes_StandardResults_Carbon                           T        -      T        -      Rules_Results_Carbon.rule
      ---------------------------------------------------------------------------------------------------------
 1176     528    64   CARes_DesignRatingResults_Carbon                       T        -      T        -      Rules_Results_Carbon.rule
 1177     680    13   CARes_RoundResults_Carbon                              T        -      T        -      Rules_Results_Carbon.rule
 1178     729    32   CARes_RoundResults_ProposedCarbon_NESW                 T        -      T        -      Rules_Results_Carbon.rule
 1179     843    68   CARes_ProposedResults_Carbon_N                         T        -      T        -      Rules_Results_Carbon.rule
 1180    1020    68   CARes_ProposedResults_Carbon_E                         T        -      T        -      Rules_Results_Carbon.rule
      ---------------------------------------------------------------------------------------------------------
 1181    1197    68   CARes_ProposedResults_Carbon_S                         T        -      T        -      Rules_Results_Carbon.rule
 1182    1374   269   CARes_ProposedResults_Carbon_W                         T        -      T        -      Rules_Results_Carbon.rule
 1183    1767    22   CARes_PropFlexResults_Carbon_N                         T        -      T        -      Rules_Results_Carbon.rule
 1184    1880    22   CARes_PropFlexResults_Carbon_E                         T        -      T        -      Rules_Results_Carbon.rule
 1185    1993    22   CARes_PropFlexResults_Carbon_S                         T        -      T        -      Rules_Results_Carbon.rule
      ---------------------------------------------------------------------------------------------------------
 1186    2106    22   CARes_PropFlexResults_Carbon_W                         T        -      T        -      Rules_Results_Carbon.rule
 1187    2219   244   CARes_StandardResults_Carbon_NESW                      T        -      T        -      Rules_Results_Carbon.rule
 1188    2564   244   CARes_DesignRatingResults_Carbon_NESW                  T        -      T        -      Rules_Results_Carbon.rule
 1189    2909    72   CARes_CO2DesignRating_SingleOrientation                T        -      -        T      Rules_Results_Carbon.rule
 1190    3087   122   CARes_CO2Details_SingleOrientation                     T        -      T        T      Rules_Results_Carbon.rule
      ---------------------------------------------------------------------------------------------------------
 1191    3481   488   CARes_CO2Details_AllOrientations                       T        -      T        T      Rules_Results_Carbon.rule
 1192    4985   123   CARes_RunResults_SetWorstCarbon_N                      T        -      T        -      Rules_Results_Carbon.rule
 1193    5119   123   CARes_RunResults_SetWorstCarbon_E                      T        -      T        -      Rules_Results_Carbon.rule
 1194    5253   123   CARes_RunResults_SetWorstCarbon_S                      T        -      T        -      Rules_Results_Carbon.rule
 1195    5387   123   CARes_RunResults_SetWorstCarbon_W                      T        -      T        -      Rules_Results_Carbon.rule
      ---------------------------------------------------------------------------------------------------------
 1196      37   116   Reporting_SummarizeModel                               T        -      -        T      Rules_Rpt_BuildingSummaryCSV.rule
 1197     330   283   Reporting_HERS_SpecialFeaturesSummary                  T        -      -        T      Rules_Rpt_BuildingSummaryCSV.rule
 1198    1506     1   Force_Existing_HVACDist_DuctLeakage                    T        -      -        T      Rules_Rpt_BuildingSummaryCSV.rule
 1199    1515     1   CreateAndAssignAsUserDefined_Proj_HERSOther            T        -      T        T      Rules_Rpt_BuildingSummaryCSV.rule
 1200    1519     1   CreateAndAssignAsUserDefined_HVACCool_HERSCool         T        -      T        T      Rules_Rpt_BuildingSummaryCSV.rule
      ---------------------------------------------------------------------------------------------------------
 1201    1523     1   CreateAndAssignAsUserDefined_HVACHtPump_HERSCool       T        -      T        T      Rules_Rpt_BuildingSummaryCSV.rule
 1202    1527     1   CreateAndAssignAsUserDefined_HVACHtPump_HERSHeatRef    T        -      T        T      Rules_Rpt_BuildingSummaryCSV.rule
 1203    1531     1   CreateAndAssignAsUserDefined_HVACHtPump_HERSHtPump     T        -      T        T      Rules_Rpt_BuildingSummaryCSV.rule
 1204    1535     1   CreateAndAssignAsUserDefined_HVACDist_HERSDist         T        -      T        T      Rules_Rpt_BuildingSummaryCSV.rule
 1205    1539     1   CreateAndAssignAsUserDefined_HVACFan_HERSFan           T        -      T        T      Rules_Rpt_BuildingSummaryCSV.rule
      ---------------------------------------------------------------------------------------------------------
 1206    1547     1   CreateAndAssignAsUserDefined_Proj_HERSDist             T        -      T        T      Rules_Rpt_BuildingSummaryCSV.rule
 1207    1551     1   CreateAndAssignAsUserDefined_Proj_HERSFan              T        -      T        T      Rules_Rpt_BuildingSummaryCSV.rule
 1208    1555     1   CreateAndAssignAsUserDefined_DHWSys_HERSDHWSys         T        -      T        T      Rules_Rpt_BuildingSummaryCSV.rule
 1209    1559     1   CreateAndAssignAsUserDefined_Proj_HERSDHWSys           T        -      T        T      Rules_Rpt_BuildingSummaryCSV.rule
 1210    1563     1   CreateAndAssignAsUserDefined_Proj_SpeclFtr             T        -      T        T      Rules_Rpt_BuildingSummaryCSV.rule
      ---------------------------------------------------------------------------------------------------------
 1211    1569    16   CreateAndAssignAsUserDefined_HVACHtPump_HERSCoolHeat_Populate   T        -      -        T      Rules_Rpt_BuildingSummaryCSV.rule
 1212    1679    19   CreateAndAssignAsUserDefined_HVACHtPump_HERSHtPump_Populate   T        -      -        T      Rules_Rpt_BuildingSummaryCSV.rule
 1213    1791     9   ProposedReportPrep                                     T        -      -        T      Rules_Rpt_BuildingSummaryCSV.rule
 1214    1842     2   Setup_DwellUnitReportingObjects                        T        -      T        T      Rules_Rpt_BuildingSummaryCSV.rule
 1215    1849     3   Default_DwellUnitReportObject                          -        -      -        T      Rules_Rpt_BuildingSummaryCSV.rule
      ---------------------------------------------------------------------------------------------------------
 1216    1859   121   ReportMaster_Building_Summary_csv                      T        -      -        T      Rules_Rpt_BuildingSummaryCSV.rule
 1217    2216    10   ExtWall_Data_Report                                    -        -      -        -      Rules_Rpt_BuildingSummaryCSV.rule
 1218    2234     7   UndWall_Data_Report                                    -        -      -        -      Rules_Rpt_BuildingSummaryCSV.rule
 1219    2251    12   CathedralCeiling_Data_Report                           -        -      -        -      Rules_Rpt_BuildingSummaryCSV.rule
 1220    2271     7   CeilingBelowAttic_Data_Report                          -        -      -        -      Rules_Rpt_BuildingSummaryCSV.rule
      ---------------------------------------------------------------------------------------------------------
 1221    2286     8   SlabFloor_Data_Report                                  -        -      -        -      Rules_Rpt_BuildingSummaryCSV.rule
 1222    2301     6   ExteriorFloor_Data_Report                              -        -      -        -      Rules_Rpt_BuildingSummaryCSV.rule
 1223    2316     6   FloorOverCrawl_Data_Report                             -        -      -        -      Rules_Rpt_BuildingSummaryCSV.rule
 1224    2329     5   UndFloor_Data_Report                                   -        -      -        -      Rules_Rpt_BuildingSummaryCSV.rule
 1225    2342    11   Win_Data_Report                                        -        -      -        -      Rules_Rpt_BuildingSummaryCSV.rule
      ---------------------------------------------------------------------------------------------------------
 1226    2364     8   Attic_Data_Report                                      -        -      -        -      Rules_Rpt_BuildingSummaryCSV.rule
 1227    2379     5   CrawlSpace_Data_Report                                 -        -      -        -      Rules_Rpt_BuildingSummaryCSV.rule
 1228    2391     8   Skylt_Data_Report                                      -        -      -        -      Rules_Rpt_BuildingSummaryCSV.rule
 1229    2407    16   Cons_Data_Report                                       -        -      -        -      Rules_Rpt_BuildingSummaryCSV.rule
 1230    2522    33   DwellingUnit_Data_Report                               -        -      -        -      Rules_Rpt_BuildingSummaryCSV.rule
      ---------------------------------------------------------------------------------------------------------
 1231    2596   191   Zone_Data_Report                                       -        -      -        -      Rules_Rpt_BuildingSummaryCSV.rule
 1232    7885   170   HVACSys_Data_Report                                    -        -      -        -      Rules_Rpt_BuildingSummaryCSV.rule
 1233      38    11   HtPumpPerfMap_Defaulting                               T        -      -        T      Rules_VCHP3.rule
 1234      92    35   HtPumpPerfMap_Defaulting_Single                        T        -      -        T      Rules_VCHP3.rule
 1235     162     4   HtPumpPerfMap_Defaulting_Two                           T        -      -        T      Rules_VCHP3.rule
      ---------------------------------------------------------------------------------------------------------
 1236     174   113   HtPumpPerfMap_Defaulting_Variable                      T        -      -        T      Rules_VCHP3.rule
 1237     387   125   HtPumpPerfMap_CreatePerformanceMaps_Variable           T        -      -        T      Rules_VCHP3.rule
 1238     563    36   HtPumpPerfMap_CreatePerformanceMaps_Variable_RemoveTemp2Vals   T        -      -        T      Rules_VCHP3.rule
 1239     610    85   HtPumpPerfMap_CreatePerformanceMaps_SingleSpeed        T        -      -        T      Rules_VCHP3.rule
 1240     807    20   HtPumpPerfMap_CreatePerformanceMaps_SingleSpeed_RemoveTemp2Vals   T        -      -        T      Rules_VCHP3.rule
      ---------------------------------------------------------------------------------------------------------
 1241     839     1   HtPumpPerfMap_BlastVCHP2Inputs                         T        -      -        T      Rules_VCHP3.rule
 1242      38     7   ClgPerfMap_Defaulting                                  T        -      -        T      Rules_Default_ResAirCond-PerfMap.rule
 1243      76    16   ClgPerfMap_Defaulting_Single                           T        -      -        T      Rules_Default_ResAirCond-PerfMap.rule
 1244     126     1   ClgPerfMap_Defaulting_Two                              T        -      -        T      Rules_Default_ResAirCond-PerfMap.rule
 1245     136    54   ClgPerfMap_Defaulting_Variable                         T        -      -        T      Rules_Default_ResAirCond-PerfMap.rule
      ---------------------------------------------------------------------------------------------------------
 1246     330    68   ClgPerfMap_CreatePerformanceMaps_Variable              T        -      -        T      Rules_Default_ResAirCond-PerfMap.rule
 1247     425    36   ClgPerfMap_CreatePerformanceMaps_Variable_RemoveTemp2Vals   T        -      -        T      Rules_Default_ResAirCond-PerfMap.rule
 1248     472    46   ClgPerfMap_CreatePerformanceMaps_SingleSpeed           T        -      -        T      Rules_Default_ResAirCond-PerfMap.rule
 1249     588    20   ClgPerfMap_CreatePerformanceMaps_SingleSpeed_RemoveTemp2Vals   T        -      -        T      Rules_Default_ResAirCond-PerfMap.rule
 1250      36  1180   CF1RPRF01E_Proposed                                    T        -      -        -      CF1RPRF01E_Master.rule
      ---------------------------------------------------------------------------------------------------------
 1251    8432    15   CF1RPRF01E_Final                                       T        -      -        -      CF1RPRF01E_Master.rule
 1252    8556    10   CF1RPRF01E_Section_Umlh_SingleOrientation_Populate     T        -      -        -      CF1RPRF01E_Master.rule
 1253    8594     5   CF1RPRF01E_Section_Umlh_MultipleOrientations_Populate   T        -      -        -      CF1RPRF01E_Master.rule
 1254    8623    11   CF1RPRF01E_Section_Umlh_MultipleOrientations_Populate_North   T        -      -        -      CF1RPRF01E_Master.rule
 1255    8672    11   CF1RPRF01E_Section_Umlh_MultipleOrientations_Populate_East   T        -      -        -      CF1RPRF01E_Master.rule
      ---------------------------------------------------------------------------------------------------------
 1256    8705    11   CF1RPRF01E_Section_Umlh_MultipleOrientations_Populate_South   T        -      -        -      CF1RPRF01E_Master.rule
 1257    8738    11   CF1RPRF01E_Section_Umlh_MultipleOrientations_Populate_West   T        -      -        -      CF1RPRF01E_Master.rule
 1258    8776     3   CF1RPRF01E_Section_ComplianceSummary_SingleOrientation_Create   T        -      -        -      CF1RPRF01E_Master.rule
 1259    8782    51   CF1RPRF01E_Section_ComplianceSummary_SingleOrientation_Populate   T        -      -        -      CF1RPRF01E_Master.rule
 1260    8892     3   CF1RPRF01E_Section_ComplianceSummary_MultipleOrientations_Create   T        -      -        -      CF1RPRF01E_Master.rule
      ---------------------------------------------------------------------------------------------------------
 1261    8898    33   CF1RPRF01E_Section_ComplianceSummary_MultipleOrientations_Populate   T        -      -        -      CF1RPRF01E_Master.rule
 1262    8984     9   CF1RPRF01E_North_cf1rLscProposedDesign                 T        -      -        -      CF1RPRF01E_Master.rule
 1263    8999     8   CF1RPRF01E_East_cf1rLscProposedDesign                  T        -      -        -      CF1RPRF01E_Master.rule
 1264    9013     8   CF1RPRF01E_South_cf1rLscProposedDesign                 T        -      -        -      CF1RPRF01E_Master.rule
 1265    9027     8   CF1RPRF01E_West_cf1rLscProposedDesign                  T        -      -        -      CF1RPRF01E_Master.rule
      ---------------------------------------------------------------------------------------------------------
 1266    9041     9   CF1RPRF01E_North_cf1rLscComplianceMargin               T        -      -        -      CF1RPRF01E_Master.rule
 1267    9056     8   CF1RPRF01E_East_cf1rLscComplianceMargin                T        -      -        -      CF1RPRF01E_Master.rule
 1268    9070     8   CF1RPRF01E_South_cf1rLscComplianceMargin               T        -      -        -      CF1RPRF01E_Master.rule
 1269    9084     8   CF1RPRF01E_West_cf1rLscComplianceMargin                T        -      -        -      CF1RPRF01E_Master.rule
 1270    9101     2   CF1RPRF01E_Section_EnergyDesignRatings_SingleOrientation_Create   T        -      -        -      CF1RPRF01E_Master.rule
      ---------------------------------------------------------------------------------------------------------
 1271    9106    22   CF1RPRF01E_Section_EnergyDesignRatings_SingleOrientation_Populate   T        -      -        -      CF1RPRF01E_Master.rule
 1272    9184     2   CF1RPRF01E_Section_EnergyDesignRatings_MultipleOrientations_Create   T        -      -        -      CF1RPRF01E_Master.rule
 1273    9189    19   CF1RPRF01E_Section_EnergyDesignRatings_MultipleOrientations_Populate   T        -      -        -      CF1RPRF01E_Master.rule
 1274    9254     7   CF1RPRF01E_First_cf1rProposedDesign                    T        -      -        -      CF1RPRF01E_Master.rule
 1275    9267     7   CF1RPRF01E_Second_cf1rProposedDesign                   T        -      -        -      CF1RPRF01E_Master.rule
      ---------------------------------------------------------------------------------------------------------
 1276    9280     7   CF1RPRF01E_Third_cf1rProposedDesign                    T        -      -        -      CF1RPRF01E_Master.rule
 1277    9293     7   CF1RPRF01E_Fourth_cf1rProposedDesign                   T        -      -        -      CF1RPRF01E_Master.rule
 1278    9307     7   CF1RPRF01E_Section_Da                                  T        -      -        -      CF1RPRF01E_Master.rule
 1279    9343    13   CF1RPRF01E_Section_Da_Row1_CommunitySolar              T        -      -        -      CF1RPRF01E_Master.rule
 1280    9365     1   CF1RPRF01E_Set_Da02_PhotoVoltaicExceptionRes           T        -      -        -      CF1RPRF01E_Master.rule
      ---------------------------------------------------------------------------------------------------------
 1281    9388    11   CF1RPRF01E_Section_Da_Row1_0ReqPVException             T        -      -        -      CF1RPRF01E_Master.rule
 1282    9403    21   CF1RPRF01E_Section_Da_Row1                             T        -      -        -      CF1RPRF01E_Master.rule
 1283    9477    21   CF1RPRF01E_Section_Da_Row2                             T        -      -        -      CF1RPRF01E_Master.rule
 1284    9551    21   CF1RPRF01E_Section_Da_Row3                             T        -      -        -      CF1RPRF01E_Master.rule
 1285    9625    21   CF1RPRF01E_Section_Da_Row4                             T        -      -        -      CF1RPRF01E_Master.rule
      ---------------------------------------------------------------------------------------------------------
 1286    9699    21   CF1RPRF01E_Section_Da_Row5                             T        -      -        -      CF1RPRF01E_Master.rule
 1287    9774    10   CF1RPRF01E_Section_Da_FinalUpdate                      T        -      -        -      CF1RPRF01E_Master.rule
 1288    9795    13   CF1RPRF01E_Section_Db                                  T        -      -        -      CF1RPRF01E_Master.rule
 1289    9842    12   CF1RPRF01E_cf1rSection_G_Proposed_SingleFamily         T        -      -        -      CF1RPRF01E_Master.rule
 1290    9905     8   CF1RPRF01E_cf1rSection_G_Proposed_MultiFamily          T        -      -        -      CF1RPRF01E_Master.rule
      ---------------------------------------------------------------------------------------------------------
 1291    9926     7   CF1RPRF01E_cf1rSection_H_Proposed_MultiFamily          T        -      -        -      CF1RPRF01E_Master.rule
 1292    9948    20   CF1RPRF01E_cf1rSection_I_Proposed_MultiFamily          T        -      -        -      CF1RPRF01E_Master.rule
 1293    9994    11   CF1RPRF01E_Final_SingleOrientationEUI                  T        -      -        -      CF1RPRF01E_Master.rule
 1294   10051     4   CF1RPRF01E_Final_MultipleOrientationEUI                T        -      -        -      CF1RPRF01E_Master.rule
 1295   10070    11   CF1RPRF01E_North_cf1rMultipleOrientationEUI            T        -      -        -      CF1RPRF01E_Master.rule
      ---------------------------------------------------------------------------------------------------------
 1296   10119    11   CF1RPRF01E_East_cf1rMultipleOrientationEUI             T        -      -        -      CF1RPRF01E_Master.rule
 1297   10168    11   CF1RPRF01E_South_cf1rMultipleOrientationEUI            T        -      -        -      CF1RPRF01E_Master.rule
 1298   10217    11   CF1RPRF01E_West_cf1rMultipleOrientationEUI             T        -      -        -      CF1RPRF01E_Master.rule
 1299   10267   121   CF1RPRF01E_Final_SingleOrientationEUS                  T        -      -        -      CF1RPRF01E_Master.rule
 1300   10430     4   CF1RPRF01E_Final_MultipleOrientationsEUS               T        -      -        -      CF1RPRF01E_Master.rule
      ---------------------------------------------------------------------------------------------------------
 1301   10449    47   CF1RPRF01E_North_cf1rMultipleOrientationsEUS           T        -      -        -      CF1RPRF01E_Master.rule
 1302   10508    47   CF1RPRF01E_East_cf1rMultipleOrientationsEUS            T        -      -        -      CF1RPRF01E_Master.rule
 1303   10567    47   CF1RPRF01E_South_cf1rMultipleOrientationsEUS           T        -      -        -      CF1RPRF01E_Master.rule
 1304   10626    47   CF1RPRF01E_West_cf1rMultipleOrientationsEUS            T        -      -        -      CF1RPRF01E_Master.rule
 1305   10685     7   CF1RPRF01E_Final_SingleOrientation                     T        -      -        -      CF1RPRF01E_Master.rule
      ---------------------------------------------------------------------------------------------------------
 1306   10707     5   CF1RPRF01E_Single_cf1rSpaceHeating                     T        -      -        -      CF1RPRF01E_Master.rule
 1307   10722     5   CF1RPRF01E_Single_cf1rSpaceCooling                     T        -      -        -      CF1RPRF01E_Master.rule
 1308   10735     5   CF1RPRF01E_Single_cf1rVentilation                      T        -      -        -      CF1RPRF01E_Master.rule
 1309   10748     5   CF1RPRF01E_Single_cf1rWaterHeating                     T        -      -        -      CF1RPRF01E_Master.rule
 1310   10761     5   CF1RPRF01E_Single_cf1rSelfUtilCredit                   T        -      -        -      CF1RPRF01E_Master.rule
      ---------------------------------------------------------------------------------------------------------
 1311   10771     5   CF1RPRF01E_Single_cf1rTotals                           T        -      -        -      CF1RPRF01E_Master.rule
 1312   10785    25   CF1RPRF01E_Final_MultipleOrientations                  T        -      -        -      CF1RPRF01E_Master.rule
 1313   10850     5   CF1RPRF01E_North_cf1rSpaceHeating                      T        -      -        -      CF1RPRF01E_Master.rule
 1314   10863     5   CF1RPRF01E_East_cf1rSpaceHeating                       T        -      -        -      CF1RPRF01E_Master.rule
 1315   10876     5   CF1RPRF01E_South_cf1rSpaceHeating                      T        -      -        -      CF1RPRF01E_Master.rule
      ---------------------------------------------------------------------------------------------------------
 1316   10889     5   CF1RPRF01E_West_cf1rSpaceHeating                       T        -      -        -      CF1RPRF01E_Master.rule
 1317   10902     5   CF1RPRF01E_North_cf1rSpaceCooling                      T        -      -        -      CF1RPRF01E_Master.rule
 1318   10915     5   CF1RPRF01E_East_cf1rSpaceCooling                       T        -      -        -      CF1RPRF01E_Master.rule
 1319   10928     5   CF1RPRF01E_South_cf1rSpaceCooling                      T        -      -        -      CF1RPRF01E_Master.rule
 1320   10941     5   CF1RPRF01E_West_cf1rSpaceCooling                       T        -      -        -      CF1RPRF01E_Master.rule
      ---------------------------------------------------------------------------------------------------------
 1321   10954     5   CF1RPRF01E_North_cf1rVentilation                       T        -      -        -      CF1RPRF01E_Master.rule
 1322   10967     5   CF1RPRF01E_East_cf1rVentilation                        T        -      -        -      CF1RPRF01E_Master.rule
 1323   10980     5   CF1RPRF01E_South_cf1rVentilation                       T        -      -        -      CF1RPRF01E_Master.rule
 1324   10993     5   CF1RPRF01E_West_cf1rVentilation                        T        -      -        -      CF1RPRF01E_Master.rule
 1325   11006     5   CF1RPRF01E_North_cf1rWaterHeating                      T        -      -        -      CF1RPRF01E_Master.rule
      ---------------------------------------------------------------------------------------------------------
 1326   11019     5   CF1RPRF01E_East_cf1rWaterHeating                       T        -      -        -      CF1RPRF01E_Master.rule
 1327   11032     5   CF1RPRF01E_South_cf1rWaterHeating                      T        -      -        -      CF1RPRF01E_Master.rule
 1328   11045     5   CF1RPRF01E_West_cf1rWaterHeating                       T        -      -        -      CF1RPRF01E_Master.rule
 1329   11058     5   CF1RPRF01E_North_cf1rSelfUtilCredit                    T        -      -        -      CF1RPRF01E_Master.rule
 1330   11068     5   CF1RPRF01E_East_cf1rSelfUtilCredit                     T        -      -        -      CF1RPRF01E_Master.rule
      ---------------------------------------------------------------------------------------------------------
 1331   11078     5   CF1RPRF01E_South_cf1rSelfUtilCredit                    T        -      -        -      CF1RPRF01E_Master.rule
 1332   11088     5   CF1RPRF01E_West_cf1rSelfUtilCredit                     T        -      -        -      CF1RPRF01E_Master.rule
 1333   11098     6   CF1RPRF01E_North_cf1rTotals                            T        -      -        -      CF1RPRF01E_Master.rule
 1334   11112     6   CF1RPRF01E_East_cf1rTotals                             T        -      -        -      CF1RPRF01E_Master.rule
 1335   11126     6   CF1RPRF01E_South_cf1rTotals                            T        -      -        -      CF1RPRF01E_Master.rule
      ---------------------------------------------------------------------------------------------------------
 1336   11140     6   CF1RPRF01E_West_cf1rTotals                             T        -      -        -      CF1RPRF01E_Master.rule
 1337   11155    21   CF1RPRF01E_cf1rSection_K_Proposed                      T        -      -        -      CF1RPRF01E_Master.rule
 1338   11245    18   CF1RPRF01E_Section_CCeilingVA                          T        -      -        -      CF1RPRF01E_Master.rule
 1339   11345    16   CF1RPRF01E_cf1rSection_L_Proposed                      T        -      -        -      CF1RPRF01E_Master.rule
 1340   11406    12   CF1RPRF01E_cf1rSection_AtticVA_Proposed                T        -      -        -      CF1RPRF01E_Master.rule
      ---------------------------------------------------------------------------------------------------------
 1341   11446    13   CF1RPRF01E_cf1rSection_N_Proposed                      T        -      -        -      CF1RPRF01E_Master.rule
 1342   11510     9   CF1RPRF01E_cf1rSection_Ll_Proposed                     T        -      -        -      CF1RPRF01E_Master.rule
 1343   11545    24   CF1RPRF01E_cf1rSection_O_Proposed                      T        -      -        -      CF1RPRF01E_Master.rule
 1344   11614    19   CF1RPRF01E_cf1rSection_OverhangVA_Proposed             T        -      -        -      CF1RPRF01E_Master.rule
 1345   11662    34   CF1RPRF01E_cf1rSection_S_Proposed_SingleFamily         T        -      -        -      CF1RPRF01E_Master.rule
      ---------------------------------------------------------------------------------------------------------
 1346   11863    33   CF1RPRF01E_cf1rSection_S_Proposed_MultiFamily          T        -      -        -      CF1RPRF01E_Master.rule
 1347   12086    10   CF1RPRF01E_cf1rSection_Z                               T        -      -        -      CF1RPRF01E_Master.rule
 1348   12118    12   CF1RPRF01E_cf1rSection_Yhers                           T        -      -        -      CF1RPRF01E_Master.rule
 1349   12150    34   CF1RPRF01E_cf1rSection_Aa_Proposed                     T        -      -        -      CF1RPRF01E_Master.rule
 1350   12392    14   CF1RPRF01E_cf1rSection_Bb                              T        -      -        -      CF1RPRF01E_Master.rule
      ---------------------------------------------------------------------------------------------------------
 1351   12469     6   CF1RPRF01E_cf1rSection_Dd                              T        -      -        -      CF1RPRF01E_Master.rule
 1352   12490    16   Setup_DwellUnitType_CF1R_CompactMFRow_1                T        -      -        -      CF1RPRF01E_Master.rule
 1353   12533    16   Setup_DwellUnitType_CF1R_CompactMFRow_2                T        -      -        -      CF1RPRF01E_Master.rule
 1354   12576    16   Setup_DwellUnitType_CF1R_CompactMFRow_3                T        -      -        -      CF1RPRF01E_Master.rule
 1355   12619    16   Setup_DwellUnitType_CF1R_CompactMFRow_4                T        -      -        -      CF1RPRF01E_Master.rule
      ---------------------------------------------------------------------------------------------------------
 1356   12662    16   Setup_DwellUnitType_CF1R_CompactMFRow_5                T        -      -        -      CF1RPRF01E_Master.rule
 1357   12707    12   CF1RPRF01E_TableDWHR_SFam                              T        -      -        -      CF1RPRF01E_Master.rule
 1358   12753     7   CF1RPRF01E_TableDWHR_SFam_1                            T        -      -        -      CF1RPRF01E_Master.rule
 1359   12769     7   CF1RPRF01E_TableDWHR_SFam_2                            T        -      -        -      CF1RPRF01E_Master.rule
 1360   12785     7   CF1RPRF01E_TableDWHR_SFam_3                            T        -      -        -      CF1RPRF01E_Master.rule
      ---------------------------------------------------------------------------------------------------------
 1361   12801     7   CF1RPRF01E_TableDWHR_SFam_4                            T        -      -        -      CF1RPRF01E_Master.rule
 1362   12817     7   CF1RPRF01E_TableDWHR_SFam_5                            T        -      -        -      CF1RPRF01E_Master.rule
 1363   12833     7   CF1RPRF01E_TableDWHR_SFam_6                            T        -      -        -      CF1RPRF01E_Master.rule
 1364   12852    60   CF1RPRF01E_TableDWHR_MFam                              T        -      -        -      CF1RPRF01E_Master.rule
 1365   13143     7   CF1RPRF01E_TableDWHR_MFam_DHWSys1_DWHR1                T        -      -        -      CF1RPRF01E_Master.rule
      ---------------------------------------------------------------------------------------------------------
 1366   13158     7   CF1RPRF01E_TableDWHR_MFam_DHWSys1_DWHR2                T        -      -        -      CF1RPRF01E_Master.rule
 1367   13173     7   CF1RPRF01E_TableDWHR_MFam_DHWSys1_DWHR3                T        -      -        -      CF1RPRF01E_Master.rule
 1368   13188     7   CF1RPRF01E_TableDWHR_MFam_DHWSys1_DWHR4                T        -      -        -      CF1RPRF01E_Master.rule
 1369   13203     7   CF1RPRF01E_TableDWHR_MFam_DHWSys1_DWHR5                T        -      -        -      CF1RPRF01E_Master.rule
 1370   13218     7   CF1RPRF01E_TableDWHR_MFam_DHWSys1_DWHR6                T        -      -        -      CF1RPRF01E_Master.rule
      ---------------------------------------------------------------------------------------------------------
 1371   13234     7   CF1RPRF01E_TableDWHR_MFam_DHWSys2_DWHR1                T        -      -        -      CF1RPRF01E_Master.rule
 1372   13249     7   CF1RPRF01E_TableDWHR_MFam_DHWSys2_DWHR2                T        -      -        -      CF1RPRF01E_Master.rule
 1373   13264     7   CF1RPRF01E_TableDWHR_MFam_DHWSys2_DWHR3                T        -      -        -      CF1RPRF01E_Master.rule
 1374   13279     7   CF1RPRF01E_TableDWHR_MFam_DHWSys2_DWHR4                T        -      -        -      CF1RPRF01E_Master.rule
 1375   13294     7   CF1RPRF01E_TableDWHR_MFam_DHWSys2_DWHR5                T        -      -        -      CF1RPRF01E_Master.rule
      ---------------------------------------------------------------------------------------------------------
 1376   13309     7   CF1RPRF01E_TableDWHR_MFam_DHWSys2_DWHR6                T        -      -        -      CF1RPRF01E_Master.rule
 1377   13325     7   CF1RPRF01E_TableDWHR_MFam_DHWSys3_DWHR1                T        -      -        -      CF1RPRF01E_Master.rule
 1378   13340     7   CF1RPRF01E_TableDWHR_MFam_DHWSys3_DWHR2                T        -      -        -      CF1RPRF01E_Master.rule
 1379   13355     7   CF1RPRF01E_TableDWHR_MFam_DHWSys3_DWHR3                T        -      -        -      CF1RPRF01E_Master.rule
 1380   13370     7   CF1RPRF01E_TableDWHR_MFam_DHWSys3_DWHR4                T        -      -        -      CF1RPRF01E_Master.rule
      ---------------------------------------------------------------------------------------------------------
 1381   13385     7   CF1RPRF01E_TableDWHR_MFam_DHWSys3_DWHR5                T        -      -        -      CF1RPRF01E_Master.rule
 1382   13400     7   CF1RPRF01E_TableDWHR_MFam_DHWSys3_DWHR6                T        -      -        -      CF1RPRF01E_Master.rule
 1383   13416     7   CF1RPRF01E_TableDWHR_MFam_DHWSys4_DWHR1                T        -      -        -      CF1RPRF01E_Master.rule
 1384   13431     7   CF1RPRF01E_TableDWHR_MFam_DHWSys4_DWHR2                T        -      -        -      CF1RPRF01E_Master.rule
 1385   13446     7   CF1RPRF01E_TableDWHR_MFam_DHWSys4_DWHR3                T        -      -        -      CF1RPRF01E_Master.rule
      ---------------------------------------------------------------------------------------------------------
 1386   13461     7   CF1RPRF01E_TableDWHR_MFam_DHWSys4_DWHR4                T        -      -        -      CF1RPRF01E_Master.rule
 1387   13476     7   CF1RPRF01E_TableDWHR_MFam_DHWSys4_DWHR5                T        -      -        -      CF1RPRF01E_Master.rule
 1388   13491     7   CF1RPRF01E_TableDWHR_MFam_DHWSys4_DWHR6                T        -      -        -      CF1RPRF01E_Master.rule
 1389   13507     7   CF1RPRF01E_TableDWHR_MFam_DHWSys5_DWHR1                T        -      -        -      CF1RPRF01E_Master.rule
 1390   13522     7   CF1RPRF01E_TableDWHR_MFam_DHWSys5_DWHR2                T        -      -        -      CF1RPRF01E_Master.rule
      ---------------------------------------------------------------------------------------------------------
 1391   13537     7   CF1RPRF01E_TableDWHR_MFam_DHWSys5_DWHR3                T        -      -        -      CF1RPRF01E_Master.rule
 1392   13552     7   CF1RPRF01E_TableDWHR_MFam_DHWSys5_DWHR4                T        -      -        -      CF1RPRF01E_Master.rule
 1393   13567     7   CF1RPRF01E_TableDWHR_MFam_DHWSys5_DWHR5                T        -      -        -      CF1RPRF01E_Master.rule
 1394   13582     7   CF1RPRF01E_TableDWHR_MFam_DHWSys5_DWHR6                T        -      -        -      CF1RPRF01E_Master.rule
 1395   13600     3   CF1RPRF01E_TableWaterHeatingSolar                      T        -      -        -      CF1RPRF01E_Master.rule
      ---------------------------------------------------------------------------------------------------------
 1396   13615    10   CF1RPRF01E_TableWaterHeatingSolar_OG100                T        -      -        -      CF1RPRF01E_Master.rule
 1397   13633    11   CF1RPRF01E_TableWaterHeatingSolar_OG300                T        -      -        -      CF1RPRF01E_Master.rule
 1398   13649     3   CF1RPRF01E_TableWaterHeatingSolar_SSF                  T        -      -        -      CF1RPRF01E_Master.rule
 1399   13682    60   CF1RPRF01E_VerifiedAltered_HVACHeating_HeatPump        T        -      -        -      CF1RPRF01E_Master.rule
 1400   13955    50   CF1RPRF01E_VerifiedAltered_HVACHeating_Other           T        -      -        -      CF1RPRF01E_Master.rule
      ---------------------------------------------------------------------------------------------------------
 1401   14200   130   CF1RPRF01E_VerifiedAltered_HVACCooling_HeatPump        T        -      -        -      CF1RPRF01E_Master.rule
 1402   15813   130   CF1RPRF01E_VerifiedAltered_HVACCooling_Other           T        -      -        -      CF1RPRF01E_Master.rule
 1403   16808    16   CF1RPRF01E_cf1rSection_Pp_Proposed                     T        -      -        -      CF1RPRF01E_Master.rule
 1404   16897    14   CF1RPRF01E_Init_cf1rComplianceDocumentPackage          T        -      -        -      CF1RPRF01E_Master.rule
 1405   16916     3   CF1RPRF01E_Init_cf1rDocID                              T        -      -        -      CF1RPRF01E_Master.rule
      ---------------------------------------------------------------------------------------------------------
 1406   16924    10   CF1RPRF01E_Init_cf1rPayload                            T        -      -        -      CF1RPRF01E_Master.rule
 1407   16940     4   CF1RPRF01E_Init_cf1rHeader                             T        -      -        -      CF1RPRF01E_Master.rule
 1408   16950     0   CF1RPRF01E_Init_cf1rDocAuthor                          T        -      -        -      CF1RPRF01E_Master.rule
 1409   16965     0   CF1RPRF01E_Init_cf1rRespPerson                         T        -      -        -      CF1RPRF01E_Master.rule
 1410   16980     0   CF1RPRF01E_Init_cf1rFooter                             T        -      -        -      CF1RPRF01E_Master.rule
      ---------------------------------------------------------------------------------------------------------
 1411       2     0   CF1RPRF01E_Auto_cf1rCF1RPRF01E                         T        -      -        -      CF1RPRF01E_Auto.rule
 1412       7    15   CF1RPRF01E_Auto_cf1rSection_A                          T        -      -        -      CF1RPRF01E_Auto.rule
 1413      34     6   CF1RPRF01E_Auto_cf1rSection_B                          T        -      -        -      CF1RPRF01E_Auto.rule
 1414      45     4   CF1RPRF01E_Auto_cf1rSection_F                          T        -      -        -      CF1RPRF01E_Auto.rule
 1415      36    70   CF1RPRF01E_Proposed_2025SpecialFeatures                T        -      -        -      CF1RPRF01E_SpecialFeatures.rule
      ---------------------------------------------------------------------------------------------------------
 1416     542     2   CF1RPRF01E_2025SpecialFeatures_DemandResponseCompatibleHPWH   T        -      -        -      CF1RPRF01E_SpecialFeatures.rule
 1417     549     2   CF1RPRF01E_2025SpecialFeatures_ZonalHeatingControls    T        -      -        -      CF1RPRF01E_SpecialFeatures.rule
 1418     556     3   CF1RPRF01E_2025SpecialFeatures_PVCommunitySolar        T        -      -        -      CF1RPRF01E_SpecialFeatures.rule
 1419     565     2   CF1RPRF01E_2025SpecialFeatures_LAFirePVBattExcpt       T        -      -        -      CF1RPRF01E_SpecialFeatures.rule
 1420     572     2   CF1RPRF01E_2025SpecialFeatures_MeetsPart7CBC           T        -      -        -      CF1RPRF01E_SpecialFeatures.rule
      ---------------------------------------------------------------------------------------------------------
 1421     579     2   CF1RPRF01E_2025SpecialFeatures_FenestrationProductException1   T        -      -        -      CF1RPRF01E_SpecialFeatures.rule
 1422     586     2   CF1RPRF01E_2025SpecialFeatures_FenestrationProductException2   T        -      -        -      CF1RPRF01E_SpecialFeatures.rule
 1423     593     3   CF1RPRF01E_2025SpecialFeatures_PV2kWSystem             T        -      -        -      CF1RPRF01E_SpecialFeatures.rule
 1424     614     2   CF1RPRF01E_2025SpecialFeatures_PVModuleTypePremium     T        -      -        -      CF1RPRF01E_SpecialFeatures.rule
 1425     621     2   CF1RPRF01E_2025SpecialFeatures_PVModuleTypeThinFilm    T        -      -        -      CF1RPRF01E_SpecialFeatures.rule
      ---------------------------------------------------------------------------------------------------------
 1426     628     2   CF1RPRF01E_2025SpecialFeatures_PVArrayTrackingOneAxis   T        -      -        -      CF1RPRF01E_SpecialFeatures.rule
 1427     635     2   CF1RPRF01E_2025SpecialFeatures_PVArrayTrackingTwoAxis   T        -      -        -      CF1RPRF01E_SpecialFeatures.rule
 1428     642     2   CF1RPRF01E_2025SpecialFeatures_PVPowerElecMicroinverters   T        -      -        -      CF1RPRF01E_SpecialFeatures.rule
 1429     649     2   CF1RPRF01E_2025SpecialFeatures_PVPowerElecDCPowerOptimizer   T        -      -        -      CF1RPRF01E_SpecialFeatures.rule
 1430     656     3   CF1RPRF01E_2025SpecialFeatures_PVException             T        -      -        -      CF1RPRF01E_SpecialFeatures.rule
      ---------------------------------------------------------------------------------------------------------
 1431     696     3   CF1RPRF01E_2025SpecialFeatures_BatterySystem           T        -      -        -      CF1RPRF01E_SpecialFeatures.rule
 1432     705     3   CF1RPRF01E_2025SpecialFeatures_BatteryWithSelfUtilCredit   T        -      -        -      CF1RPRF01E_SpecialFeatures.rule
 1433     714     2   CF1RPRF01E_2025SpecialFeatures_WholeHouseFan           T        -      -        -      CF1RPRF01E_SpecialFeatures.rule
 1434     721     2   CF1RPRF01E_2025SpecialFeatures_VariableCFICoolVent     T        -      -        -      CF1RPRF01E_SpecialFeatures.rule
 1435     728     2   CF1RPRF01E_2025SpecialFeatures_FixedCFICoolVent        T        -      -        -      CF1RPRF01E_SpecialFeatures.rule
      ---------------------------------------------------------------------------------------------------------
 1436     737     2   CF1RPRF01E_2025SpecialFeatures_PrecoolingCreditTaken   T        -      -        -      CF1RPRF01E_SpecialFeatures.rule
 1437     746     2   CF1RPRF01E_2025SpecialFeatures_BalancedIAQVentilation   T        -      -        -      CF1RPRF01E_SpecialFeatures.rule
 1438     753     3   CF1RPRF01E_2025SpecialFeatures_IAQVentilationFanEfficacy   T        -      -        -      CF1RPRF01E_SpecialFeatures.rule
 1439     762     4   CF1RPRF01E_2025SpecialFeatures_IAQVentilationHRV_SRE_ASRE   T        -      -        -      CF1RPRF01E_SpecialFeatures.rule
 1440     773     2   CF1RPRF01E_2025SpecialFeatures_IAQVentilationSupplyAccessibility   T        -      -        -      CF1RPRF01E_SpecialFeatures.rule
      ---------------------------------------------------------------------------------------------------------
 1441     780     2   CF1RPRF01E_2025SpecialFeatures_IAQVentilationFID       T        -      -        -      CF1RPRF01E_SpecialFeatures.rule
 1442     787     2   CF1RPRF01E_2025SpecialFeatures_DuctHighInsulation      T        -      -        -      CF1RPRF01E_SpecialFeatures.rule
 1443     794     2   CF1RPRF01E_2025SpecialFeatures_RaisedHeelTruss         T        -      -        -      CF1RPRF01E_SpecialFeatures.rule
 1444     801     2   CF1RPRF01E_2025SpecialFeatures_CoolRoof                T        -      -        -      CF1RPRF01E_SpecialFeatures.rule
 1445     811     2   CF1RPRF01E_2025SpecialFeatures_InsulationCeiling       T        -      -        -      CF1RPRF01E_SpecialFeatures.rule
      ---------------------------------------------------------------------------------------------------------
 1446     818     2   CF1RPRF01E_2025SpecialFeatures_NonstandardFloor        T        -      -        -      CF1RPRF01E_SpecialFeatures.rule
 1447     825     2   CF1RPRF01E_2025SpecialFeatures_InsulationAboveRoofDeck   T        -      -        -      CF1RPRF01E_SpecialFeatures.rule
 1448     832     2   CF1RPRF01E_2025SpecialFeatures_InsulationBelowRoofDeck   T        -      -        -      CF1RPRF01E_SpecialFeatures.rule
 1449     839     2   CF1RPRF01E_2025SpecialFeatures_ExteriorWindowShades    T        -      -        -      CF1RPRF01E_SpecialFeatures.rule
 1450     846     2   CF1RPRF01E_2025SpecialFeatures_WindowOverhangsFins     T        -      -        -      CF1RPRF01E_SpecialFeatures.rule
      ---------------------------------------------------------------------------------------------------------
 1451     853     2   CF1RPRF01E_2025SpecialFeatures_ExposedSlabFloor        T        -      -        -      CF1RPRF01E_SpecialFeatures.rule
 1452     860     2   CF1RPRF01E_2025SpecialFeatures_NoCoolingSystem         T        -      -        -      CF1RPRF01E_SpecialFeatures.rule
 1453     867     2   CF1RPRF01E_2025SpecialFeatures_AlteredElecResistanceSpaceHeatingNonDucted   T        -      -        -      CF1RPRF01E_SpecialFeatures.rule
 1454     874     2   CF1RPRF01E_2025SpecialFeatures_AlteredElecResistanceSpaceHeatingNoDuctedCooling   T        -      -        -      CF1RPRF01E_SpecialFeatures.rule
 1455     881     2   CF1RPRF01E_2025SpecialFeatures_AlteredElecResistanceSpaceHeatingClimateZones7or15   T        -      -        -      CF1RPRF01E_SpecialFeatures.rule
      ---------------------------------------------------------------------------------------------------------
 1456     888     2   CF1RPRF01E_2025SpecialFeatures_DuctsLessThan40ft       T        -      -        -      CF1RPRF01E_SpecialFeatures.rule
 1457     895     2   CF1RPRF01E_2025SpecialFeatures_ShortDucts              T        -      -        -      CF1RPRF01E_SpecialFeatures.rule
 1458     902     2   CF1RPRF01E_2025SpecialFeatures_AdvancedWallFraming     T        -      -        -      CF1RPRF01E_SpecialFeatures.rule
 1459     909     2   CF1RPRF01E_2025SpecialFeatures_MetalFramedAssembly     T        -      -        -      CF1RPRF01E_SpecialFeatures.rule
 1460     916     2   CF1RPRF01E_2025SpecialFeatures_SIPAssembly             T        -      -        -      CF1RPRF01E_SpecialFeatures.rule
      ---------------------------------------------------------------------------------------------------------
 1461     923     2   CF1RPRF01E_2025SpecialFeatures_DuctsInCrawlSpace       T        -      -        -      CF1RPRF01E_SpecialFeatures.rule
 1462     930     2   CF1RPRF01E_2025SpecialFeatures_DuctsNonstandardLocation   T        -      -        -      CF1RPRF01E_SpecialFeatures.rule
 1463     937     2   CF1RPRF01E_2025SpecialFeatures_ComplianceOptionVCHP    T        -      -        -      CF1RPRF01E_SpecialFeatures.rule
 1464     944     2   CF1RPRF01E_2025SpecialFeatures_SolarWaterHeatingCreditSF   T        -      -        -      CF1RPRF01E_SpecialFeatures.rule
 1465     951     2   CF1RPRF01E_2025SpecialFeatures_SolarWaterHeatingCreditMF   T        -      -        -      CF1RPRF01E_SpecialFeatures.rule
      ---------------------------------------------------------------------------------------------------------
 1466     958     2   CF1RPRF01E_2025SpecialFeatures_SlabEdgeInsulation      T        -      -        -      CF1RPRF01E_SpecialFeatures.rule
 1467     965     2   CF1RPRF01E_2025SpecialFeatures_HeatedSlab              T        -      -        -      CF1RPRF01E_SpecialFeatures.rule
 1468     973     2   CF1RPRF01E_2025SpecialFeatures_CentralHeatPumpWaterHeater   T        -      -        -      CF1RPRF01E_SpecialFeatures.rule
 1469     980     2   CF1RPRF01E_2025SpecialFeatures_PointOfUseElectricInstantaneousWaterHeater   T        -      -        -      CF1RPRF01E_SpecialFeatures.rule
 1470     990     2   CF1RPRF01E_2025SpecialFeatures_CompactDesignBasic      T        -      -        -      CF1RPRF01E_SpecialFeatures.rule
      ---------------------------------------------------------------------------------------------------------
 1471     997     2   CF1RPRF01E_2025SpecialFeatures_RecirculationDemandControlMF   T        -      -        -      CF1RPRF01E_SpecialFeatures.rule
 1472    1004     2   CF1RPRF01E_2025SpecialFeatures_RecirculationNoControlMF   T        -      -        -      CF1RPRF01E_SpecialFeatures.rule
 1473    1011     2   CF1RPRF01E_2025SpecialFeatures_RecirculationTempModulationMF   T        -      -        -      CF1RPRF01E_SpecialFeatures.rule
 1474    1018     2   CF1RPRF01E_2025SpecialFeatures_NoLoopsOrRecircPumpMF   T        -      -        -      CF1RPRF01E_SpecialFeatures.rule
 1475    1025     2   CF1RPRF01E_2025SpecialFeatures_RecirculationTempModMonitoringMF   T        -      -        -      CF1RPRF01E_SpecialFeatures.rule
      ---------------------------------------------------------------------------------------------------------
 1476    1032     2   CF1RPRF01E_2025SpecialFeatures_CentralParallelPiping   T        -      -        -      CF1RPRF01E_SpecialFeatures.rule
 1477    1039     2   CF1RPRF01E_2025SpecialFeatures_PipeInsulationAllLines   T        -      -        -      CF1RPRF01E_SpecialFeatures.rule
 1478    1046     2   CF1RPRF01E_2025SpecialFeatures_PointOfUseDHW           T        -      -        -      CF1RPRF01E_SpecialFeatures.rule
 1479    1053     2   CF1RPRF01E_2025SpecialFeatures_RecirculationDemandControlOccup   T        -      -        -      CF1RPRF01E_SpecialFeatures.rule
 1480    1060     2   CF1RPRF01E_2025SpecialFeatures_RecirculationDemandControlPushBtn   T        -      -        -      CF1RPRF01E_SpecialFeatures.rule
      ---------------------------------------------------------------------------------------------------------
 1481    1067     2   CF1RPRF01E_2025SpecialFeatures_RecirculationNonDemandControl   T        -      -        -      CF1RPRF01E_SpecialFeatures.rule
 1482    1074     2   CF1RPRF01E_2025SpecialFeatures_HeatPumpWaterHeaterNEEA   T        -      -        -      CF1RPRF01E_SpecialFeatures.rule
 1483    1081     3   CF1RPRF01E_2025SpecialFeatures_AtticReliefVentFreeArea   T        -      -        -      CF1RPRF01E_SpecialFeatures.rule
 1484    1090     2   CF1RPRF01E_2025SpecialFeatures_NoSpecialFeatures       T        -      -        -      CF1RPRF01E_SpecialFeatures.rule
 1485    1100     5   CF1RPRF01E_Final_2025SpecialFeatures                   T        -      -        -      CF1RPRF01E_SpecialFeatures.rule
      ---------------------------------------------------------------------------------------------------------
 1486    1158    67   CF1RPRF01E_Proposed_SpecialFeatures                    T        -      -        -      CF1RPRF01E_SpecialFeatures.rule
 1487    1642     2   CF1RPRF01E_SpecialFeature_DemandResponseCompatibleHPWH   T        -      -        -      CF1RPRF01E_SpecialFeatures.rule
 1488    1649     2   CF1RPRF01E_SpecialFeature_ZonalHeatingControls         T        -      -        -      CF1RPRF01E_SpecialFeatures.rule
 1489    1656     3   CF1RPRF01E_SpecialFeature_PVCommunitySolar             T        -      -        -      CF1RPRF01E_SpecialFeatures.rule
 1490    1665     2   CF1RPRF01E_SpecialFeature_LAFirePVBattExcpt            T        -      -        -      CF1RPRF01E_SpecialFeatures.rule
      ---------------------------------------------------------------------------------------------------------
 1491    1672     3   CF1RPRF01E_SpecialFeature_PV2kWSystem                  T        -      -        -      CF1RPRF01E_SpecialFeatures.rule
 1492    1681     2   CF1RPRF01E_SpecialFeature_PVModuleTypePremium          T        -      -        -      CF1RPRF01E_SpecialFeatures.rule
 1493    1688     2   CF1RPRF01E_SpecialFeature_PVModuleTypeThinFilm         T        -      -        -      CF1RPRF01E_SpecialFeatures.rule
 1494    1695     2   CF1RPRF01E_SpecialFeature_PVArrayTrackingOneAxis       T        -      -        -      CF1RPRF01E_SpecialFeatures.rule
 1495    1702     2   CF1RPRF01E_SpecialFeature_PVArrayTrackingTwoAxis       T        -      -        -      CF1RPRF01E_SpecialFeatures.rule
      ---------------------------------------------------------------------------------------------------------
 1496    1709     2   CF1RPRF01E_SpecialFeature_PVPowerElecMicroinverters    T        -      -        -      CF1RPRF01E_SpecialFeatures.rule
 1497    1716     2   CF1RPRF01E_SpecialFeature_PVPowerElecDCPowerOptimizer   T        -      -        -      CF1RPRF01E_SpecialFeatures.rule
 1498    1723     3   CF1RPRF01E_SpecialFeature_PVException                  T        -      -        -      CF1RPRF01E_SpecialFeatures.rule
 1499    1763     3   CF1RPRF01E_SpecialFeature_BatterySystem                T        -      -        -      CF1RPRF01E_SpecialFeatures.rule
 1500    1772     3   CF1RPRF01E_SpecialFeature_BatteryWithSelfUtilCredit    T        -      -        -      CF1RPRF01E_SpecialFeatures.rule
      ---------------------------------------------------------------------------------------------------------
 1501    1781     2   CF1RPRF01E_SpecialFeature_WholeHouseFan                T        -      -        -      CF1RPRF01E_SpecialFeatures.rule
 1502    1788     2   CF1RPRF01E_SpecialFeature_VariableCFICoolVent          T        -      -        -      CF1RPRF01E_SpecialFeatures.rule
 1503    1795     2   CF1RPRF01E_SpecialFeature_FixedCFICoolVent             T        -      -        -      CF1RPRF01E_SpecialFeatures.rule
 1504    1804     2   CF1RPRF01E_SpecialFeature_PrecoolingCreditTaken        T        -      -        -      CF1RPRF01E_SpecialFeatures.rule
 1505    1813     2   CF1RPRF01E_SpecialFeature_BalancedIAQVentilation       T        -      -        -      CF1RPRF01E_SpecialFeatures.rule
      ---------------------------------------------------------------------------------------------------------
 1506    1820     3   CF1RPRF01E_SpecialFeature_IAQVentilationFanEfficacy    T        -      -        -      CF1RPRF01E_SpecialFeatures.rule
 1507    1829     4   CF1RPRF01E_SpecialFeature_IAQVentilationHRV_SRE_ASRE   T        -      -        -      CF1RPRF01E_SpecialFeatures.rule
 1508    1840     2   CF1RPRF01E_SpecialFeature_IAQVentilationSupplyAccessibility   T        -      -        -      CF1RPRF01E_SpecialFeatures.rule
 1509    1847     2   CF1RPRF01E_SpecialFeature_IAQVentilationFID            T        -      -        -      CF1RPRF01E_SpecialFeatures.rule
 1510    1854     2   CF1RPRF01E_SpecialFeature_DuctHighInsulation           T        -      -        -      CF1RPRF01E_SpecialFeatures.rule
      ---------------------------------------------------------------------------------------------------------
 1511    1861     2   CF1RPRF01E_SpecialFeature_RaisedHeelTruss              T        -      -        -      CF1RPRF01E_SpecialFeatures.rule
 1512    1868     2   CF1RPRF01E_SpecialFeature_CoolRoof                     T        -      -        -      CF1RPRF01E_SpecialFeatures.rule
 1513    1878     2   CF1RPRF01E_SpecialFeature_InsulationCeiling            T        -      -        -      CF1RPRF01E_SpecialFeatures.rule
 1514    1885     2   CF1RPRF01E_SpecialFeature_NonstandardFloor             T        -      -        -      CF1RPRF01E_SpecialFeatures.rule
 1515    1892     2   CF1RPRF01E_SpecialFeature_InsulationAboveRoofDeck      T        -      -        -      CF1RPRF01E_SpecialFeatures.rule
      ---------------------------------------------------------------------------------------------------------
 1516    1899     2   CF1RPRF01E_SpecialFeature_InsulationBelowRoofDeck      T        -      -        -      CF1RPRF01E_SpecialFeatures.rule
 1517    1906     2   CF1RPRF01E_SpecialFeature_ExteriorWindowShades         T        -      -        -      CF1RPRF01E_SpecialFeatures.rule
 1518    1913     2   CF1RPRF01E_SpecialFeature_WindowOverhangsFins          T        -      -        -      CF1RPRF01E_SpecialFeatures.rule
 1519    1920     2   CF1RPRF01E_SpecialFeature_ExposedSlabFloor             T        -      -        -      CF1RPRF01E_SpecialFeatures.rule
 1520    1927     2   CF1RPRF01E_SpecialFeature_NoCoolingSystem              T        -      -        -      CF1RPRF01E_SpecialFeatures.rule
      ---------------------------------------------------------------------------------------------------------
 1521    1934     2   CF1RPRF01E_SpecialFeature_AlteredElecResistanceSpaceHeatingNonDucted   T        -      -        -      CF1RPRF01E_SpecialFeatures.rule
 1522    1941     2   CF1RPRF01E_SpecialFeature_AlteredElecResistanceSpaceHeatingNoDuctedCooling   T        -      -        -      CF1RPRF01E_SpecialFeatures.rule
 1523    1948     2   CF1RPRF01E_SpecialFeature_AlteredElecResistanceSpaceHeatingClimateZones7or15   T        -      -        -      CF1RPRF01E_SpecialFeatures.rule
 1524    1955     2   CF1RPRF01E_SpecialFeature_DuctsLessThan40ft            T        -      -        -      CF1RPRF01E_SpecialFeatures.rule
 1525    1962     2   CF1RPRF01E_SpecialFeature_ShortDucts                   T        -      -        -      CF1RPRF01E_SpecialFeatures.rule
      ---------------------------------------------------------------------------------------------------------
 1526    1969     2   CF1RPRF01E_SpecialFeature_AdvancedWallFraming          T        -      -        -      CF1RPRF01E_SpecialFeatures.rule
 1527    1976     2   CF1RPRF01E_SpecialFeature_MetalFramedAssembly          T        -      -        -      CF1RPRF01E_SpecialFeatures.rule
 1528    1983     2   CF1RPRF01E_SpecialFeature_SIPAssembly                  T        -      -        -      CF1RPRF01E_SpecialFeatures.rule
 1529    1990     2   CF1RPRF01E_SpecialFeature_DuctsInCrawlSpace            T        -      -        -      CF1RPRF01E_SpecialFeatures.rule
 1530    1997     2   CF1RPRF01E_SpecialFeature_DuctsNonstandardLocation     T        -      -        -      CF1RPRF01E_SpecialFeatures.rule
      ---------------------------------------------------------------------------------------------------------
 1531    2004     2   CF1RPRF01E_SpecialFeature_ComplianceOptionVCHP         T        -      -        -      CF1RPRF01E_SpecialFeatures.rule
 1532    2011     2   CF1RPRF01E_SpecialFeature_SolarWaterHeatingCreditSF    T        -      -        -      CF1RPRF01E_SpecialFeatures.rule
 1533    2018     2   CF1RPRF01E_SpecialFeature_SolarWaterHeatingCreditMF    T        -      -        -      CF1RPRF01E_SpecialFeatures.rule
 1534    2025     2   CF1RPRF01E_SpecialFeature_SlabEdgeInsulation           T        -      -        -      CF1RPRF01E_SpecialFeatures.rule
 1535    2032     2   CF1RPRF01E_SpecialFeature_HeatedSlab                   T        -      -        -      CF1RPRF01E_SpecialFeatures.rule
      ---------------------------------------------------------------------------------------------------------
 1536    2040     2   CF1RPRF01E_SpecialFeature_CentralHeatPumpWaterHeater   T        -      -        -      CF1RPRF01E_SpecialFeatures.rule
 1537    2047     2   CF1RPRF01E_SpecialFeature_PointOfUseElectricInstantaneousWaterHeater   T        -      -        -      CF1RPRF01E_SpecialFeatures.rule
 1538    2057     2   CF1RPRF01E_SpecialFeature_CompactDesignBasic           T        -      -        -      CF1RPRF01E_SpecialFeatures.rule
 1539    2064     2   CF1RPRF01E_SpecialFeature_RecirculationDemandControlMF   T        -      -        -      CF1RPRF01E_SpecialFeatures.rule
 1540    2071     2   CF1RPRF01E_SpecialFeature_RecirculationNoControlMF     T        -      -        -      CF1RPRF01E_SpecialFeatures.rule
      ---------------------------------------------------------------------------------------------------------
 1541    2078     2   CF1RPRF01E_SpecialFeature_RecirculationTempModulationMF   T        -      -        -      CF1RPRF01E_SpecialFeatures.rule
 1542    2085     2   CF1RPRF01E_SpecialFeature_NoLoopsOrRecircPumpMF        T        -      -        -      CF1RPRF01E_SpecialFeatures.rule
 1543    2092     2   CF1RPRF01E_SpecialFeature_RecirculationTempModMonitoringMF   T        -      -        -      CF1RPRF01E_SpecialFeatures.rule
 1544    2099     2   CF1RPRF01E_SpecialFeature_CentralParallelPiping        T        -      -        -      CF1RPRF01E_SpecialFeatures.rule
 1545    2106     2   CF1RPRF01E_SpecialFeature_PipeInsulationAllLines       T        -      -        -      CF1RPRF01E_SpecialFeatures.rule
      ---------------------------------------------------------------------------------------------------------
 1546    2113     2   CF1RPRF01E_SpecialFeature_PointOfUseDHW                T        -      -        -      CF1RPRF01E_SpecialFeatures.rule
 1547    2120     2   CF1RPRF01E_SpecialFeature_RecirculationDemandControlOccup   T        -      -        -      CF1RPRF01E_SpecialFeatures.rule
 1548    2127     2   CF1RPRF01E_SpecialFeature_RecirculationDemandControlPushBtn   T        -      -        -      CF1RPRF01E_SpecialFeatures.rule
 1549    2134     2   CF1RPRF01E_SpecialFeature_RecirculationNonDemandControl   T        -      -        -      CF1RPRF01E_SpecialFeatures.rule
 1550    2141     2   CF1RPRF01E_SpecialFeature_HeatPumpWaterHeaterNEEA      T        -      -        -      CF1RPRF01E_SpecialFeatures.rule
      ---------------------------------------------------------------------------------------------------------
 1551    2148     3   CF1RPRF01E_SpecialFeature_AtticReliefVentFreeArea      T        -      -        -      CF1RPRF01E_SpecialFeatures.rule
 1552    2157     2   CF1RPRF01E_SpecialFeature_NoSpecialFeatures            T        -      -        -      CF1RPRF01E_SpecialFeatures.rule
 1553    2167     5   CF1RPRF01E_Final_SpecialFeatures                       T        -      -        -      CF1RPRF01E_SpecialFeatures.rule
 1554      36    64   CF1RPRF01E_Proposed_2025ECCFeatures                    T        -      -        -      CF1RPRF01E_HERSFeatures.rule
 1555     491     2   CF1RPRF01E_2025ECCFeature_Building_QualityInsulationInstallationHERS   T        -      -        -      CF1RPRF01E_HERSFeatures.rule
      ---------------------------------------------------------------------------------------------------------
 1556     498     3   CF1RPRF01E_2025ECCFeature_Building_EnvelopeAirLeakageHERS   T        -      -        -      CF1RPRF01E_HERSFeatures.rule
 1557     507     2   CF1RPRF01E_2025ECCFeature_Building_IAQ_MechanicalVentilationHERS   T        -      -        -      CF1RPRF01E_HERSFeatures.rule
 1558     514     2   CF1RPRF01E_2025ECCFeature_Building_CentralFanIAQVentilationHERS   T        -      -        -      CF1RPRF01E_HERSFeatures.rule
 1559     521     2   CF1RPRF01E_2025ECCFeature_Building_DwellingUnitEnclosureLeakageHERS   T        -      -        -      CF1RPRF01E_HERSFeatures.rule
 1560     528     2   CF1RPRF01E_2025ECCFeature_Building_KitchenRangeHoodHERS   T        -      -        -      CF1RPRF01E_HERSFeatures.rule
      ---------------------------------------------------------------------------------------------------------
 1561     535     2   CF1RPRF01E_2025ECCFeature_Building_InsulationSprayFoamHighRvalueHERS   T        -      -        -      CF1RPRF01E_HERSFeatures.rule
 1562     542     2   CF1RPRF01E_2025ECCFeature_Building_VerifiedExistingConditionsHERS   T        -      -        -      CF1RPRF01E_HERSFeatures.rule
 1563     549     2   CF1RPRF01E_2025ECCFeature_Building_ZonalSystemBypassDuctConditionsHERS   T        -      -        -      CF1RPRF01E_HERSFeatures.rule
 1564     556     2   CF1RPRF01E_2025ECCFeature_Building_WholeHouseFanHERS   T        -      -        -      CF1RPRF01E_HERSFeatures.rule
 1565     563     2   CF1RPRF01E_2025ECCFeature_Building_CentralFanVentilationCoolingHERS   T        -      -        -      CF1RPRF01E_HERSFeatures.rule
      ---------------------------------------------------------------------------------------------------------
 1566     570     2   CF1RPRF01E_2025ECCFeature_Building_CentralFanVentilationCoolingVariableHERS   T        -      -        -      CF1RPRF01E_HERSFeatures.rule
 1567     577     2   CF1RPRF01E_2025ECCFeature_Building_None                T        -      -        -      CF1RPRF01E_HERSFeatures.rule
 1568     587     2   CF1RPRF01E_2025ECCFeature_Cooling_MinimumAirflow       T        -      -        -      CF1RPRF01E_HERSFeatures.rule
 1569     594     2   CF1RPRF01E_2025ECCFeature_Cooling_VerifiedEER_EER2     T        -      -        -      CF1RPRF01E_HERSFeatures.rule
 1570     601     2   CF1RPRF01E_2025ECCFeature_Cooling_VerifiedSEER_SEER2   T        -      -        -      CF1RPRF01E_HERSFeatures.rule
      ---------------------------------------------------------------------------------------------------------
 1571     608     2   CF1RPRF01E_2025ECCFeature_Cooling_RefrigerantCharge    T        -      -        -      CF1RPRF01E_HERSFeatures.rule
 1572     615     2   CF1RPRF01E_2025ECCFeature_Cooling_AlteredRefrigerantCharge   T        -      -        -      CF1RPRF01E_HERSFeatures.rule
 1573     622     2   CF1RPRF01E_2025ECCFeature_Cooling_FanEfficacy          T        -      -        -      CF1RPRF01E_HERSFeatures.rule
 1574     630     2   CF1RPRF01E_2025ECCFeature_Cooling_AirToHabitableRoomsVCHP   T        -      -        -      CF1RPRF01E_HERSFeatures.rule
 1575     637     2   CF1RPRF01E_2025ECCFeature_Cooling_MinimumAirflowVCHP   T        -      -        -      CF1RPRF01E_HERSFeatures.rule
      ---------------------------------------------------------------------------------------------------------
 1576     644     2   CF1RPRF01E_2025ECCFeature_Cooling_None                 T        -      -        -      CF1RPRF01E_HERSFeatures.rule
 1577     655     2   CF1RPRF01E_2025ECCFeature_Heating_HeatPumpHSPF         T        -      -        -      CF1RPRF01E_HERSFeatures.rule
 1578     662     2   CF1RPRF01E_2025ECCFeature_Heating_HeatPumpHSPF2        T        -      -        -      CF1RPRF01E_HERSFeatures.rule
 1579     669     2   CF1RPRF01E_2025ECCFeature_Heating_HeatPumpCapacity     T        -      -        -      CF1RPRF01E_HERSFeatures.rule
 1580     677     2   CF1RPRF01E_2025ECCFeature_Heating_LowStaticVCHP        T        -      -        -      CF1RPRF01E_HERSFeatures.rule
      ---------------------------------------------------------------------------------------------------------
 1581     684     2   CF1RPRF01E_2025ECCFeature_Heating_WallThermostatVCHP   T        -      -        -      CF1RPRF01E_HERSFeatures.rule
 1582     691     2   CF1RPRF01E_2025ECCFeature_Heating_DuctlessInConditionedSpaceVCHP   T        -      -        -      CF1RPRF01E_HERSFeatures.rule
 1583     698     2   CF1RPRF01E_2025ECCFeature_Heating_FilterSizeVCHP       T        -      -        -      CF1RPRF01E_HERSFeatures.rule
 1584     705     2   CF1RPRF01E_2025ECCFeature_Heating_FilterPressureDropVCHP   T        -      -        -      CF1RPRF01E_HERSFeatures.rule
 1585     717     2   CF1RPRF01E_2025ECCFeature_Heating_None                 T        -      -        -      CF1RPRF01E_HERSFeatures.rule
      ---------------------------------------------------------------------------------------------------------
 1586     727     2   CF1RPRF01E_2025ECCFeature_HVACDist_DuctSealing         T        -      -        -      CF1RPRF01E_HERSFeatures.rule
 1587     734     2   CF1RPRF01E_2025ECCFeature_HVACDist_AlteredDuctSealing   T        -      -        -      CF1RPRF01E_HERSFeatures.rule
 1588     741     2   CF1RPRF01E_2025ECCFeature_HVACDist_DuctAllInConditionedSpaceExcept12   T        -      -        -      CF1RPRF01E_HERSFeatures.rule
 1589     748     2   CF1RPRF01E_2025ECCFeature_HVACDist_DuctAllInConditionedSpace   T        -      -        -      CF1RPRF01E_HERSFeatures.rule
 1590     756     2   CF1RPRF01E_2025ECCFeature_HVACDist_DuctsInConditionedSpaceTested   T        -      -        -      CF1RPRF01E_HERSFeatures.rule
      ---------------------------------------------------------------------------------------------------------
 1591     763     2   CF1RPRF01E_2025ECCFeature_HVACDist_LowLeakageDuctsInConditionedSpace   T        -      -        -      CF1RPRF01E_HERSFeatures.rule
 1592     770     2   CF1RPRF01E_2025ECCFeature_HVACDist_VerifiedDuctDesign   T        -      -        -      CF1RPRF01E_HERSFeatures.rule
 1593     791     2   CF1RPRF01E_2025ECCFeature_HVACDist_BuriedDucts         T        -      -        -      CF1RPRF01E_HERSFeatures.rule
 1594     798     2   CF1RPRF01E_2025ECCFeature_HVACDist_DeeplyBuriedDucts   T        -      -        -      CF1RPRF01E_HERSFeatures.rule
 1595     805     2   CF1RPRF01E_2025ECCFeature_HVACDist_LowLeakageAirHandlingUnit   T        -      -        -      CF1RPRF01E_HERSFeatures.rule
      ---------------------------------------------------------------------------------------------------------
 1596     812     2   CF1RPRF01E_2025ECCFeature_HVACDist_None                T        -      -        -      CF1RPRF01E_HERSFeatures.rule
 1597     820     2   CF1RPRF01E_2025ECCFeature_DHW_AllPipesInsulation       T        -      -        -      CF1RPRF01E_HERSFeatures.rule
 1598     827     2   CF1RPRF01E_2025ECCFeature_DHW_ParallelPiping           T        -      -        -      CF1RPRF01E_HERSFeatures.rule
 1599     834     2   CF1RPRF01E_2025ECCFeature_DHW_CentralWaterHeatingRecirculatingDualLoop   T        -      -        -      CF1RPRF01E_HERSFeatures.rule
 1600     841     2   CF1RPRF01E_2025ECCFeature_DHW_RecirculationDemandControlPushButton   T        -      -        -      CF1RPRF01E_HERSFeatures.rule
      ---------------------------------------------------------------------------------------------------------
 1601     848     2   CF1RPRF01E_2025ECCFeature_DHW_RecirculationDemandControlOccupancyMotion   T        -      -        -      CF1RPRF01E_HERSFeatures.rule
 1602     855     2   CF1RPRF01E_2025ECCFeature_DHW_PointOfUse               T        -      -        -      CF1RPRF01E_HERSFeatures.rule
 1603     862     2   CF1RPRF01E_2025ECCFeature_DHW_CompactDesign            T        -      -        -      CF1RPRF01E_HERSFeatures.rule
 1604     869     2   CF1RPRF01E_2025ECCFeature_DHW_ShowerDrainWaterHeatRecovery   T        -      -        -      CF1RPRF01E_HERSFeatures.rule
 1605     880     2   CF1RPRF01E_2025ECCFeature_DHW_None                     T        -      -        -      CF1RPRF01E_HERSFeatures.rule
      ---------------------------------------------------------------------------------------------------------
 1606     891     0   CF1RPRF01E_Final_2025ECCFeatures                       T        -      -        -      CF1RPRF01E_HERSFeatures.rule
 1607     902    64   CF1RPRF01E_Proposed_HERSFeatures                       T        -      -        -      CF1RPRF01E_HERSFeatures.rule
 1608    1357     2   CF1RPRF01E_HERSFeature_Building_QualityInsulationInstallationHERS   T        -      -        -      CF1RPRF01E_HERSFeatures.rule
 1609    1364     3   CF1RPRF01E_HERSFeature_Building_EnvelopeAirLeakageHERS   T        -      -        -      CF1RPRF01E_HERSFeatures.rule
 1610    1373     2   CF1RPRF01E_HERSFeature_Building_IAQ_MechanicalVentilationHERS   T        -      -        -      CF1RPRF01E_HERSFeatures.rule
      ---------------------------------------------------------------------------------------------------------
 1611    1380     2   CF1RPRF01E_HERSFeature_Building_CentralFanIAQVentilationHERS   T        -      -        -      CF1RPRF01E_HERSFeatures.rule
 1612    1387     2   CF1RPRF01E_HERSFeature_Building_DwellingUnitEnclosureLeakageHERS   T        -      -        -      CF1RPRF01E_HERSFeatures.rule
 1613    1394     2   CF1RPRF01E_HERSFeature_Building_KitchenRangeHoodHERS   T        -      -        -      CF1RPRF01E_HERSFeatures.rule
 1614    1401     2   CF1RPRF01E_HERSFeature_Building_InsulationSprayFoamHighRvalueHERS   T        -      -        -      CF1RPRF01E_HERSFeatures.rule
 1615    1408     2   CF1RPRF01E_HERSFeature_Building_VerifiedExistingConditionsHERS   T        -      -        -      CF1RPRF01E_HERSFeatures.rule
      ---------------------------------------------------------------------------------------------------------
 1616    1415     2   CF1RPRF01E_HERSFeature_Building_ZonalSystemBypassDuctConditionsHERS   T        -      -        -      CF1RPRF01E_HERSFeatures.rule
 1617    1422     2   CF1RPRF01E_HERSFeature_Building_WholeHouseFanHERS      T        -      -        -      CF1RPRF01E_HERSFeatures.rule
 1618    1429     2   CF1RPRF01E_HERSFeature_Building_CentralFanVentilationCoolingHERS   T        -      -        -      CF1RPRF01E_HERSFeatures.rule
 1619    1436     2   CF1RPRF01E_HERSFeature_Building_CentralFanVentilationCoolingVariableHERS   T        -      -        -      CF1RPRF01E_HERSFeatures.rule
 1620    1443     2   CF1RPRF01E_HERSFeature_Building_None                   T        -      -        -      CF1RPRF01E_HERSFeatures.rule
      ---------------------------------------------------------------------------------------------------------
 1621    1453     2   CF1RPRF01E_HERSFeature_Cooling_MinimumAirflow          T        -      -        -      CF1RPRF01E_HERSFeatures.rule
 1622    1460     2   CF1RPRF01E_HERSFeature_Cooling_VerifiedEER_EER2        T        -      -        -      CF1RPRF01E_HERSFeatures.rule
 1623    1467     2   CF1RPRF01E_HERSFeature_Cooling_VerifiedSEER_SEER2      T        -      -        -      CF1RPRF01E_HERSFeatures.rule
 1624    1474     2   CF1RPRF01E_HERSFeature_Cooling_RefrigerantCharge       T        -      -        -      CF1RPRF01E_HERSFeatures.rule
 1625    1481     2   CF1RPRF01E_HERSFeature_Cooling_AlteredRefrigerantCharge   T        -      -        -      CF1RPRF01E_HERSFeatures.rule
      ---------------------------------------------------------------------------------------------------------
 1626    1488     2   CF1RPRF01E_HERSFeature_Cooling_FanEfficacy             T        -      -        -      CF1RPRF01E_HERSFeatures.rule
 1627    1496     2   CF1RPRF01E_HERSFeature_Cooling_AirToHabitableRoomsVCHP   T        -      -        -      CF1RPRF01E_HERSFeatures.rule
 1628    1503     2   CF1RPRF01E_HERSFeature_Cooling_MinimumAirflowVCHP      T        -      -        -      CF1RPRF01E_HERSFeatures.rule
 1629    1510     2   CF1RPRF01E_HERSFeature_Cooling_None                    T        -      -        -      CF1RPRF01E_HERSFeatures.rule
 1630    1521     2   CF1RPRF01E_HERSFeature_Heating_HeatPumpHSPF            T        -      -        -      CF1RPRF01E_HERSFeatures.rule
      ---------------------------------------------------------------------------------------------------------
 1631    1528     2   CF1RPRF01E_HERSFeature_Heating_HeatPumpHSPF2           T        -      -        -      CF1RPRF01E_HERSFeatures.rule
 1632    1535     2   CF1RPRF01E_HERSFeature_Heating_HeatPumpCapacity        T        -      -        -      CF1RPRF01E_HERSFeatures.rule
 1633    1543     2   CF1RPRF01E_HERSFeature_Heating_LowStaticVCHP           T        -      -        -      CF1RPRF01E_HERSFeatures.rule
 1634    1550     2   CF1RPRF01E_HERSFeature_Heating_WallThermostatVCHP      T        -      -        -      CF1RPRF01E_HERSFeatures.rule
 1635    1557     2   CF1RPRF01E_HERSFeature_Heating_DuctlessInConditionedSpaceVCHP   T        -      -        -      CF1RPRF01E_HERSFeatures.rule
      ---------------------------------------------------------------------------------------------------------
 1636    1564     2   CF1RPRF01E_HERSFeature_Heating_FilterSizeVCHP          T        -      -        -      CF1RPRF01E_HERSFeatures.rule
 1637    1571     2   CF1RPRF01E_HERSFeature_Heating_FilterPressureDropVCHP   T        -      -        -      CF1RPRF01E_HERSFeatures.rule
 1638    1583     2   CF1RPRF01E_HERSFeature_Heating_None                    T        -      -        -      CF1RPRF01E_HERSFeatures.rule
 1639    1593     2   CF1RPRF01E_HERSFeature_HVACDist_DuctSealing            T        -      -        -      CF1RPRF01E_HERSFeatures.rule
 1640    1600     2   CF1RPRF01E_HERSFeature_HVACDist_AlteredDuctSealing     T        -      -        -      CF1RPRF01E_HERSFeatures.rule
      ---------------------------------------------------------------------------------------------------------
 1641    1607     2   CF1RPRF01E_HERSFeature_HVACDist_DuctAllInConditionedSpaceExcept12   T        -      -        -      CF1RPRF01E_HERSFeatures.rule
 1642    1614     2   CF1RPRF01E_HERSFeature_HVACDist_DuctAllInConditionedSpace   T        -      -        -      CF1RPRF01E_HERSFeatures.rule
 1643    1622     2   CF1RPRF01E_HERSFeature_HVACDist_DuctsInConditionedSpaceTested   T        -      -        -      CF1RPRF01E_HERSFeatures.rule
 1644    1629     2   CF1RPRF01E_HERSFeature_HVACDist_LowLeakageDuctsInConditionedSpace   T        -      -        -      CF1RPRF01E_HERSFeatures.rule
 1645    1636     2   CF1RPRF01E_HERSFeature_HVACDist_VerifiedDuctDesign     T        -      -        -      CF1RPRF01E_HERSFeatures.rule
      ---------------------------------------------------------------------------------------------------------
 1646    1657     2   CF1RPRF01E_HERSFeature_HVACDist_BuriedDucts            T        -      -        -      CF1RPRF01E_HERSFeatures.rule
 1647    1664     2   CF1RPRF01E_HERSFeature_HVACDist_DeeplyBuriedDucts      T        -      -        -      CF1RPRF01E_HERSFeatures.rule
 1648    1671     2   CF1RPRF01E_HERSFeature_HVACDist_LowLeakageAirHandlingUnit   T        -      -        -      CF1RPRF01E_HERSFeatures.rule
 1649    1678     2   CF1RPRF01E_HERSFeature_HVACDist_None                   T        -      -        -      CF1RPRF01E_HERSFeatures.rule
 1650    1686     2   CF1RPRF01E_HERSFeature_DHW_AllPipesInsulation          T        -      -        -      CF1RPRF01E_HERSFeatures.rule
      ---------------------------------------------------------------------------------------------------------
 1651    1693     2   CF1RPRF01E_HERSFeature_DHW_ParallelPiping              T        -      -        -      CF1RPRF01E_HERSFeatures.rule
 1652    1700     2   CF1RPRF01E_HERSFeature_DHW_CentralWaterHeatingRecirculatingDualLoop   T        -      -        -      CF1RPRF01E_HERSFeatures.rule
 1653    1707     2   CF1RPRF01E_HERSFeature_DHW_RecirculationDemandControlPushButton   T        -      -        -      CF1RPRF01E_HERSFeatures.rule
 1654    1714     2   CF1RPRF01E_HERSFeature_DHW_RecirculationDemandControlOccupancyMotion   T        -      -        -      CF1RPRF01E_HERSFeatures.rule
 1655    1721     2   CF1RPRF01E_HERSFeature_DHW_PointOfUse                  T        -      -        -      CF1RPRF01E_HERSFeatures.rule
      ---------------------------------------------------------------------------------------------------------
 1656    1728     2   CF1RPRF01E_HERSFeature_DHW_CompactDesign               T        -      -        -      CF1RPRF01E_HERSFeatures.rule
 1657    1735     2   CF1RPRF01E_HERSFeature_DHW_ShowerDrainWaterHeatRecovery   T        -      -        -      CF1RPRF01E_HERSFeatures.rule
 1658    1746     2   CF1RPRF01E_HERSFeature_DHW_None                        T        -      -        -      CF1RPRF01E_HERSFeatures.rule
 1659    1757     0   CF1RPRF01E_Final_HERSFeatures                          T        -      -        -      CF1RPRF01E_HERSFeatures.rule
 1660      36    51   MxdFuelCmprReport_Main                                 T        -      -        T      Rules_Report_MixedFuelCompare.rule
      ---------------------------------------------------------------------------------------------------------
 1661     125    29   MxdFuelCmprReport_Inputs                               T        -      -        T      Rules_Report_MixedFuelCompare.rule
 1662     202    19   MxdFuelCmprReport_Inputs_HVACSys                       T        -      -        T      Rules_Report_MixedFuelCompare.rule
 1663     291    12   MxdFuelCmprReport_Inputs_HVACSys_Distrib               T        -      -        T      Rules_Report_MixedFuelCompare.rule
 1664     381    13   MxdFuelCmprReport_Inputs_HVACSys_DistribNone           T        -      -        T      Rules_Report_MixedFuelCompare.rule
 1665     399     3   MxdFuelCmprReport_Inputs_HVACSys_Fan                   T        -      -        T      Rules_Report_MixedFuelCompare.rule
      ---------------------------------------------------------------------------------------------------------
 1666     408     3   MxdFuelCmprReport_Inputs_HVACSys_FanNone               T        -      -        T      Rules_Report_MixedFuelCompare.rule
 1667     416    20   MxdFuelCmprReport_Inputs_HVACSys_HtPump1               T        -      -        T      Rules_Report_MixedFuelCompare.rule
 1668     517    20   MxdFuelCmprReport_Inputs_HVACSys_HtPump1None           T        -      -        T      Rules_Report_MixedFuelCompare.rule
 1669     540    20   MxdFuelCmprReport_Inputs_HVACSys_HtPump2               T        -      -        T      Rules_Report_MixedFuelCompare.rule
 1670     630    20   MxdFuelCmprReport_Inputs_HVACSys_HtPump3               T        -      -        T      Rules_Report_MixedFuelCompare.rule
      ---------------------------------------------------------------------------------------------------------
 1671     720    20   MxdFuelCmprReport_Inputs_HVACSys_HtPump4               T        -      -        T      Rules_Report_MixedFuelCompare.rule
 1672     812     5   MxdFuelCmprReport_Inputs_HVACSys_Heat1                 T        -      -        T      Rules_Report_MixedFuelCompare.rule
 1673     833     5   MxdFuelCmprReport_Inputs_HVACSys_Heat1None             T        -      -        T      Rules_Report_MixedFuelCompare.rule
 1674     841     5   MxdFuelCmprReport_Inputs_HVACSys_Heat2                 T        -      -        T      Rules_Report_MixedFuelCompare.rule
 1675     857     5   MxdFuelCmprReport_Inputs_HVACSys_Heat3                 T        -      -        T      Rules_Report_MixedFuelCompare.rule
      ---------------------------------------------------------------------------------------------------------
 1676     873     5   MxdFuelCmprReport_Inputs_HVACSys_Heat4                 T        -      -        T      Rules_Report_MixedFuelCompare.rule
 1677     891    14   MxdFuelCmprReport_Inputs_HVACSys_Cool1                 T        -      -        T      Rules_Report_MixedFuelCompare.rule
 1678     953    14   MxdFuelCmprReport_Inputs_HVACSys_Cool1None             T        -      -        T      Rules_Report_MixedFuelCompare.rule
 1679     970    14   MxdFuelCmprReport_Inputs_HVACSys_Cool2                 T        -      -        T      Rules_Report_MixedFuelCompare.rule
 1680    1026    14   MxdFuelCmprReport_Inputs_HVACSys_Cool3                 T        -      -        T      Rules_Report_MixedFuelCompare.rule
      ---------------------------------------------------------------------------------------------------------
 1681    1082    14   MxdFuelCmprReport_Inputs_HVACSys_Cool4                 T        -      -        T      Rules_Report_MixedFuelCompare.rule
 1682    1142    11   MxdFuelCmprReport_Inputs_CoolVent                      T        -      -        T      Rules_Report_MixedFuelCompare.rule
 1683    1203     5   MxdFuelCmprReport_Inputs_CoolVent_Fan1                 T        -      -        T      Rules_Report_MixedFuelCompare.rule
 1684    1232     5   MxdFuelCmprReport_Inputs_CoolVent_Fan2                 T        -      -        T      Rules_Report_MixedFuelCompare.rule
 1685    1243     5   MxdFuelCmprReport_Inputs_CoolVent_Fan3                 T        -      -        T      Rules_Report_MixedFuelCompare.rule
      ---------------------------------------------------------------------------------------------------------
 1686    1254     5   MxdFuelCmprReport_Inputs_CoolVent_Fan4                 T        -      -        T      Rules_Report_MixedFuelCompare.rule
 1687    1265     5   MxdFuelCmprReport_Inputs_CoolVent_Fan5                 T        -      -        T      Rules_Report_MixedFuelCompare.rule
 1688    1276     5   MxdFuelCmprReport_Inputs_CoolVent_Fan6                 T        -      -        T      Rules_Report_MixedFuelCompare.rule
 1689    1291    11   MxdFuelCmprReport_Inputs_MainIAQ                       T        -      -        T      Rules_Report_MixedFuelCompare.rule
 1690    1366     8   MxdFuelCmprReport_Inputs_MainIAQ_Fan1                  T        -      -        T      Rules_Report_MixedFuelCompare.rule
      ---------------------------------------------------------------------------------------------------------
 1691    1407     8   MxdFuelCmprReport_Inputs_MainIAQ_Fan2                  T        -      -        T      Rules_Report_MixedFuelCompare.rule
 1692    1427     8   MxdFuelCmprReport_Inputs_MainIAQ_Fan3                  T        -      -        T      Rules_Report_MixedFuelCompare.rule
 1693    1447     8   MxdFuelCmprReport_Inputs_MainIAQ_Fan4                  T        -      -        T      Rules_Report_MixedFuelCompare.rule
 1694    1470    11   MxdFuelCmprReport_Inputs_ADUIAQ                        T        -      -        T      Rules_Report_MixedFuelCompare.rule
 1695    1561     8   MxdFuelCmprReport_Inputs_ADUIAQ_Fan1                   T        -      -        T      Rules_Report_MixedFuelCompare.rule
      ---------------------------------------------------------------------------------------------------------
 1696    1602     8   MxdFuelCmprReport_Inputs_ADUIAQ_Fan2                   T        -      -        T      Rules_Report_MixedFuelCompare.rule
 1697    1622     8   MxdFuelCmprReport_Inputs_ADUIAQ_Fan3                   T        -      -        T      Rules_Report_MixedFuelCompare.rule
 1698    1642     8   MxdFuelCmprReport_Inputs_ADUIAQ_Fan4                   T        -      -        T      Rules_Report_MixedFuelCompare.rule
 1699    1666    17   MxdFuelCmprReport_Inputs_DHWSys                        T        -      -        T      Rules_Report_MixedFuelCompare.rule
 1700    1749    11   MxdFuelCmprReport_Inputs_DHWSys_HPWHtr1                T        -      -        T      Rules_Report_MixedFuelCompare.rule
      ---------------------------------------------------------------------------------------------------------
 1701    1869     5   MxdFuelCmprReport_Inputs_DHWSys_GasHtr1                T        -      -        T      Rules_Report_MixedFuelCompare.rule
 1702    1894    15   MxdFuelCmprReport_Results_Total                        T        -      -        T      Rules_Report_MixedFuelCompare.rule
 1703    1912    15   MxdFuelCmprReport_Results_SpcHtg                       T        -      -        T      Rules_Report_MixedFuelCompare.rule
 1704    1930    15   MxdFuelCmprReport_Results_SpcClg                       T        -      -        T      Rules_Report_MixedFuelCompare.rule
 1705    1948    15   MxdFuelCmprReport_Results_IAQ                          T        -      -        T      Rules_Report_MixedFuelCompare.rule
      ---------------------------------------------------------------------------------------------------------
 1706    1966    15   MxdFuelCmprReport_Results_WtrHtg                       T        -      -        T      Rules_Report_MixedFuelCompare.rule
 1707    1984     4   MxdFuelCmprReport_Results_IntLtg                       T        -      -        T      Rules_Report_MixedFuelCompare.rule
 1708    1991     5   MxdFuelCmprReport_Results_Appl                         T        -      -        T      Rules_Report_MixedFuelCompare.rule
 1709    1999     4   MxdFuelCmprReport_Results_Plugs                        T        -      -        T      Rules_Report_MixedFuelCompare.rule
 1710    2006     4   MxdFuelCmprReport_Results_ExtLtg                       T        -      -        T      Rules_Report_MixedFuelCompare.rule
      ---------------------------------------------------------------------------------------------------------
 1711    2013     6   MxdFuelCmprReport_Results_PVBatt                       T        -      -        T      Rules_Report_MixedFuelCompare.rule
 1712    2022    10   MxdFuelCmprReport_Results_CO2ExpCons                   T        -      -        T      Rules_Report_MixedFuelCompare.rule
 1713      36     1   CheckSubsetFileHashes                                  T        -      -        T      Rules_SubsetFileHashes.rule
 1714      37     4   Default_BatchRuns                                      -        -      -        T      BatchRuns.rule
 1715      67    15   Default_BatchRuns_Simplified                           -        -      -        T      BatchRuns.rule
      ---------------------------------------------------------------------------------------------------------
 1716     158     1   CreateProj_SetRepoRev                                  -        -      -        T      BatchRuns.rule
 1717     324     2   Default_CodeVersion_RptGenUI                           -        -      -        T      Rules-2025.txt
 1718     330    27   Default_CodeVersion                                    T        -      -        T      Rules-2025.txt


Binary Ruleset Writing Summary (bytes written):
   Rules:       42944412
   Rule Props:  4
   RuleSubsets: 158
   Tables:      3972560
   DataTypes:   60130
   Ranges:      44587
   Symbols:     4
   MaxChild:    0
   Resets:      5216
   UnqAssign:   0
   PropTypMod:  4
   ToolTips:    4
   Transforms:  4
   Library:     400212
      writing RuleSubset #1 '25SFam_HourlyMultTables' to file: 'C:/dev/bigladder/CBECC/CBECC/Data/Rulesets/CA Res 2025/25SFam_HourlyMultTables.bin'

   Writing list of 7 tables, starting w/ #42, from RuleSubset '25SFam_HourlyMultTables'.
      Table: 42 'TDVM02Table'         wrote table TDVM02Table w/ 8760 rows of data, 8,585 kb
      Table: 43 'T24SrcEnergyTable'         wrote table T24SrcEnergyTable w/ 8760 rows of data, 8,585 kb
      Table: 44 'HrlyNEMTable'         wrote table HrlyNEMTable w/ 8760 rows of data, 2,978 kb
      Table: 45 'HrlyNEMACCTable'         wrote table HrlyNEMACCTable w/ 8760 rows of data, 2,978 kb
      Table: 46 'PeakDemandTable'         wrote table PeakDemandTable w/ 8760 rows of data, 350 kb
      Table: 47 'PeakCoolingElecEnergyTable'         wrote table PeakCoolingElecEnergyTable w/ 8760 rows of data, 350 kb
      Table: 48 'CA_Carbon_Elec'         wrote table CA_Carbon_Elec w/ 8760 rows of data, 2,978 kb
      RuleSubset #1 hash 'ba9a20e4a95e486be5af506f0c2725530012e7588bce4e9c93507150cc19f8e9' file: 'C:/dev/bigladder/CBECC/CBECC/Data/Rulesets/CA Res 2025/25SFam_HourlyMultTables.bin'
      RuleSubset hash table 'RuleSubsetFileHashes' records: 1 before & 2 after
      writing RuleSubset #2 'SFam25_CUACTables' to file: 'C:/dev/bigladder/CBECC/CBECC/Data/Rulesets/CA Res 2025/SFam25_CUACTables.bin'

   Writing list of 5 tables, starting w/ #49, from RuleSubset 'SFam25_CUACTables'.
      Table: 49 'CUAC_UtilityCompanies'         wrote table CUAC_UtilityCompanies w/ 60 rows of data, 19 kb
      Table: 50 'CUAC_UtilityTerritories'         wrote table CUAC_UtilityTerritories w/ 144 rows of data, 20 kb
      Table: 51 'CUAC_UtilityRates'         wrote table CUAC_UtilityRates w/ 114 rows of data, 38 kb
      Table: 52 'CUAC_UtilityRateGen2Mapping'         wrote table CUAC_UtilityRateGen2Mapping w/ 301 rows of data, 85 kb
      Table: 53 'CUAC_UtilityRateGen2Data'         wrote table CUAC_UtilityRateGen2Data w/ 1387 rows of data, 668 kb
      RuleSubset #2 hash 'c3a5fdffd5b42b6a80574999cc6abc67e22e1a258d34d2eb0095a75b757c680e' file: 'C:/dev/bigladder/CBECC/CBECC/Data/Rulesets/CA Res 2025/SFam25_CUACTables.bin'
      RuleSubset hash table 'RuleSubsetFileHashes' records: 2 before & 3 after
      writing RuleSubset #3 'SFamRuleSubsetFileHashes' to file: 'C:/dev/bigladder/CBECC/CBECC/Data/Rulesets/CA Res 2025/SFamRuleSubsetFileHashes.bin'

   Writing list of 1 tables, starting w/ #54, from RuleSubset 'SFamRuleSubsetFileHashes'.
      Table: 54 'RuleSubsetFileHashes'         wrote table RuleSubsetFileHashes w/ 3 rows of data, 0.452 kb
