Reading rules file:  C:/dev/bigladder/CBECC/RulesetSrc/T24NRMF/T24N_2025.txt

Reading table file:  Tables/ClimateZoneBoundaries.csv

Reading table file:  Tables/WeatherFileClimateZone_T24N_2022.csv

Reading table file:  Tables/CA_Weather_Locations_2025.csv

Reading table file:  Tables/WeatherStationRemoval_2022.csv

Reading table file:  Tables/App5-4A_SpaceBySpace-T24N_2025.csv

Reading table file:  Tables/App5-4A_CompleteBuilding.csv

Reading table file:  Tables/App5-4B_FunctionScheduleGroups.csv

Reading table file:  Tables/App5-4C_Ventilation-T24N_2025.csv

Reading table file:  Tables/MaterialData_T24N.csv

Reading table file:  Tables/MetalInsFrameLayers.csv

Reading table file:  Tables/FramingFactors.csv

Reading table file:  Tables/FenConsInputReqs_T24N.csv

Reading table file:  Tables/AltFenPerformance_T24N.csv

Reading table file:  Tables/BaseVerticalFenPerf_T24N_2025.csv

Reading table file:  Tables/BaseSkylightPerf_T24N.csv

Reading table file:  Tables/DefaultFenestrationSHGC_T24N.csv

Reading table file:  Tables/DefaultFenestrationUFactors_T24N.csv

Reading table file:  Tables/NA6FenestrationUFactorCoeff_T24N.csv

Reading table file:  Tables/NA6FenestrationVTf_T24N.csv

Reading table file:  Tables/PAFs_T24N_2022.csv

Reading table file:  Tables/LightHeatGainDistribution.csv

Reading table file:  Tables/DayltCtrlParms.csv

Reading table file:  Tables/PrescriptiveHtRcvryReqs.csv

Reading table file:  Tables/UnitaryAC-HPMinEffReq_T24N.csv

Reading table file:  Tables/AverageStateEnergyCosts.csv

Reading table file:  Tables/CAComFileHashes_2025.csv

Reading table file:  Tables/CAComKeys.csv

Reading table file:  Tables/CAClimateZoneInletMainsTemp.csv

Reading table file:  Tables/CAClimateZoneDHWASHPAdj.csv

Reading table file:  Tables/CARes_DHWTables.csv

Reading table file:  C:/dev/bigladder/CBECC/RulesetSrc/shared/Tables/CAUEFConvCat.csv

Reading table file:  C:/dev/bigladder/CBECC/RulesetSrc/shared/Tables/CAUEFModelCoef.csv

Reading table file:  C:/dev/bigladder/CBECC/RulesetSrc/shared/Tables/CAUEFMinCoef.csv

Reading table file:  Tables/SolarThermalCollectors.csv

Reading table file:  Tables/T24R_SolarCollectorCountEst.csv

Reading table file:  C:/dev/bigladder/CBECC/RulesetSrc/shared/Tables/T24R_CentralHPWHCompressors.csv

Reading table file:  Tables/T24_PrescriptivePV-Battery.csv

Reading table file (beginning @ record 30):  Tables/T24_PrescriptivePV-Battery.csv

Reading table file (beginning @ record 49):  Tables/T24_PrescriptivePV-Battery.csv

Reading table file:  C:/dev/bigladder/CBECC/RulesetSrc/shared/Tables/T24RClimateZoneCodeBaselines.csv

Reading table file:  C:/dev/bigladder/CBECC/RulesetSrc/shared/Tables/T24RClimateZoneInletMainsTemp.csv

Reading table file:  C:/dev/bigladder/CBECC/RulesetSrc/shared/Tables/T24RClimateZoneDesignDay.csv

Reading table file:  C:/dev/bigladder/CBECC/RulesetSrc/shared/Tables/T24RMaterialLibraryMap.csv

Reading table file:  C:/dev/bigladder/CBECC/RulesetSrc/shared/Tables/T24RHeatingEquipment.csv

Reading table file:  C:/dev/bigladder/CBECC/RulesetSrc/shared/Tables/T24RCoolingEquipment.csv

Reading table file:  C:/dev/bigladder/CBECC/RulesetSrc/shared/Tables/T24RBuriedDucts.csv

Reading table file (beginning @ record 55):  C:/dev/bigladder/CBECC/RulesetSrc/shared/Tables/T24RBuriedDucts.csv

Reading table file:  C:/dev/bigladder/CBECC/RulesetSrc/shared/Tables/T24R_CommunitySolar.csv

Reading table file:  C:/dev/bigladder/CBECC/RulesetSrc/shared/Tables/T24R_DHWTables.csv

Reading table file:  C:/dev/bigladder/CBECC/RulesetSrc/shared/Tables/T24R_VCHP3Tables.csv

Reading table file (beginning @ record 23):  C:/dev/bigladder/CBECC/RulesetSrc/shared/Tables/T24R_VCHP3Tables.csv

Reading table file (beginning @ record 142):  C:/dev/bigladder/CBECC/RulesetSrc/shared/Tables/T24R_VCHP3Tables.csv

Reading table file (beginning @ record 153):  C:/dev/bigladder/CBECC/RulesetSrc/shared/Tables/T24R_VCHP3Tables.csv

Reading table file (beginning @ record 164):  C:/dev/bigladder/CBECC/RulesetSrc/shared/Tables/T24R_VCHP3Tables.csv

Reading table file (beginning @ record 175):  C:/dev/bigladder/CBECC/RulesetSrc/shared/Tables/T24R_VCHP3Tables.csv

Reading table file (beginning @ record 186):  C:/dev/bigladder/CBECC/RulesetSrc/shared/Tables/T24R_VCHP3Tables.csv

Reading table file:  C:/dev/bigladder/CBECC/RulesetSrc/shared/Tables/PrescriptiveAdditionsTables.csv

Reading table file (beginning @ record 39):  C:/dev/bigladder/CBECC/RulesetSrc/shared/Tables/PrescriptiveAdditionsTables.csv

Reading table file (beginning @ record 71):  C:/dev/bigladder/CBECC/RulesetSrc/shared/Tables/PrescriptiveAdditionsTables.csv

Reading table file (beginning @ record 109):  C:/dev/bigladder/CBECC/RulesetSrc/shared/Tables/PrescriptiveAdditionsTables.csv

Reading table file (beginning @ record 153):  C:/dev/bigladder/CBECC/RulesetSrc/shared/Tables/PrescriptiveAdditionsTables.csv

Reading table file:  C:/dev/bigladder/CBECC/RulesetSrc/shared/Tables/DHWTankAreaCoefs.csv

Reading table file:  C:/dev/bigladder/CBECC/RulesetSrc/shared/Tables/HPWHData_NEEA.csv

Reading table file:  C:/dev/bigladder/CBECC/RulesetSrc/shared/Tables/T24RDemandResponseHPWH_Sched.csv

Reading table file:  C:/dev/bigladder/CBECC/RulesetSrc/shared/Tables/T24RCustomStdDesign.csv

Reading table file:  Tables/FanPowerAllowances_T24N_2025.csv

Reading table file (beginning @ record 13):  Tables/FanPowerAllowances_T24N_2025.csv

Reading table file:  Tables/TableSizing/T24N_2022/010012-SchSml-CECStd22.csv

Reading table file (beginning @ record 17):  Tables/TableSizing/T24N_2022/010012-SchSml-CECStd22.csv

Reading table file (beginning @ record 32):  Tables/TableSizing/T24N_2022/010012-SchSml-CECStd22.csv

Reading table file (beginning @ record 58):  Tables/TableSizing/T24N_2022/010012-SchSml-CECStd22.csv

Reading table file (beginning @ record 73):  Tables/TableSizing/T24N_2022/010012-SchSml-CECStd22.csv

Reading table file:  Tables/TableSizing/T24N_2022/020012-OffSml-CECStd22.csv

Reading table file (beginning @ record 11):  Tables/TableSizing/T24N_2022/020012-OffSml-CECStd22.csv

Reading table file (beginning @ record 20):  Tables/TableSizing/T24N_2022/020012-OffSml-CECStd22.csv

Reading table file (beginning @ record 34):  Tables/TableSizing/T24N_2022/020012-OffSml-CECStd22.csv

Reading table file (beginning @ record 43):  Tables/TableSizing/T24N_2022/020012-OffSml-CECStd22.csv

Reading table file:  Tables/TableSizing/T24N_2022/020012S-OffSml-CECStd22.csv

Reading table file (beginning @ record 11):  Tables/TableSizing/T24N_2022/020012S-OffSml-CECStd22.csv

Reading table file (beginning @ record 20):  Tables/TableSizing/T24N_2022/020012S-OffSml-CECStd22.csv

Reading table file (beginning @ record 34):  Tables/TableSizing/T24N_2022/020012S-OffSml-CECStd22.csv

Reading table file (beginning @ record 43):  Tables/TableSizing/T24N_2022/020012S-OffSml-CECStd22.csv

Reading table file:  Tables/TableSizing/T24N_2022/030012-OffMed-CECStd22.csv

Reading table file (beginning @ record 21):  Tables/TableSizing/T24N_2022/030012-OffMed-CECStd22.csv

Reading table file (beginning @ record 28):  Tables/TableSizing/T24N_2022/030012-OffMed-CECStd22.csv

Reading table file (beginning @ record 50):  Tables/TableSizing/T24N_2022/030012-OffMed-CECStd22.csv

Reading table file (beginning @ record 57):  Tables/TableSizing/T24N_2022/030012-OffMed-CECStd22.csv

Reading table file:  Tables/TableSizing/T24N_2022/030012S-OffMed-CECStd22.csv

Reading table file (beginning @ record 21):  Tables/TableSizing/T24N_2022/030012S-OffMed-CECStd22.csv

Reading table file (beginning @ record 28):  Tables/TableSizing/T24N_2022/030012S-OffMed-CECStd22.csv

Reading table file (beginning @ record 50):  Tables/TableSizing/T24N_2022/030012S-OffMed-CECStd22.csv

Reading table file (beginning @ record 57):  Tables/TableSizing/T24N_2022/030012S-OffMed-CECStd22.csv

Reading table file:  Tables/TableSizing/T24N_2022/040012-OffLrg-CECStd22.csv

Reading table file (beginning @ record 27):  Tables/TableSizing/T24N_2022/040012-OffLrg-CECStd22.csv

Reading table file (beginning @ record 36):  Tables/TableSizing/T24N_2022/040012-OffLrg-CECStd22.csv

Reading table file (beginning @ record 66):  Tables/TableSizing/T24N_2022/040012-OffLrg-CECStd22.csv

Reading table file (beginning @ record 78):  Tables/TableSizing/T24N_2022/040012-OffLrg-CECStd22.csv

Reading table file:  Tables/TableSizing/T24N_2022/050012-RetlMed-CECStd22.csv

Reading table file (beginning @ record 10):  Tables/TableSizing/T24N_2022/050012-RetlMed-CECStd22.csv

Reading table file (beginning @ record 18):  Tables/TableSizing/T24N_2022/050012-RetlMed-CECStd22.csv

Reading table file (beginning @ record 30):  Tables/TableSizing/T24N_2022/050012-RetlMed-CECStd22.csv

Reading table file (beginning @ record 38):  Tables/TableSizing/T24N_2022/050012-RetlMed-CECStd22.csv

Reading table file:  Tables/TableSizing/T24N_2022/060012-RstntSml-CECStd22.csv

Reading table file (beginning @ record 8):  Tables/TableSizing/T24N_2022/060012-RstntSml-CECStd22.csv

Reading table file (beginning @ record 14):  Tables/TableSizing/T24N_2022/060012-RstntSml-CECStd22.csv

Reading table file (beginning @ record 20):  Tables/TableSizing/T24N_2022/060012-RstntSml-CECStd22.csv

Reading table file (beginning @ record 26):  Tables/TableSizing/T24N_2022/060012-RstntSml-CECStd22.csv

Reading table file:  Tables/TableSizing/T24N_2022/070012-HotSml-CECStd22.csv

Reading table file (beginning @ record 34):  Tables/TableSizing/T24N_2022/070012-HotSml-CECStd22.csv

Reading table file (beginning @ record 77):  Tables/TableSizing/T24N_2022/070012-HotSml-CECStd22.csv

Reading table file (beginning @ record 148):  Tables/TableSizing/T24N_2022/070012-HotSml-CECStd22.csv

Reading table file (beginning @ record 191):  Tables/TableSizing/T24N_2022/070012-HotSml-CECStd22.csv

Reading table file:  Tables/TableSizing/T24N_2022/080012-Whse-CECStd22.csv

Reading table file (beginning @ record 9):  Tables/TableSizing/T24N_2022/080012-Whse-CECStd22.csv

Reading table file (beginning @ record 14):  Tables/TableSizing/T24N_2022/080012-Whse-CECStd22.csv

Reading table file (beginning @ record 22):  Tables/TableSizing/T24N_2022/080012-Whse-CECStd22.csv

Reading table file (beginning @ record 29):  Tables/TableSizing/T24N_2022/080012-Whse-CECStd22.csv

Reading table file:  Tables/TableSizing/T24N_2022/090012-RetlLrg-CECStd22.csv

Reading table file (beginning @ record 17):  Tables/TableSizing/T24N_2022/090012-RetlLrg-CECStd22.csv

Reading table file (beginning @ record 32):  Tables/TableSizing/T24N_2022/090012-RetlLrg-CECStd22.csv

Reading table file (beginning @ record 58):  Tables/TableSizing/T24N_2022/090012-RetlLrg-CECStd22.csv

Reading table file (beginning @ record 73):  Tables/TableSizing/T24N_2022/090012-RetlLrg-CECStd22.csv

Reading table file:  Tables/TableSizing/T24N_2022/0110012-HighRiseRes10Story-CECStd22.csv

Reading table file (beginning @ record 36):  Tables/TableSizing/T24N_2022/0110012-HighRiseRes10Story-CECStd22.csv

Reading table file (beginning @ record 61):  Tables/TableSizing/T24N_2022/0110012-HighRiseRes10Story-CECStd22.csv

Reading table file (beginning @ record 98):  Tables/TableSizing/T24N_2022/0110012-HighRiseRes10Story-CECStd22.csv

Reading table file (beginning @ record 159):  Tables/TableSizing/T24N_2022/0110012-HighRiseRes10Story-CECStd22.csv

Reading table file:  Tables/TableSizing/T24N_2025/010012-SchSml-CECStd25.csv

Reading table file (beginning @ record 17):  Tables/TableSizing/T24N_2025/010012-SchSml-CECStd25.csv

Reading table file (beginning @ record 32):  Tables/TableSizing/T24N_2025/010012-SchSml-CECStd25.csv

Reading table file (beginning @ record 58):  Tables/TableSizing/T24N_2025/010012-SchSml-CECStd25.csv

Reading table file (beginning @ record 73):  Tables/TableSizing/T24N_2025/010012-SchSml-CECStd25.csv

Reading table file:  Tables/TableSizing/T24N_2025/020012-OffSml-CECStd25.csv

Reading table file (beginning @ record 11):  Tables/TableSizing/T24N_2025/020012-OffSml-CECStd25.csv

Reading table file (beginning @ record 20):  Tables/TableSizing/T24N_2025/020012-OffSml-CECStd25.csv

Reading table file (beginning @ record 34):  Tables/TableSizing/T24N_2025/020012-OffSml-CECStd25.csv

Reading table file (beginning @ record 43):  Tables/TableSizing/T24N_2025/020012-OffSml-CECStd25.csv

Reading table file:  Tables/TableSizing/T24N_2025/020012S-OffSml-CECStd25.csv

Reading table file (beginning @ record 11):  Tables/TableSizing/T24N_2025/020012S-OffSml-CECStd25.csv

Reading table file (beginning @ record 20):  Tables/TableSizing/T24N_2025/020012S-OffSml-CECStd25.csv

Reading table file (beginning @ record 34):  Tables/TableSizing/T24N_2025/020012S-OffSml-CECStd25.csv

Reading table file (beginning @ record 43):  Tables/TableSizing/T24N_2025/020012S-OffSml-CECStd25.csv

Reading table file:  Tables/TableSizing/T24N_2025/030012-OffMed-CECStd25.csv

Reading table file (beginning @ record 21):  Tables/TableSizing/T24N_2025/030012-OffMed-CECStd25.csv

Reading table file (beginning @ record 28):  Tables/TableSizing/T24N_2025/030012-OffMed-CECStd25.csv

Reading table file (beginning @ record 50):  Tables/TableSizing/T24N_2025/030012-OffMed-CECStd25.csv

Reading table file (beginning @ record 60):  Tables/TableSizing/T24N_2025/030012-OffMed-CECStd25.csv

Reading table file:  Tables/TableSizing/T24N_2025/030012S-OffMed-CECStd25.csv

Reading table file (beginning @ record 21):  Tables/TableSizing/T24N_2025/030012S-OffMed-CECStd25.csv

Reading table file (beginning @ record 28):  Tables/TableSizing/T24N_2025/030012S-OffMed-CECStd25.csv

Reading table file (beginning @ record 50):  Tables/TableSizing/T24N_2025/030012S-OffMed-CECStd25.csv

Reading table file (beginning @ record 60):  Tables/TableSizing/T24N_2025/030012S-OffMed-CECStd25.csv

Reading table file:  Tables/TableSizing/T24N_2025/040012-OffLrg-CECStd25.csv

Reading table file (beginning @ record 27):  Tables/TableSizing/T24N_2025/040012-OffLrg-CECStd25.csv

Reading table file (beginning @ record 36):  Tables/TableSizing/T24N_2025/040012-OffLrg-CECStd25.csv

Reading table file (beginning @ record 66):  Tables/TableSizing/T24N_2025/040012-OffLrg-CECStd25.csv

Reading table file (beginning @ record 78):  Tables/TableSizing/T24N_2025/040012-OffLrg-CECStd25.csv

Reading table file:  Tables/TableSizing/T24N_2025/050012-RetlMed-CECStd25.csv

Reading table file (beginning @ record 10):  Tables/TableSizing/T24N_2025/050012-RetlMed-CECStd25.csv

Reading table file (beginning @ record 18):  Tables/TableSizing/T24N_2025/050012-RetlMed-CECStd25.csv

Reading table file (beginning @ record 30):  Tables/TableSizing/T24N_2025/050012-RetlMed-CECStd25.csv

Reading table file (beginning @ record 38):  Tables/TableSizing/T24N_2025/050012-RetlMed-CECStd25.csv

Reading table file:  Tables/TableSizing/T24N_2025/060012-RstntSml-CECStd25.csv

Reading table file (beginning @ record 8):  Tables/TableSizing/T24N_2025/060012-RstntSml-CECStd25.csv

Reading table file (beginning @ record 14):  Tables/TableSizing/T24N_2025/060012-RstntSml-CECStd25.csv

Reading table file (beginning @ record 20):  Tables/TableSizing/T24N_2025/060012-RstntSml-CECStd25.csv

Reading table file (beginning @ record 26):  Tables/TableSizing/T24N_2025/060012-RstntSml-CECStd25.csv

Reading table file:  Tables/TableSizing/T24N_2025/070012-HotSml-CECStd25.csv

Reading table file (beginning @ record 34):  Tables/TableSizing/T24N_2025/070012-HotSml-CECStd25.csv

Reading table file (beginning @ record 77):  Tables/TableSizing/T24N_2025/070012-HotSml-CECStd25.csv

Reading table file (beginning @ record 148):  Tables/TableSizing/T24N_2025/070012-HotSml-CECStd25.csv

Reading table file (beginning @ record 191):  Tables/TableSizing/T24N_2025/070012-HotSml-CECStd25.csv

Reading table file:  Tables/TableSizing/T24N_2025/080012-Whse-CECStd25.csv

Reading table file (beginning @ record 9):  Tables/TableSizing/T24N_2025/080012-Whse-CECStd25.csv

Reading table file (beginning @ record 14):  Tables/TableSizing/T24N_2025/080012-Whse-CECStd25.csv

Reading table file (beginning @ record 22):  Tables/TableSizing/T24N_2025/080012-Whse-CECStd25.csv

Reading table file (beginning @ record 30):  Tables/TableSizing/T24N_2025/080012-Whse-CECStd25.csv

Reading table file:  Tables/TableSizing/T24N_2025/090012-RetlLrg-CECStd25.csv

Reading table file (beginning @ record 17):  Tables/TableSizing/T24N_2025/090012-RetlLrg-CECStd25.csv

Reading table file (beginning @ record 32):  Tables/TableSizing/T24N_2025/090012-RetlLrg-CECStd25.csv

Reading table file (beginning @ record 58):  Tables/TableSizing/T24N_2025/090012-RetlLrg-CECStd25.csv

Reading table file (beginning @ record 73):  Tables/TableSizing/T24N_2025/090012-RetlLrg-CECStd25.csv

Reading table file:  Tables/SecTDV-ZEROCode.csv

Reading rule file: RuleRepoRev.rule
         done.

Reading rule file: Ruleset-Version-2025.rule
         done.

Reading rule file: Project-General.rule
         done.

Reading rule file: Project-QuickAnalysis.rule
         done.

Reading rule file: Project-LocationAndClimate.rule
         done.

Reading rule file: Project-HVACSizing.rule
         done.

Reading rule file: Project-TableSizing.rule
         done.

Reading rule file: Project-PerformanceCurveMaps.rule
         done.

Reading rule file: Project-Multifamily.rule
         done.

Reading rule file: GeneralInformation.rule
         done.

Reading rule file: EnergyCost-T24N.rule
         done.

Reading rule file: NorthVector.rule
         done.

Reading rule file: SimpleGeometry.rule
         done.

Reading rule file: PolyLoop.rule
         done.

Reading rule file: ComponentAreas.rule
         done.

Reading rule file: PV.rule
         done.

Reading rule file: Battery.rule
         done.

Reading rule file: Schedules.rule
         done.

Reading rule file: Material.rule
         done.

Reading rule file: ConstructAssembly.rule
         done.

Reading rule file: SpaceFunctionDefaults.rule
         done.

Reading rule file: OpaqueEnvelope-General.rule
         done.

Reading rule file: Space-Function.rule
         done.

Reading rule file: Space-DwellingUnits.rule
         done.

Reading rule file: Space-General.rule
         done.

Reading rule file: Space-ScheduleGroups.rule
         done.

Reading rule file: Space-Occupants.rule
         done.

Reading rule file: Space-Ventilation.rule
         done.

Reading rule file: Space-Exhaust.rule
         done.

Reading rule file: Space-RecepProcess.rule
         done.

Reading rule file: Space-RefrigerationEquipment.rule
         done.

Reading rule file: Space-Infiltration.rule
         done.

Reading rule file: Space-ElevatorEscalator.rule
         done.

Reading rule file: Building-General.rule
         done.

Reading rule file: Building-Classification.rule
         done.

Reading rule file: Space-WaterHeating.rule
         done.

Reading rule file: Fenestration-General.rule
         done.

Reading rule file: Fenestration-VerticalAreas_ResZn_T24N.rule
         done.

Reading rule file: Fenestration-VerticalAreas_T24N.rule
         done.

Reading rule file: Fenestration-SkylightAreas_T24N.rule
         done.

Reading rule file: Fenestration-Properties_T24N.rule
         done.

Reading rule file: Fenestration-InsideConvCoef.rule
         done.

Reading rule file: Lighting-IntLtgSys-General.rule
         done.

Reading rule file: Lighting-IntLtgSys-Allowances_T24N.rule
         done.

Reading rule file: Lighting-Space-General.rule
         done.

Reading rule file: Lighting-Space-Allowances_T24N.rule
         done.

Reading rule file: Lighting-Schedules.rule
         done.

Reading rule file: Lighting-HeatGainDistribution.rule
         done.

Reading rule file: Daylighting - MinPwr_Ltg FracAggregation.rule
         done.

Reading rule file: Daylighting_DaylitZones.rule
         done.

Reading rule file: Daylighting_Spc.rule
         done.

Reading rule file: Daylighting_ThrmlZn.rule
         done.

Reading rule file: OpaqueEnvelope-UndergroundFloors.rule
         done.

Reading rule file: OpaqueEnvelope-UndergroundWalls.rule
         done.

Reading rule file: OpaqueEnvelope-Walls.rule
         done.

Reading rule file: OpaqueEnvelope-Roofs.rule
         done.

Reading rule file: OpaqueEnvelope-Floors.rule
         done.

Reading rule file: OpaqueEnvelope-Doors.rule
         done.

Reading rule file: OpaqueEnvelope-Doors-InsideConvCoef.rule
         done.

Reading rule file: OpaqueEnvelope-DemisingRoofFloor.rule
         done.

Reading rule file: OpaqueEnvelope-MandatoryInsulation.rule
         done.

Reading rule file: Multifamily.rule
         done.

Reading rule file: Material_Baseline.rule
         done.

Reading rule file: ThermalZone-General.rule
         done.

Reading rule file: ThermalZone-ScheduleGroups.rule
         done.

Reading rule file: Building-AirBalance.rule
         done.

Reading rule file: BaselineHVACSystems-T24N.rule
         done.

Reading rule file: ProposedHVACSystems.rule
         done.

Reading rule file: ThermalZone-Ventilation.rule
         done.

Reading rule file: ThermalZone-Exhaust.rule
         done.

Reading rule file: ThermalZone-Sizing.rule
         done.

Reading rule file: ResIAQFan.rule
         done.

Reading rule file: ResOtherZn-General.rule
         done.

Reading rule file: ResOtherZn-Occupants.rule
         done.

Reading rule file: ResOtherZn-Ventilation.rule
         done.

Reading rule file: ResOtherZn-Exhaust.rule
         done.

Reading rule file: ResOtherZn-RecepProcess.rule
         done.

Reading rule file: ResOtherZn-ElevatorEscalator.rule
         done.

Reading rule file: HVACSecondary-General.rule
         done.

Reading rule file: HVACSecondary-VRFSys.rule
         done.

Reading rule file: HVACSecondary-ScheduleGroups.rule
         done.

Reading rule file: HVACSecondary-AirSegment.rule
         done.

Reading rule file: ThermalZone-Controls.rule
         done.

Reading rule file: HVACSecondary-Sizing.rule
         done.

Reading rule file: HVACSecondary-TerminalUnit-General.rule
         done.

Reading rule file: HVACSecondary-ChilledBeams.rule
         done.

Reading rule file: HVACSecondary-Fan-General.rule
         done.

Reading rule file: HVACSecondary-Fan-FanRatios.rule
         done.

Reading rule file: HVACSecondary-Fan-ResFanRatios.rule
         done.

Reading rule file: HVACSecondary-Fan-Pressure Credits-T24N.rule
         done.

Reading rule file: HVACSecondary-Fan-Supply-T24N.rule
         done.

Reading rule file: HVACSecondary-Fan-Exhaust-T24N.rule
         done.

Reading rule file: HVACSecondary-CoilCooling-Capacity.rule
         done.

Reading rule file: HVACSecondary-CoilCooling-DX.rule
         done.

Reading rule file: HVACSecondary-CoilCooling-SEEREIR_fTEMPCrv.rule
         done.

Reading rule file: HVACSecondary-CoilHeating-Capacity.rule
         done.

Reading rule file: HVACSecondary-CoilHeating-HeatPump.rule
         done.

Reading rule file: HVACSecondary-CoilHeating-Furnace.rule
         done.

Reading rule file: HVACSecondary-SystemControls.rule
         done.

Reading rule file: HVACSecondary-ExhaustControls.rule
         done.

Reading rule file: HVACSecondary-OutsideAirControl.rule
         done.

Reading rule file: HVACSecondary-HeatRecovery.rule
         done.

Reading rule file: HVACSecondary-Fan-ReturnRelief-T24N.rule
         done.

Reading rule file: HVACSecondary-TerminalUnit-VAVBoxes.rule
         done.

Reading rule file: HVACSecondary-TerminalUnit-FPBoxes.rule
         done.

Reading rule file: HVACSecondary-EvapCooling.rule
         done.

Reading rule file: HVACSecondary-RadiantSystem.rule
         done.

Reading rule file: HVACPrimary-General.rule
         done.

Reading rule file: HVACPrimary-Sizing.rule
         done.

Reading rule file: HVACPrimary-SystemControls.rule
         done.

Reading rule file: HVACPrimary-Boilers.rule
         done.

Reading rule file: HVACPrimary-HeatPumps.rule
         done.

Reading rule file: HVACPrimary-Chillers.rule
         done.

Reading rule file: HVACPrimary-CoolingTower.rule
         done.

Reading rule file: HVACPrimary-HeatExchangers.rule
         done.

Reading rule file: HVACPrimary-Pumps.rule
         done.

Reading rule file: HVACPrimary-ThermalEnergyStorage.rule
         done.

Reading rule file: HVACPrimary-Scaling-AddAlt.rule
         done.

Reading rule file: ResHVACSys.rule
         done.

Reading rule file: ResCentralHVACSys.rule
         done.

Reading rule file: WaterHeater-General.rule
         done.

Reading rule file: WaterHeater.rule
         done.

Reading rule file: ResWaterHeater.rule
         done.

Reading rule file: Window-SimpleShading.rule
         done.

Reading rule file: ExteriorShading.rule
         done.

Reading rule file: Meter.rule
         done.

Reading rule file: HVACSecondary-Summary.rule
         done.

Reading rule file: HVACPrimary-Summary.rule
         done.

Reading rule file: Building-AdditionsAlterations.rule
         done.

Reading rule file: Project-ExceptionalConditions.rule
         done.

Reading rule file: Reporting-SpaceDet.rule
         done.

Reading rule file: Reporting-Schedules.rule
         done.

Reading rule file: Reporting-EnvelopeDet.rule
         done.

Reading rule file: Reporting-HVACSecondaryDet.rule
         done.

Reading rule file: Reporting-HVACPrimaryDet.rule
         done.

Reading rule file: Reporting-VentilationExhaust.rule
         done.

Reading rule file: Reporting-TableSizing.rule
         done.

Reading rule file: Reporting-FanPowerAdjustment-T24N.rule
         done.

Reading rule file: Reporting-PVBattery.rule
         done.

Reading rule file: Project-ComplianceFormsMultiFamily.rule
         done.

Reading rule file: Project-ComplianceForms.rule
         done.

Reading rule file: Analysis-Control.rule
         done.

Reading rule file: ModelBackwardCompatibility.rule
         done.

Reading rule file: TreeDescriptions.rule
         done.

Reading rule file: CALGreen.rule
         done.

Reading rule file: ZEROCode.rule
         done.

Reading rule file: Multifam-BackwardCompat.rule
         done.

Reading rule file: Lighting-ResOtherZn-Allowances_T24N.rule
         done.

Reading rule file: Lighting-ResOtherZn-General.rule
         done.

Reading rule file: Project-NRCCPRF.rule
         done.

Reading rule file: Envelope-NRCCPRF.rule
         done.

Reading rule file: HVAC-NRCCPRF.rule
         done.

Reading rule file: Water-NRCCPRF.rule
         done.

Reading rule file: Process-NRCCPRF.rule
         done.

Reading rule file: Lighting-NRCCPRF.rule
         done.

Reading rule file: PreSim.rule
         done.

Reading rule file: RuleRepoRev.rule
         Rule NEW:  Proj:RuleRepoRev / RuleRepositoryRevision  Type: Integer  iPropID:702  lDBID:1702001 
         done.

Reading rule file: Ruleset-Version-2025.rule
         Rule NEW:  Proj:CSEName / CSEName  Type: unknown!  iPropID:703  lDBID:1703001 
         Rule NEW:  Proj:RptGenCompRptID / RptGenCompRptID  Type: unknown!  iPropID:704  lDBID:1704001 
         Rule NEW:  Proj:SecKeyRLName / SecKeyRLName  Type: unknown!  iPropID:705  lDBID:1705001 
         Rule NEW:  Proj:NRCC_RptGenCompReport / NRCC_RptGenCompReport  Type: unknown!  iPropID:706  lDBID:1706001 
         Rule NEW:  Proj:NRCC_RptGenServer / NRCC_RptGenServer  Type: unknown!  iPropID:707  lDBID:1707001 
         Rule NEW:  Proj:NRCC_RptGenApp / NRCC_RptGenApp  Type: unknown!  iPropID:708  lDBID:1708001 
         Rule NEW:  Proj:RptGenCheckURL / RptGenCheckURL  Type: unknown!  iPropID:709  lDBID:1709001 
         Rule NEW:  Proj:NRCC_RptGenService / NRCC_RptGenService  Type: unknown!  iPropID:710  lDBID:1710001 
         Rule NEW:  Proj:BypassCompRptMsg / BypassComplianceReportMessage  Type: String  iPropID:711  lDBID:1711001 
         Rule NEW:  Proj:UtilRateDownloadURL / UtilRateDownloadURL  Type: unknown!  iPropID:712  lDBID:1712001 
         Rule NEW:  Proj:UtilRateDownloadContainer / UtilRateDownloadContainer  Type: unknown!  iPropID:713  lDBID:1713001 
         done.

Reading rule file: Project-General.rule
         Rule NEW:  Proj:RuleEvalDuration / RuleEvalDuration  Type: Float  iPropID:714  lDBID:1714001 
         Rule NEW:  Proj:RunAbbrev / RunAbbrev  Type: String  iPropID:715  lDBID:1715001 
         Rule NEW:  Proj:IsBatchProcessing / IsBatchProcessing  Type: Integer  iPropID:716  lDBID:1716001 
         Rule NEW:  Proj:FanHtCoeff / FanHeatCoefficient  Type: Float  iPropID:717  lDBID:1717001 
         Rule NEW:  Proj:IsDetailedGeometry / IsDetailedGeometry  Type: Integer  iPropID:718  lDBID:1718001 
         Rule NEW:  Proj:CompTypeMsg / ComplianceTypeMessage  Type: String  iPropID:719  lDBID:1719001 
         Rule NEW:  Proj:CompTypeFlagNew / ComplianceTypeFlagNew  Type: Integer  iPropID:720  lDBID:1720001 
         Rule NEW:  Proj:CompTypeFlagAlt / ComplianceTypeFlagAlteration  Type: Integer  iPropID:721  lDBID:1721001 
         Rule NEW:  Proj:IsNewEnv / IsNewEnvelope  Type: Integer  iPropID:722  lDBID:1722001 
         Rule NEW:  Proj:IsAddEnv / IsAdditionEnvelope  Type: Integer  iPropID:723  lDBID:1723001 
         Rule NEW:  Proj:IsExistingEnv / IsExistingEnvelope  Type: Integer  iPropID:724  lDBID:1724001 
         Rule NEW:  Proj:IsNewLtg / IsNewLighting  Type: Integer  iPropID:725  lDBID:1725001 
         Rule NEW:  Proj:IsExistingLtg / IsExistingLighting  Type: Integer  iPropID:726  lDBID:1726001 
         Rule NEW:  Proj:IsFutureLtg / IsFutureLighting  Type: Integer  iPropID:727  lDBID:1727001 
         Rule NEW:  Proj:IsPartLtg / IsPartialLighting  Type: Integer  iPropID:728  lDBID:1728001 
         Rule NEW:  Proj:IsNewMech / IsNewMechanical  Type: Integer  iPropID:729  lDBID:1729001 
         Rule NEW:  Proj:IsAddMech / IsAdditionMechanical  Type: Integer  iPropID:730  lDBID:1730001 
         Rule NEW:  Proj:IsNoMech / IsNoMechanical  Type: Integer  iPropID:731  lDBID:1731001 
         Rule NEW:  Proj:IsNoAddMech / IsNoAdditionMechanical  Type: Integer  iPropID:732  lDBID:1732001 
         Rule NEW:  Proj:IsPartMech / IsPartialMechanical  Type: Integer  iPropID:733  lDBID:1733001 
         Rule NEW:  Proj:IsAddOrAlt / IsAdditionAlteration  Type: Integer  iPropID:734  lDBID:1734001 
         Rule NEW:  Proj:IsAlt / IsAlt  Type: Integer  iPropID:735  lDBID:1735001 
         Rule NEW:  Proj:IsAltOnly / IsAltOnly  Type: Integer  iPropID:736  lDBID:1736001 
         Rule NEW:  Proj:IsAdd / IsAdd  Type: Integer  iPropID:737  lDBID:1737001 
         Rule NEW:  Proj:RptFuelUseAs / ReportFuelUseAs  Type: Integer  iPropID:738  lDBID:1738001 
         Rule NEW:  Proj:ExcptDsgnModelFileMsg / ExcptDsgnModelFileMsg  Type: unknown!  iPropID:739  lDBID:1739001 
         Rule NEW:  Proj:StdsVersionYr / StandardsVersionYear  Type: Integer  iPropID:740  lDBID:1740001 
         Rule NEW:  Proj:PermitDate / PermitDate  Type: Integer  iPropID:741  lDBID:1741001 
         Rule NEW:  Proj:NumZnsExceedClgUnmetLdHrs / NumberZonesExceedCoolingUnmetLoadHours  Type: Integer  iPropID:742  lDBID:1742001 
         Rule NEW:  Proj:NumZnsExceedHtgUnmetLdHrs / NumberZonesExceedHeatingUnmetLoadHours  Type: Integer  iPropID:743  lDBID:1743001 
         Rule NEW:  Proj:MaxZnClgUnmetLdHrs / MaximumZoneCoolingUnmetLoadHours  Type: Float  iPropID:744  lDBID:1744001 
         Rule NEW:  Proj:MaxZnHtgUnmetLdHrs / MaximumZoneHeatingUnmetLoadHours  Type: Float  iPropID:745  lDBID:1745001 
         Rule NEW:  Proj:MaxZnClgUnmetLdHrsName / MaximumZoneCoolingUnmetLoadHoursName  Type: String  iPropID:746  lDBID:1746001 
         Rule NEW:  Proj:MaxZnHtgUnmetLdHrsName / MaximumZoneHeatingUnmetLoadHoursName  Type: String  iPropID:747  lDBID:1747001 
         Rule NEW:  Proj:UnmetLdHrsFAQLink / UnmetLoadHoursFrequentlyAskedQuestionsLink  Type: String  iPropID:748  lDBID:1748001 
         Rule NEW:  Proj:HRRVentSysChange / HighRiseResidentialVentilationSystemChange  Type: Integer  iPropID:749  lDBID:1749001 
         Rule NEW:  Proj:ExhVentMultLimNonRes / ExhaustVentilationMultiplierLimitNonresidential  Type: Float  iPropID:750  lDBID:1750001 
         Rule NEW:  Proj:VentTolMaxLimNonRes / VentilationToleranceMaximumLimitNonresidential  Type: Float  iPropID:751  lDBID:1751001 
         Rule NEW:  Proj:VentTolMinLimNonRes / VentilationToleranceMinimumLimitNonresidential  Type: Float  iPropID:752  lDBID:1752001 
         Rule NEW:  Proj:ExhTolMaxLimNonRes / ExhaustToleranceMaximumLimitNonresidential  Type: Float  iPropID:753  lDBID:1753001 
         Rule NEW:  Proj:ExhTolMinLimNonRes / ExhaustToleranceMinimumLimitNonresidential  Type: Float  iPropID:754  lDBID:1754001 
         Rule NEW:  Proj:BalancedVentTolNonRes / BalancedVentilationToleranceResidential  Type: Float  iPropID:755  lDBID:1755001 
         Rule NEW:  Proj:ExhVentMultLimRes / ExhaustVentilationMultiplierLimitResidential  Type: Float  iPropID:756  lDBID:1756001 
         Rule NEW:  Proj:VentTolMaxLimRes / VentilationToleranceMaximumLimitResidential  Type: Float  iPropID:757  lDBID:1757001 
         Rule NEW:  Proj:VentTolMinLimRes / VentilationToleranceMinimumLimitResidential  Type: Float  iPropID:758  lDBID:1758001 
         Rule NEW:  Proj:ExhTolMaxLimRes / ExhaustToleranceMaximumLimitResidential  Type: Float  iPropID:759  lDBID:1759001 
         Rule NEW:  Proj:ExhTolMinLimRes / ExhaustToleranceMinimumLimitResidential  Type: Float  iPropID:760  lDBID:1760001 
         Rule NEW:  Proj:BalancedVentTolRes / BalancedVentilationToleranceResidential  Type: Float  iPropID:761  lDBID:1761001 
         Rule NEW:  Proj:HtRcvryVentTolRes / HeatRecoveryVentilationToleranceResidential  Type: Float  iPropID:762  lDBID:1762001 
         Rule NEW:  Proj:HERSFanPwrTestAdj / HERSFanPowerTestAdjustment  Type: Float  iPropID:763  lDBID:1763001 
         Rule NEW:  Proj:HERSFIDAdj / HERSFaultIndicationDisplayAdjustment  Type: Float  iPropID:764  lDBID:1764001 
         Rule NEW:  Proj:VentFanTolMaxLim / VentilationFanToleranceMaximumLimit  Type: Float  iPropID:765  lDBID:1765001 
         Rule NEW:  Proj:VentFanTolMinLim / VentilationFanToleranceMinimumLimit  Type: Float  iPropID:766  lDBID:1766001 
         Rule NEW:  Proj:DebugScreen / DebugScreen  Type: Integer  iPropID:767  lDBID:1767001 
         Rule NEW:  AirSys:ServesThrmlZn / ServesThermalZone  Type: Integer  iPropID:211  lDBID:98211001 
         Rule NEW:  Proj:NumAirSys / NumberAirSystem  Type: Integer  iPropID:768  lDBID:1768001 
         Rule NEW:  Proj:NumAirSysWithMult / NumberAirSystemWithMult  Type: Integer  iPropID:769  lDBID:1769001 
         Rule NEW:  Proj:NumZnSysWithMult / NumberZoneSystemWithMult  Type: Integer  iPropID:770  lDBID:1770001 
         Rule NEW:  Proj:NumTrmlUnit / NumberTerminalUnit  Type: Integer  iPropID:771  lDBID:1771001 
         Rule NEW:  Proj:NumTrmlUnitControlledWithMult / NumberTerminalUnitControlledWithMult  Type: Integer  iPropID:772  lDBID:1772001 
         Rule NEW:  Proj:NumThrmlZn / NumberThermalZone  Type: Integer  iPropID:773  lDBID:1773001 
         Rule NEW:  Proj:NumThrmlZnWithMult / NumberThermalZoneWithMult  Type: Integer  iPropID:774  lDBID:1774001 
         Rule NEW:  Proj:NumThrmlZnCond / NumberThermalZoneConditioned  Type: Integer  iPropID:775  lDBID:1775001 
         Rule NEW:  Proj:NumThrmlZnCondWithMult / NumberThermalZoneConditionedWithMult  Type: Integer  iPropID:776  lDBID:1776001 
         Rule NEW:  Proj:XFormFlag / TransformFlag  Type: Integer  iPropID:777  lDBID:1777001 
         Rule NEW:  Proj:CompMetricLbl_Short / ComplianceMetricLabel_Short  Type: String  iPropID:778  lDBID:1778001 
         Rule NEW:  Proj:CompMetricLbl_Long / ComplianceMetricLabel_Long  Type: String  iPropID:779  lDBID:1779001 
         Rule NEW:  Proj:ResultSetSector / ResultSetSector  Type: String  iPropID:780  lDBID:1780001 
         Rule NEW:  Proj:CO2EmissionsElecConvFac / CO2EmissionsElectricConversionFactor  Type: Float  iPropID:781  lDBID:1781001 
         Rule NEW:  Proj:CO2EmissionsNatGasConvFac / CO2EmissionsNaturalGasConversionFactor  Type: Float  iPropID:782  lDBID:1782001 
         Rule NEW:  Proj:CO2EmissionsOtherConvFac / CO2EmissionsOtherConversionFactor  Type: Float  iPropID:783  lDBID:1783001 
         Rule NEW:  Proj:CO2EmissionsResultsUnit / CO2EmissionsResultsUnit  Type: String  iPropID:784  lDBID:1784001 
         Rule NEW:  Proj:CO2EmissionsResultsMult / CO2EmissionsResultsMultiplier  Type: Float  iPropID:785  lDBID:1785001 
         Rule NEW:  Proj:CO2EmissionsResultsDecPrec / CO2EmissionsResultsDecimalPrecision  Type: Integer  iPropID:786  lDBID:1786001 
         Rule NEW:  INISettings:StoreBEMDetails / StoreBEMDetails  Type: Integer  iPropID:5  lDBID:620005001 
         Rule NEW:  INISettings:EnableRptGenStatusChecks / EnableRptGenStatusChecks  Type: Integer  iPropID:6  lDBID:620006001 
         Rule NEW:  INISettings:ExportHourlyResults_All / ExportHourlyResults_All  Type: Integer  iPropID:7  lDBID:620007001 
         Rule NEW:  INISettings:SimOutputVariablesToCSV_All / SimOutputVariablesToCSV_All  Type: Integer  iPropID:8  lDBID:620008001 
         Rule NEW:  INISettings:SimOutputVariablesToCSV_ap / SimOutputVariablesToCSV_ap  Type: Integer  iPropID:9  lDBID:620009001 
         Rule NEW:  INISettings:SimOutputVariablesToCSV_ab / SimOutputVariablesToCSV_ab  Type: Integer  iPropID:10  lDBID:620010001 
         Rule NEW:  INISettings:ModelRpt_ALL / ModelRpt_ALL  Type: Integer  iPropID:11  lDBID:620011001 
         Rule NEW:  INISettings:VerboseInputLogging / VerboseInputLogging  Type: Integer  iPropID:12  lDBID:620012001 
         Rule NEW:  INISettings:LogRuleEvaluation / LogRuleEvaluation  Type: Integer  iPropID:13  lDBID:620013001 
         Rule NEW:  INISettings:LogRecircDHWSimulation / LogRecircDHWSimulation  Type: Integer  iPropID:14  lDBID:620014001 
         Rule NEW:  INISettings:BypassCheckSimRules / BypassCheckSimRules  Type: Integer  iPropID:15  lDBID:620015001 
         Rule NEW:  INISettings:BypassCheckCodeRules / BypassCheckCodeRules  Type: Integer  iPropID:16  lDBID:620016001 
         Rule NEW:  INISettings:BypassOpenStudio_all / BypassOpenStudio_all  Type: Integer  iPropID:17  lDBID:620017001 
         Rule NEW:  INISettings:BypassOpenStudio_zp / BypassOpenStudio_zp  Type: Integer  iPropID:18  lDBID:620018001 
         Rule NEW:  INISettings:BypassOpenStudio_zb / BypassOpenStudio_zb  Type: Integer  iPropID:19  lDBID:620019001 
         Rule NEW:  INISettings:BypassOpenStudio_ap / BypassOpenStudio_ap  Type: Integer  iPropID:20  lDBID:620020001 
         Rule NEW:  INISettings:BypassOpenStudio_ab / BypassOpenStudio_ab  Type: Integer  iPropID:21  lDBID:620021001 
         Rule NEW:  INISettings:ComplianceReportPDF / ComplianceReportPDF  Type: Integer  iPropID:22  lDBID:620022001 
         Rule NEW:  INISettings:ComplianceReportXML / ComplianceReportXML  Type: Integer  iPropID:23  lDBID:620023001 
         Rule NEW:  INISettings:UseProxyServerSettings / UseProxyServerSettings  Type: Integer  iPropID:24  lDBID:620024001 
         Rule NEW:  INISettings:ProxyServerAddress / ProxyServerAddress  Type: String  iPropID:25  lDBID:620025001 
         Rule NEW:  INISettings:ProxyServerCredentials / ProxyServerCredentials  Type: String  iPropID:26  lDBID:620026001 
         Rule NEW:  INISettings:ShowProxyServerCredentials / ShowProxyServerCredentials  Type: Integer  iPropID:27  lDBID:620027001 
         done.

Reading rule file: Project-QuickAnalysis.rule
         Rule NEW:  Proj:RuleEvalDuration / RuleEvalDuration  Type: Float  iPropID:714  lDBID:1714001 
         done.

Reading rule file: Project-LocationAndClimate.rule
         Rule NEW:  Proj:ZipCodeMsg / ZipCodeMsg  Type: String  iPropID:787  lDBID:1787001 
         Rule NEW:  Proj:WeatherStationValid / WeatherStationValid  Type: Integer  iPropID:788  lDBID:1788001 
         Rule NEW:  Proj:WeatherStationErrorMsg / WeatherStationErrorMsg  Type: String  iPropID:789  lDBID:1789001 
         Rule NEW:  Proj:WeatherFileAppend / WeatherFileAppend  Type: String  iPropID:790  lDBID:1790001 
         Rule NEW:  Proj:WthrFileEPWHash / WeatherFileEPWHash  Type: String  iPropID:791  lDBID:1791001 
         Rule NEW:  Proj:WthrFileDDYHash / WeatherFileDDYHash  Type: String  iPropID:792  lDBID:1792001 
         Rule NEW:  Proj:HotMonth / HottestMonth  Type: Integer  iPropID:793  lDBID:1793001 
         Rule NEW:  Proj:ColdMonth / ColdMonth  Type: Integer  iPropID:794  lDBID:1794001 
         Rule NEW:  Proj:WindSpeedColdestMonth / WindSpeedColdestMonth  Type: Float  iPropID:795  lDBID:1795001 
         done.

Reading rule file: Project-HVACSizing.rule
         Rule NEW:  Proj:HasBaseHVAC / HasBaseHVAC  Type: Integer  iPropID:796  lDBID:1796001 
         Rule NEW:  ThrmlZn:BaseSysNum / BaselineSystemNumber  Type: Integer  iPropID:128  lDBID:97128001 
         Rule NEW:  Spc:BaseSysNum / BaselineSystemNumber  Type: Integer  iPropID:324  lDBID:53324001 
         Rule NEW:  CoilHtg:UserTypeToRestore / UserTypeToRestore  Type: String  iPropID:54  lDBID:105054001 
         done.

Reading rule file: Project-TableSizing.rule
         Rule NEW:  Proj:ModelName / ModelName  Type: String  iPropID:797  lDBID:1797001 
         Rule NEW:  Proj:TblName / TableName  Type: String  iPropID:798  lDBID:1798001 
         done.

Reading rule file: Project-PerformanceCurveMaps.rule
         done.

Reading rule file: Project-Multifamily.rule
         Rule NEW:  Proj:LAFirePVBattExcptApplies / LAFirePVBatteryExceptionApplies  Type: Integer  iPropID:799  lDBID:1799001 
         Rule NEW:  ResZn:CUACRef / CUACReference  Type: ObjectRef (CUAC)  iPropID:308  lDBID:70308001 
         Rule NEW:  DwellUnit:CentralLaundryAssigned / CentralLaundryAssigned  Type: Integer  iPropID:71  lDBID:75071001 
         Rule NEW:  ResZn:NumAffordableCentralLaundryAssignments / NumAffordableCentralLaundryAssignments  Type: Integer  iPropID:309  lDBID:70309001 
         Rule NEW:  DwellUnit:AffordableHousing / AffordableHousing  Type: Integer  iPropID:72  lDBID:75072001 
         Rule NEW:  DwellUnitType:AffordableHousing / AffordableHousing  Type: Integer  iPropID:301  lDBID:69301001 
         Rule NEW:  DwellUnitType:CUACRef / CUACRef  Type: ObjectRef (CUAC)  iPropID:302  lDBID:69302001 
         Rule NEW:  ResProj:StdsVersionYr / StandardsVersionYear  Type: Integer  iPropID:571  lDBID:2571001 
         Rule NEW:  Proj:BldgTypeTblStr / BldgTypeTblStr  Type: String  iPropID:800  lDBID:1800001 
         Rule NEW:  Proj:Fuel_HaveNatGas / Fuel_HaveNatGas  Type: Integer  iPropID:801  lDBID:1801001 
         Rule NEW:  Proj:Fuel_HaveOther / Fuel_HaveOther  Type: Integer  iPropID:802  lDBID:1802001 
         Rule NEW:  ResZn:CondFlrAreaWithMult / ConditionedFloorAreaWithMultiplier  Type: Float  iPropID:310  lDBID:70310001 
         Rule NEW:  ResZn:CondVolWithMult / ConditionedVolumeWithMultiplier  Type: Float  iPropID:311  lDBID:70311001 
         Rule NEW:  ResZn:FlrAreaWithMult / FloorAreaWithMultiplier  Type: Float  iPropID:312  lDBID:70312001 
         Rule NEW:  ResZn:NumDwellingUnitsWithMult / NumberDwellingUnitsWithMultiplier  Type: Float  iPropID:313  lDBID:70313001 
         Rule NEW:  ResZn:BelowMultipliedFlr / BelowMultipliedFloor  Type: Integer  iPropID:314  lDBID:70314001 
         Rule NEW:  ResZn:AboveMultipliedFlr / AboveMultipliedFloor  Type: Integer  iPropID:315  lDBID:70315001 
         Rule NEW:  ResIntCeiling:ParentCompType / ParentCompType  Type: String  iPropID:38  lDBID:83038001 
         Rule NEW:  ResIntFlr:ParentCompType / ParentCompType  Type: String  iPropID:42  lDBID:87042001 
         Rule NEW:  ResOtherZn:CommonlyMultiLevel / CommonlyMultiLevel  Type: Integer  iPropID:385  lDBID:71385001 
         Rule NEW:  ResOtherZn:IsCond / IsConditioned  Type: Integer  iPropID:386  lDBID:71386001 
         Rule NEW:  ResOtherZn:AddClgToProp / AddCoolingToProposed  Type: Integer  iPropID:387  lDBID:71387001 
         Rule NEW:  ResOtherZn:BaseSysNum / BaselineSystemNumber  Type: Integer  iPropID:388  lDBID:71388001 
         Rule NEW:  ResOtherZn:NonResCondFlrAreaWithMult / NonResidentialConditionedFloorAreaWithMultiplier  Type: Float  iPropID:389  lDBID:71389001 
         Rule NEW:  ResOtherZn:ResCondFlrAreaWithMult / ResidentialConditionedFloorAreaWithMultiplier  Type: Float  iPropID:390  lDBID:71390001 
         Rule NEW:  ResOtherZn:FlrAreaWithMult / FloorAreaWithMultiplier  Type: Float  iPropID:391  lDBID:71391001 
         Rule NEW:  ResOtherZn:VolWithMult / VolumeWithMultiplier  Type: Float  iPropID:392  lDBID:71392001 
         Rule NEW:  ResOtherZn:MFamAreaForMeter / MultifamilyAreaForMeter  Type: Float  iPropID:393  lDBID:71393001 
         Rule NEW:  ResOtherZn:CondFlrAreaWithMult / ConditionedFloorAreaWithMultiplier  Type: Float  iPropID:394  lDBID:71394001 
         Rule NEW:  ResOtherZn:CondVolWithMult / ConditionedVolumeWithMultiplier  Type: Float  iPropID:395  lDBID:71395001 
         Rule NEW:  ResOtherZn:BelowMultipliedFlr / BelowMultipliedFloor  Type: Integer  iPropID:396  lDBID:71396001 
         Rule NEW:  ResOtherZn:AboveMultipliedFlr / AboveMultipliedFloor  Type: Integer  iPropID:397  lDBID:71397001 
         Rule NEW:  ResExtWall:AreaNew / AreaNew  Type: Float  iPropID:52  lDBID:78052001 
         Rule NEW:  ResExtWall:AreaAltered / AreaAltered  Type: Float  iPropID:53  lDBID:78053001 
         Rule NEW:  ResExtWall:AreaExisting / AreaExisting  Type: Float  iPropID:54  lDBID:78054001 
         Rule NEW:  ResCathedralCeiling:AreaNew / AreaNew  Type: Float  iPropID:44  lDBID:81044001 
         Rule NEW:  ResCathedralCeiling:AreaAltered / AreaAltered  Type: Float  iPropID:45  lDBID:81045001 
         Rule NEW:  ResCathedralCeiling:AreaExisting / AreaExisting  Type: Float  iPropID:46  lDBID:81046001 
         Rule NEW:  ResExtFlr:AreaNew / AreaNew  Type: Float  iPropID:25  lDBID:85025001 
         Rule NEW:  ResExtFlr:AreaAltered / AreaAltered  Type: Float  iPropID:26  lDBID:85026001 
         Rule NEW:  ResExtFlr:AreaExisting / AreaExisting  Type: Float  iPropID:27  lDBID:85027001 
         Rule NEW:  ResExtWall:AreaWithMult / AreaWithMult  Type: Float  iPropID:55  lDBID:78055001 
         Rule NEW:  ResIntWall:AreaWithMult / AreaWithMult  Type: Float  iPropID:43  lDBID:79043001 
         Rule NEW:  ResUndgrWall:AreaWithMult / AreaWithMult  Type: Float  iPropID:20  lDBID:80020001 
         Rule NEW:  ResAttic:FloorAreaWithMult / FloorAreaWithMult  Type: Float  iPropID:71  lDBID:73071001 
         Rule NEW:  ResCathedralCeiling:AreaWithMult / AreaWithMult  Type: Float  iPropID:47  lDBID:81047001 
         Rule NEW:  ResCeilingBelowAttic:AreaWithMult / AreaWithMult  Type: Float  iPropID:61  lDBID:82061001 
         Rule NEW:  ResIntCeiling:AreaWithMult / AreaWithMult  Type: Float  iPropID:39  lDBID:83039001 
         Rule NEW:  ResIntFlr:AreaWithMult / AreaWithMult  Type: Float  iPropID:43  lDBID:87043001 
         Rule NEW:  ResExtFlr:AreaWithMult / AreaWithMult  Type: Float  iPropID:28  lDBID:85028001 
         Rule NEW:  ResFlrOverCrawlSpc:AreaWithMult / AreaWithMult  Type: Float  iPropID:24  lDBID:86024001 
         Rule NEW:  ResProj:SumResIAQOptions_Before / SumResIAQOptions_Before  Type: Integer  iPropID:572  lDBID:2572001 
         Rule NEW:  ResProj:SumResIAQOptions_After / SumResIAQOptions_After  Type: Integer  iPropID:573  lDBID:2573001 
         Rule NEW:  ResProj:SumResIAQOptions_Central / SumResIAQOptions_Central  Type: Integer  iPropID:574  lDBID:2574001 
         Rule NEW:  ResOtherZn:IAQSubjectToAccessOrFIDAdjustment / IAQSubjectToAccessOrFIDAdjustment  Type: Integer  iPropID:398  lDBID:71398001 
         Rule NEW:  DwellUnitType:IAQSubjectToAccessOrFIDAdjustment / IAQSubjectToAccessOrFIDAdjustment  Type: Integer  iPropID:303  lDBID:69303001 
         Rule NEW:  DwellUnitType:GasFueledErrMsg / GasFueledErrMsg  Type: String  iPropID:304  lDBID:69304001 
         Rule NEW:  DwellUnitType:GasFueledErrMsg / GasFueledErrMsg  Type: String  iPropID:304  lDBID:69304001 
         Rule NEW:  DwellUnitType:GasFueledErrMsg / GasFueledErrMsg  Type: String  iPropID:304  lDBID:69304001 
         Rule NEW:  DwellUnitType:GasFueledErrMsg / GasFueledErrMsg  Type: String  iPropID:304  lDBID:69304001 
         Rule NEW:  DwellUnitType:GasFueledErrMsg / GasFueledErrMsg  Type: String  iPropID:304  lDBID:69304001 
         Rule NEW:  DwellUnitType:GasFueledChkCodeMsg / GasFueledChkCodeMsg  Type: String  iPropID:305  lDBID:69305001 
         Rule NEW:  DwellUnitType:GasFueledChkCodeMsg / GasFueledChkCodeMsg  Type: String  iPropID:305  lDBID:69305001 
         Rule NEW:  DwellUnitType:GasFueledChkCodeMsg / GasFueledChkCodeMsg  Type: String  iPropID:305  lDBID:69305001 
         Rule NEW:  DwellUnitType:GasFueledChkCodeMsg / GasFueledChkCodeMsg  Type: String  iPropID:305  lDBID:69305001 
         Rule NEW:  DwellUnitType:GasFueledChkCodeMsg / GasFueledChkCodeMsg  Type: String  iPropID:305  lDBID:69305001 
         Rule NEW:  DwellUnitType:GasFueledChkCodeMsg / GasFueledChkCodeMsg  Type: String  iPropID:305  lDBID:69305001 
         Rule NEW:  ResOtherZn:GasFueledErrMsg / GasFueledErrMsg  Type: String  iPropID:399  lDBID:71399001 
         Rule NEW:  ResOtherZn:GasFueledErrMsg / GasFueledErrMsg  Type: String  iPropID:399  lDBID:71399001 
         Rule NEW:  ResOtherZn:GasFueledErrMsg / GasFueledErrMsg  Type: String  iPropID:399  lDBID:71399001 
         Rule NEW:  ResOtherZn:GasFueledErrMsg / GasFueledErrMsg  Type: String  iPropID:399  lDBID:71399001 
         Rule NEW:  ResOtherZn:GasFueledErrMsg / GasFueledErrMsg  Type: String  iPropID:399  lDBID:71399001 
         Rule NEW:  ResOtherZn:GasFueledErrMsg / GasFueledErrMsg  Type: String  iPropID:399  lDBID:71399001 
         Rule NEW:  DwellUnit:HPDHWComboServedDwellUnitCount / HPDHWComboServedDwellUnitCount  Type: Integer  iPropID:73  lDBID:75073001 
         done.

Reading rule file: GeneralInformation.rule
         Rule NEW:  Proj:RuleEvalDuration / RuleEvalDuration  Type: Float  iPropID:714  lDBID:1714001 
         done.

Reading rule file: EnergyCost-T24N.rule
         Rule NEW:  Proj:AvgStateElecCostMsg / AvgStateElecCostMsg  Type: String  iPropID:803  lDBID:1803001 
         Rule NEW:  Proj:AvgStateOtherFuelCostMsg / AvgStateOtherFuelCostMsg  Type: String  iPropID:804  lDBID:1804001 
         Rule NEW:  Proj:RuleEvalDuration / RuleEvalDuration  Type: Float  iPropID:714  lDBID:1714001 
         done.

Reading rule file: NorthVector.rule
         Rule NEW:  Bldg:NRad / NorthRadians  Type: Float  iPropID:81  lDBID:50081001 
         Rule NEW:  Bldg:UnitVectorNi / UnitVectorNi  Type: Float  iPropID:82  lDBID:50082001 
         Rule NEW:  Bldg:UnitVectorNj / UnitVectorNj  Type: Float  iPropID:83  lDBID:50083001 
         Rule NEW:  Proj:RuleEvalDuration / RuleEvalDuration  Type: Float  iPropID:714  lDBID:1714001 
         done.

Reading rule file: SimpleGeometry.rule
         Rule NEW:  Ceiling:PolyZ / PolyZ  Type: Float  iPropID:19  lDBID:56019001 
         Rule NEW:  ExtFlr:PolyZ / PolyZ  Type: Float  iPropID:19  lDBID:57019001 
         Rule NEW:  ExtWall:PolyZ / PolyZ  Type: Float  iPropID:27  lDBID:58027001 
         Rule NEW:  ExtWall:PolyDZ / PolyDZ  Type: Float  iPropID:28  lDBID:58028001 
         Rule NEW:  Win:IsGlazedDoor / IsGlazedDoor  Type: Integer  iPropID:45  lDBID:64045001 
         Rule NEW:  Win:PolyZ / PolyZ  Type: Float  iPropID:46  lDBID:64046001 
         Rule NEW:  Dr:PolyZ / PolyZ  Type: Float  iPropID:12  lDBID:67012001 
         Rule NEW:  Skylt:PolyZ / PolyZ  Type: Float  iPropID:5  lDBID:65005001 
         Rule NEW:  IntFlr:PolyZ / PolyZ  Type: Float  iPropID:16  lDBID:59016001 
         Rule NEW:  IntFlr:PolyAz / PolyAz  Type: Float  iPropID:17  lDBID:59017001 
         Rule NEW:  IntWall:PolyZ / PolyZ  Type: Float  iPropID:20  lDBID:60020001 
         Rule NEW:  IntWall:PolyDZ / PolyDZ  Type: Float  iPropID:21  lDBID:60021001 
         Rule NEW:  IntWall:PolyAz / PolyAz  Type: Float  iPropID:22  lDBID:60022001 
         Rule NEW:  Roof:PolyZ / PolyZ  Type: Float  iPropID:29  lDBID:61029001 
         Rule NEW:  UndgrFlr:PolyZ / PolyZ  Type: Float  iPropID:16  lDBID:62016001 
         Rule NEW:  UndgrFlr:PolyAz / PolyAz  Type: Float  iPropID:17  lDBID:62017001 
         Rule NEW:  UndgrWall:PolyZ / PolyZ  Type: Float  iPropID:13  lDBID:63013001 
         Rule NEW:  UndgrWall:PolyAz / PolyAz  Type: Float  iPropID:14  lDBID:63014001 
         Rule NEW:  Spc:AreaPolyLp / AreaPolyLp  Type: Float  iPropID:325  lDBID:53325001 
         Rule NEW:  Spc:FlrCheck / FlrCheck  Type: Float  iPropID:326  lDBID:53326001 
         Rule NEW:  Spc:RoofAreaCheck / RoofAreaCheck  Type: Float  iPropID:327  lDBID:53327001 
         Rule NEW:  Proj:RuleEvalDuration / RuleEvalDuration  Type: Float  iPropID:714  lDBID:1714001 
         done.

Reading rule file: PolyLoop.rule
         Rule NEW:  PolyLp:NumVertices / NumberOfVertices  Type: Integer  iPropID:24  lDBID:95024001 
         Rule NEW:  Proj:RuleEvalDuration / RuleEvalDuration  Type: Float  iPropID:714  lDBID:1714001 
         Rule NEW:  ExtWall:MaxZ / MaximumZ  Type: Float  iPropID:29  lDBID:58029001 
         Rule NEW:  IntWall:MaxZ / MaximumZ  Type: Float  iPropID:23  lDBID:60023001 
         Rule NEW:  UndgrWall:MaxZ / MaximumZ  Type: Float  iPropID:15  lDBID:63015001 
         Rule NEW:  Roof:MaxZ / MaximumZ  Type: Float  iPropID:30  lDBID:61030001 
         Rule NEW:  Roof:MinZ / MinimumZ  Type: Float  iPropID:31  lDBID:61031001 
         done.

Reading rule file: ComponentAreas.rule
         Rule NEW:  Roof:UnitVectorPi / UnitVectorPi  Type: Float  iPropID:32  lDBID:61032001 
         Rule NEW:  Roof:UnitVectorPj / UnitVectorPj  Type: Float  iPropID:33  lDBID:61033001 
         Rule NEW:  Roof:RealAz / RealAzimuth  Type: Float  iPropID:34  lDBID:61034001 
         Rule NEW:  Roof:UnitVectorOk / UnitVectorOk  Type: Float  iPropID:35  lDBID:61035001 
         Rule NEW:  ExtWall:VectorPLen / VectorPLength  Type: Float  iPropID:30  lDBID:58030001 
         Rule NEW:  ExtWall:UnitVectorPi / UnitVectorPi  Type: Float  iPropID:31  lDBID:58031001 
         Rule NEW:  ExtWall:UnitVectorPj / UnitVectorPj  Type: Float  iPropID:32  lDBID:58032001 
         Rule NEW:  ExtWall:RealAz / RealAzimuth  Type: Float  iPropID:33  lDBID:58033001 
         Rule NEW:  ExtWall:UnitVectorOk / UnitVectorOk  Type: Float  iPropID:34  lDBID:58034001 
         Rule NEW:  ExtFlr:UnitVectorOk / UnitVectorOk  Type: Float  iPropID:20  lDBID:57020001 
         Rule NEW:  Win:Az / Azimuth  Type: Float  iPropID:47  lDBID:64047001 
         Rule NEW:  Proj:RuleEvalDuration / RuleEvalDuration  Type: Float  iPropID:714  lDBID:1714001 
         done.

Reading rule file: PV.rule
         Rule NEW:  Proj:DisableAllPVBattRequirements / DisableAllPVBatteryRequirements  Type: Integer  iPropID:805  lDBID:1805001 
         Rule NEW:  Spc:ShowPVBattSizeBldgType / ShowPhotovoltaicBatterySizeArea  Type: Integer  iPropID:328  lDBID:53328001 
         Rule NEW:  ResOtherZn:ShowPVBattSizeBldgType / ShowPhotovoltaicBatterySizeArea  Type: Integer  iPropID:400  lDBID:71400001 
         Rule NEW:  Spc:HlthcarePVBattArea / HlthcarePVBattArea  Type: Float  iPropID:329  lDBID:53329001 
         Rule NEW:  Story:PredomHlthcareArea / PredominantHealthcareArea  Type: Float  iPropID:10  lDBID:51010001 
         Rule NEW:  Spc:ShowPVBattSizeBldgType / ShowPhotovoltaicBatterySizeArea  Type: Integer  iPropID:328  lDBID:53328001 
         Rule NEW:  Spc:PVBattSizeArea / PhotovoltaicBatterySizeArea  Type: Float  iPropID:330  lDBID:53330001 
         Rule NEW:  ResOtherZn:PVBattSizeArea / PhotovoltaicBatterySizeArea  Type: Float  iPropID:401  lDBID:71401001 
         Rule NEW:  ResZn:PVBattSizeResArea / PhotovoltaicBatterySizeResidentialArea  Type: Float  iPropID:316  lDBID:70316001 
         Rule NEW:  Proj:NResPVBattAreaSum / NonResidentialPVBatteryAreaSum  Type: Float  iPropID:806  lDBID:1806001 
         Rule NEW:  Proj:HiRiseResNResPVBattAreaSum / HighRiseResidentialNonResidentialPVBatteryAreaSum  Type: Float  iPropID:807  lDBID:1807001 
         Rule NEW:  Proj:NResPVBattAreaPct / NonResidentialPVBatteryAreaPercent  Type: Float  iPropID:808  lDBID:1808001 
         Rule NEW:  Proj:HiRiseResNResPVBattAreaPct / HighRiseResidentialNonResidentialPVBatteryAreaPercent  Type: Float  iPropID:809  lDBID:1809001 
         Rule NEW:  Proj:PrscrpPVBattClass / PrscrpPVBattClass  Type: Enumeration  iPropID:810  lDBID:1810001 
         Rule NEW:  Proj:NResPVBattAreaMsg / NonResidentialPVBatteryAreaMessage  Type: String  iPropID:811  lDBID:1811001 
         Rule NEW:  Spc:T24PVSize / Title24PhotovoltaicSize  Type: Float  iPropID:331  lDBID:53331001 
         Rule NEW:  ResOtherZn:T24PVSize / Title24PhotovoltaicSize  Type: Float  iPropID:402  lDBID:71402001 
         Rule NEW:  ResZn:T24PVSize / Title24PhotovoltaicSize  Type: Float  iPropID:317  lDBID:70317001 
         Rule NEW:  Proj:PrscrpPVSize / PrescriptivePhotovoltaicSize  Type: Float  iPropID:812  lDBID:1812001 
         Rule NEW:  Proj:T24PVSize / Title24PhotovoltaicSize  Type: Float  iPropID:813  lDBID:1813001 
         Rule NEW:  Proj:PrscrpStdPVSizeRat / PrescriptiveStandardPhotovoltaicSizeRatio  Type: Float  iPropID:814  lDBID:1814001 
         Rule NEW:  Proj:T24PVArrayRef / Title24PhotovoltaicArrayReference  Type: ObjectRef (PVArray)  iPropID:815  lDBID:1815001 
         Rule NEW:  PVArray:ValidFlag / ValidFlag  Type: Integer  iPropID:33  lDBID:46033001 
         Rule NEW:  PVArrayGeom:NumPVArrayRefs / NumPVArrayRefs  Type: Integer  iPropID:4  lDBID:93004001 
         Rule NEW:  PVArray:TreeDescrip / TreeDescrip  Type: String  iPropID:34  lDBID:46034001 
         Rule NEW:  Proj:HrlyNEMTableName / HrlyNEMTableName  Type: String  iPropID:816  lDBID:1816001 
         Rule NEW:  Proj:HrlyNEMTableCol / HrlyNEMTableCol  Type: Integer  iPropID:817  lDBID:1817001 
         Rule NEW:  Proj:NEMGrossUpFactor / NEMGrossUpFactor  Type: Float  iPropID:818  lDBID:1818001 
         Rule NEW:  Proj:RuleEvalDuration / RuleEvalDuration  Type: Float  iPropID:714  lDBID:1714001 
         done.

Reading rule file: Battery.rule
         Rule NEW:  Spc:BattReq_CZ1OffSchlWrhs_Reduction / BattReq_CZ1OffSchlWrhs_Reduction  Type: Float  iPropID:332  lDBID:53332001 
         Rule NEW:  Spc:UseBattReq_PartOfLargeTenantArea / UseBattReq_PartOfLargeTenantArea  Type: Integer  iPropID:333  lDBID:53333001 
         Rule NEW:  Spc:BattReq_SmallTenantArea_Reduction / BattReq_SmallTenantArea_Reduction  Type: Float  iPropID:334  lDBID:53334001 
         Rule NEW:  ResOtherZn:BattReq_CZ1OffSchlWrhs_Reduction / BattReq_CZ1OffSchlWrhs_Reduction  Type: Float  iPropID:403  lDBID:71403001 
         Rule NEW:  ResOtherZn:UseBattReq_PartOfLargeTenantArea / UseBattReq_PartOfLargeTenantArea  Type: Integer  iPropID:404  lDBID:71404001 
         Rule NEW:  ResOtherZn:BattReq_SmallTenantArea_Reduction / BattReq_SmallTenantArea_Reduction  Type: Float  iPropID:405  lDBID:71405001 
         Rule NEW:  Spc:T24BattEngyCap / Title24BatteryEnergyCapacity  Type: Float  iPropID:335  lDBID:53335001 
         Rule NEW:  Spc:T24BattPwrCap / Title24BatteryPowerCapacity  Type: Float  iPropID:336  lDBID:53336001 
         Rule NEW:  ResOtherZn:T24BattEngyCap / Title24BatteryEnergyCapacity  Type: Float  iPropID:406  lDBID:71406001 
         Rule NEW:  ResOtherZn:T24BattPwrCap / Title24BatteryPowerCapacity  Type: Float  iPropID:407  lDBID:71407001 
         Rule NEW:  ResZn:T24BattEngyCap / Title24BatteryEnergyCapacity  Type: Float  iPropID:318  lDBID:70318001 
         Rule NEW:  ResZn:T24BattPwrCap / Title24BatteryPowerCapacity  Type: Float  iPropID:319  lDBID:70319001 
         Rule NEW:  Proj:PrscrpBattEngyCap / PrescriptiveBatteryEnergyCapacity  Type: Float  iPropID:819  lDBID:1819001 
         Rule NEW:  Proj:PrscrpBattPwrCap / PrescriptiveBatteryPowerCapacity  Type: Float  iPropID:820  lDBID:1820001 
         Rule NEW:  Proj:T24BattEngyCap / Title24BatteryEnergyCapacity  Type: Float  iPropID:821  lDBID:1821001 
         Rule NEW:  Proj:T24BattPwrCap / Title24BatteryPowerCapacity  Type: Float  iPropID:822  lDBID:1822001 
         Rule NEW:  Proj:PrscrpPVBatteryMsg / PrescriptivePhotovoltaicBatteryMessage  Type: String  iPropID:823  lDBID:1823001 
         Rule NEW:  Proj:StdPVBatteryMsg / StandardPhotovoltaicBatteryMessage  Type: String  iPropID:824  lDBID:1824001 
         Rule NEW:  Proj:T24BattRef / Title24BatteryReference  Type: ObjectRef (Batt)  iPropID:825  lDBID:1825001 
         Rule NEW:  Batt:TreeDescrip / TreeDescrip  Type: String  iPropID:26  lDBID:47026001 
         Rule NEW:  Proj:BattSizeSum / BattSizeSum  Type: Float  iPropID:826  lDBID:1826001 
         Rule NEW:  Proj:BattCapMult / BatteryCapacityMultiplier  Type: Float  iPropID:827  lDBID:1827001 
         Rule NEW:  Proj:UserInpPVBatteryMsg / UserInputPhotovoltaicBatteryMessage  Type: String  iPropID:828  lDBID:1828001 
         Rule NEW:  Proj:HaveStandaloneBatt / HaveStandaloneBatt  Type: Integer  iPropID:829  lDBID:1829001 
         Rule NEW:  Proj:HavePVBattSim / HavePVBattSim  Type: Integer  iPropID:830  lDBID:1830001 
         Rule NEW:  Proj:RuleEvalDuration / RuleEvalDuration  Type: Float  iPropID:714  lDBID:1714001 
         done.

Reading rule file: Schedules.rule
         Rule NEW:  Sch:NumWeeks / NumWeeks  Type: Float  iPropID:17  lDBID:38017001 
         Rule NEW:  SchDay:Sum / Sum  Type: Float  iPropID:6  lDBID:35006001 
         Rule NEW:  SchDay:Avg / Avg  Type: Float  iPropID:7  lDBID:35007001 
         Rule NEW:  SchDay:MaxVal / MaxVal  Type: Float  iPropID:8  lDBID:35008001 
         Rule NEW:  SchDay:MinVal / MinVal  Type: Float  iPropID:9  lDBID:35009001 
         Rule NEW:  SchWeek:MaxVal / MaxVal  Type: Float  iPropID:20  lDBID:37020001 
         Rule NEW:  SchWeek:MinVal / MinVal  Type: Float  iPropID:21  lDBID:37021001 
         Rule NEW:  Sch:MaxVal / MaxVal  Type: Float  iPropID:18  lDBID:38018001 
         Rule NEW:  Sch:MinVal / MinVal  Type: Float  iPropID:19  lDBID:38019001 
         Rule NEW:  Sch:ApproxFullLdHrs / ApproximateFullLoadHours  Type: Float  iPropID:20  lDBID:38020001 
         done.

Reading rule file: Material.rule
         Rule NEW:  Mat:CavityInsVal / CavityInsulationValue  Type: Float  iPropID:30  lDBID:40030001 
         Rule NEW:  Mat:FrmDepthVal / FramingDepthValue  Type: Float  iPropID:31  lDBID:40031001 
         Rule NEW:  Mat:IsSpandrel / IsSpandrel  Type: Integer  iPropID:32  lDBID:40032001 
         Rule NEW:  Mat:IsHollowCoreMasonry / IsHollowCoreMasonry  Type: Integer  iPropID:33  lDBID:40033001 
         Rule NEW:  Mat:IsMetalWall / IsMetalWall  Type: Integer  iPropID:34  lDBID:40034001 
         Rule NEW:  Mat:IsMetalFrame / IsMetalFrame  Type: Integer  iPropID:35  lDBID:40035001 
         Rule NEW:  Mat:IsWoodFrame / IsWoodFrame  Type: Integer  iPropID:36  lDBID:40036001 
         Rule NEW:  Mat:IsMetalFrameLayer / IsMetalFrameLayer  Type: Integer  iPropID:37  lDBID:40037001 
         Rule NEW:  Mat:IsWoodFrameLayer / IsWoodFrameLayer  Type: Integer  iPropID:38  lDBID:40038001 
         Rule NEW:  Mat:IsMetalRoof / IsMetalRoof  Type: Integer  iPropID:39  lDBID:40039001 
         Rule NEW:  Mat:IsWoodFrameRoof / IsWoodFrameRoof  Type: Float  iPropID:40  lDBID:40040001 
         Rule NEW:  Mat:RefCnt / ReferenceCount  Type: Integer  iPropID:41  lDBID:40041001 
         Rule NEW:  Proj:WoodFrmRPerIn / WoodFramingRValuePerInch  Type: Float  iPropID:831  lDBID:1831001 
         Rule NEW:  Mat:SimpleCompositeR / SimpleCompositeRValue  Type: Float  iPropID:42  lDBID:40042001 
         Rule NEW:  Mat:HeatCap / HeatCap  Type: Float  iPropID:43  lDBID:40043001 
         Rule NEW:  Mat:IsMetalFrame / IsMetalFrame  Type: Integer  iPropID:35  lDBID:40035001 
         Rule NEW:  Mat:IsWoodFrame / IsWoodFrame  Type: Integer  iPropID:36  lDBID:40036001 
         Rule NEW:  Mat:InsCheck / InsCheck  Type: Float  iPropID:44  lDBID:40044001 
         Rule NEW:  Mat:FrmConfigRpt / FrmConfigRpt  Type: String  iPropID:45  lDBID:40045001 
         Rule NEW:  Mat:MatchingResMatRef / MatchingResidentialMaterialReference  Type: ObjectRef (ResMat)  iPropID:46  lDBID:40046001 
         Rule NEW:  Mat:ResMatMapping / ResidentialMaterialMapping  Type: Enumeration  iPropID:47  lDBID:40047001 
         done.

Reading rule file: ConstructAssembly.rule
         Rule NEW:  ConsAssm:NumMats / NumberMaterials  Type: Integer  iPropID:66  lDBID:39066001 
         Rule NEW:  ConsAssm:SumMatHeatCap / SumMatHeatCap  Type: Float  iPropID:67  lDBID:39067001 
         Rule NEW:  ConsAssm:IsSpandrel / IsSpandrel  Type: Enumeration  iPropID:68  lDBID:39068001 
         Rule NEW:  ConsAssm:ContainsMetalWallMaterial / ContainsMetalWallMaterial  Type: Enumeration  iPropID:69  lDBID:39069001 
         Rule NEW:  ConsAssm:ContainsMetalFrameMaterial / ContainsMetalFrameMaterial  Type: Enumeration  iPropID:70  lDBID:39070001 
         Rule NEW:  ConsAssm:ContainsWoodFrameMaterial / ContainsWoodFrameMaterial  Type: Enumeration  iPropID:71  lDBID:39071001 
         Rule NEW:  ConsAssm:ContainsMetalRoofMaterial / ContainsMetalRoofMaterial  Type: Enumeration  iPropID:72  lDBID:39072001 
         Rule NEW:  ConsAssm:ContainsHollowCoreMasonryMaterial / ContainsHollowCoreMasonryMaterial  Type: Enumeration  iPropID:73  lDBID:39073001 
         Rule NEW:  ConsAssm:FramingFactor / FramingFactor  Type: Float  iPropID:74  lDBID:39074001 
         Rule NEW:  ConsAssm:CompositeNonWallCheckVal / CompositeNonWallCheckVal  Type: Integer  iPropID:75  lDBID:39075001 
         Rule NEW:  ConsAssm:CompositeWallCheckVal1 / CompositeWallCheckVal1  Type: Integer  iPropID:76  lDBID:39076001 
         Rule NEW:  ConsAssm:CompositeWallCheckVal2 / CompositeWallCheckVal2  Type: Integer  iPropID:77  lDBID:39077001 
         Rule NEW:  ConsAssm:CompositeWallCheckVal3 / CompositeWallCheckVal3  Type: Integer  iPropID:78  lDBID:39078001 
         Rule NEW:  ConsAssm:CompositeConsCheckVal / CompositeConsCheckVal  Type: Integer  iPropID:79  lDBID:39079001 
         Rule NEW:  ConsAssm:CompositeWallCheckMessage / CompositeWallCheckMessage  Type: unknown!  iPropID:80  lDBID:39080001 
         Rule NEW:  ConsAssm:OutsdAirFilmR / OutsideAirFilmRValue  Type: Float  iPropID:81  lDBID:39081001 
         Rule NEW:  ConsAssm:InsdAirFilmR / InsideAirFilmRValue  Type: Float  iPropID:82  lDBID:39082001 
         Rule NEW:  ConsAssm:MatchingResConsAssmRef / MatchingResidentialConstructAssemblyReference  Type: ObjectRef (ResConsAssm)  iPropID:83  lDBID:39083001 
         Rule NEW:  ConsAssm:HtdOrUnhtd / HtdOrUnhtd  Type: Enumeration  iPropID:84  lDBID:39084001 
         Rule NEW:  ConsAssm:AreaResZnSurf / AreaResidentialZoneSurface  Type: Float  iPropID:85  lDBID:39085001 
         Rule NEW:  DrCons:NewDrCnt / NewDoorCount  Type: Integer  iPropID:11  lDBID:45011001 
         Rule NEW:  DrCons:AlteredDrCnt / AlteredDoorCount  Type: Integer  iPropID:12  lDBID:45012001 
         Rule NEW:  DrCons:ExistingDrCnt / ExistingDoorCount  Type: Integer  iPropID:13  lDBID:45013001 
         Rule NEW:  Proj:RuleEvalDuration / RuleEvalDuration  Type: Float  iPropID:714  lDBID:1714001 
         Rule NEW:  ConsAssm:NewConsCnt / NewConstructionCount  Type: Integer  iPropID:86  lDBID:39086001 
         Rule NEW:  ConsAssm:AlteredConsCnt / AlteredConstructionCount  Type: Integer  iPropID:87  lDBID:39087001 
         Rule NEW:  ConsAssm:ExistingConsCnt / ExistingConstructionCount  Type: Integer  iPropID:88  lDBID:39088001 
         Rule NEW:  ConsAssm:ModeledSurfArea / ModeledSurfaceArea  Type: Float  iPropID:89  lDBID:39089001 
         Rule NEW:  Mat:ModeledSurfArea / ModeledSurfaceArea  Type: Float  iPropID:48  lDBID:40048001 
         Rule NEW:  Mat:UserSpecModeledFlag / UserSpecModeledFlag  Type: Integer  iPropID:49  lDBID:40049001 
         Rule NEW:  Proj:NumUserSpecMats / NumberUserSpecifiedMaterials  Type: Integer  iPropID:832  lDBID:1832001 
         Rule NEW:  Mat:AreaResZnSurf / AreaResidentialZoneSurface  Type: Float  iPropID:50  lDBID:40050001 
         Rule NEW:  Mat:ResThrmlCndctCT / ResidentialThermalConductivityCoefficientTemperature  Type: Float  iPropID:51  lDBID:40051001 
         Rule NEW:  Mat:ResMetalRVal / ResidentialMetalRValue  Type: Float  iPropID:52  lDBID:40052001 
         Rule NEW:  Mat:ResThrmlCndct / ResidentialThermalConductivity  Type: Float  iPropID:53  lDBID:40053001 
         Rule NEW:  Mat:ResSpecHt / ResidentialSpecificHeat  Type: Float  iPropID:54  lDBID:40054001 
         Rule NEW:  Mat:ResDens / ResidentialDensity  Type: Float  iPropID:55  lDBID:40055001 
         Rule NEW:  Mat:ResCavDens / ResidentialCavityDensity  Type: Float  iPropID:56  lDBID:40056001 
         Rule NEW:  Mat:ResCavSpecHt / ResidentialCavitySpecificHeat  Type: Float  iPropID:57  lDBID:40057001 
         Rule NEW:  Mat:ResCavOtherThrmlCndctCT / ResidentialCavityOtherThermalConductivityCoefficientTemperature  Type: Float  iPropID:58  lDBID:40058001 
         Rule NEW:  Mat:ResCavCeilingThrmlCndctCT / ResidentialCavityCeilingThermalConductivityCoefficientTemperature  Type: Float  iPropID:59  lDBID:40059001 
         Rule NEW:  Mat:ResFrmThkns / ResidentialFrameThickness  Type: Float  iPropID:60  lDBID:40060001 
         Rule NEW:  Mat:ResCavThrmlCndct / ResidentialCavityThermalConductivity  Type: Float  iPropID:61  lDBID:40061001 
         Rule NEW:  ConsAssm:ResSurfacesOfNewZone / ResidentialSurfacesOfNewZone  Type: Integer  iPropID:90  lDBID:39090001 
         Rule NEW:  ConsAssm:ResSurfacesOfNotNewZone / ResidentialSurfacesOfNotNewZone  Type: Integer  iPropID:91  lDBID:39091001 
         Rule NEW:  ConsAssm:ResSurfacesQIIDegraded / ResidentialSurfacesQIIDegraded  Type: Integer  iPropID:92  lDBID:39092001 
         Rule NEW:  ConsAssm:ResSurfacesQIINotDegraded / ResidentialSurfacesQIINotDegraded  Type: Integer  iPropID:93  lDBID:39093001 
         Rule NEW:  Mat:ResSurfacesQIIDegraded / ResidentialSurfacesQIIDegraded  Type: Integer  iPropID:62  lDBID:40062001 
         Rule NEW:  Mat:ResSurfacesQIINotDegraded / ResidentialSurfacesQIINotDegraded  Type: Integer  iPropID:63  lDBID:40063001 
         Rule NEW:  ConsAssm:HtCapCat / HtCapCat  Type: Enumeration  iPropID:94  lDBID:39094001 
         Rule NEW:  ConsAssm:ConsType / ConstructionType  Type: Enumeration  iPropID:95  lDBID:39095001 
         Rule NEW:  ConsAssm:UAValueNewNonRes / UAValueNewNonRes  Type: Float  iPropID:96  lDBID:39096001 
         Rule NEW:  ConsAssm:UAValueNewRes / UAValueNewRes  Type: Float  iPropID:97  lDBID:39097001 
         Rule NEW:  ConsAssm:UAValueNewReloc / UAValueNewReloc  Type: Float  iPropID:98  lDBID:39098001 
         Rule NEW:  ConsAssm:UAValueAltNonRes / UAValueAltNonRes  Type: Float  iPropID:99  lDBID:39099001 
         Rule NEW:  ConsAssm:UAValueAltRes / UAValueAltRes  Type: Float  iPropID:100  lDBID:39100001 
         Rule NEW:  ConsAssm:UAValueAltReloc / UAValueAltReloc  Type: Float  iPropID:101  lDBID:39101001 
         Rule NEW:  Proj:VertFenArea / VerticalFenestrationArea
  RULESETS
    T24N  Type: Float  iPropID:833  lDBID:1833001 
         Rule NEW:  Proj:VertFenAreaNew / VerticalFenestrationArea
  RULESETS
    T24N  Type: Float  iPropID:834  lDBID:1834001 
         Rule NEW:  Proj:VertFenAreaAltered / VerticalFenestrationAreaAltered
  RULESETS
    T24N  Type: Float  iPropID:835  lDBID:1835001 
         Rule NEW:  Proj:VertFenUA / VerticalFenestrationUA
  RULESETS
    T24N  Type: Float  iPropID:836  lDBID:1836001 
         Rule NEW:  Proj:VertFenUFactor / VerticalFenestrationUFactor
  RULESETS
    T24N  Type: Float  iPropID:837  lDBID:1837001 
         done.

Reading rule file: SpaceFunctionDefaults.rule
         Rule NEW:  SpcFuncDefaults:HasNoInternalLds / HasNoInternalLoads  Type: Integer  iPropID:84  lDBID:48084001 
         Rule NEW:  SpcFuncDefaults:OccClass / OccupancyClassification  Type: Enumeration  iPropID:85  lDBID:48085001 
         Rule NEW:  SpcFuncDefaults:IsRes / IsResidential  Type: Integer  iPropID:86  lDBID:48086001 
         Rule NEW:  SpcFuncDefaults:FuncSchGrpIsEditable / FunctionScheduleGroupIsEditable  Type: Integer  iPropID:87  lDBID:48087001 
         Rule NEW:  SpcFuncDefaults:CodeVentPerAreaForDCV / CodeVentilationPerAreaForDCV  Type: Float  iPropID:88  lDBID:48088001 
         done.

Reading rule file: OpaqueEnvelope-General.rule
         Rule NEW:  ExtWall:Len / Length  Type: Float  iPropID:35  lDBID:58035001 
         Rule NEW:  IntWall:Len / Length  Type: Float  iPropID:24  lDBID:60024001 
         Rule NEW:  ExtWall:IsCondExtEnv / IsConditionedExteriorEnvelope  Type: Integer  iPropID:36  lDBID:58036001 
         Rule NEW:  ExtWall:IsDirectlyCondExtEnv / IsDirectlyConditionedExteriorEnvelope  Type: Integer  iPropID:37  lDBID:58037001 
         Rule NEW:  Roof:IsCondExtEnv / IsConditionedExteriorEnvelope  Type: Integer  iPropID:36  lDBID:61036001 
         Rule NEW:  ResCathedralCeiling:IsCondExtEnv / IsConditionedExteriorEnvelope  Type: Integer  iPropID:48  lDBID:81048001 
         Rule NEW:  Roof:IsDirectlyCondExtEnv / IsDirectlyConditionedExteriorEnvelope  Type: Integer  iPropID:37  lDBID:61037001 
         done.

Reading rule file: Space-Function.rule
         Rule NEW:  Spc:IsCond / IsConditioned  Type: Integer  iPropID:337  lDBID:53337001 
         Rule NEW:  Spc:HasNoInternalLds / HasNoInternalLoads  Type: Integer  iPropID:338  lDBID:53338001 
         Rule NEW:  Spc:IsRes / IsResidential  Type: Integer  iPropID:339  lDBID:53339001 
         Rule NEW:  Spc:IsNonRes / IsNonresidential  Type: Integer  iPropID:340  lDBID:53340001 
         Rule NEW:  Spc:IsHighRiseRes / IsHighRiseResidential  Type: Integer  iPropID:341  lDBID:53341001 
         Rule NEW:  Spc:IsHotelMotelGuestRm / IsHotelMotelGuestRoom  Type: Integer  iPropID:342  lDBID:53342001 
         Rule NEW:  Spc:HotelMotelGuestRmCntWithMult / HotelMotelGuestRoomCountWithMultiplier  Type: Integer  iPropID:343  lDBID:53343001 
         done.

Reading rule file: Space-DwellingUnits.rule
         Rule NEW:  Spc:DwellingUnitSpcTotArea / DwellingUnitSpaceTotalArea  Type: Float  iPropID:344  lDBID:53344001 
         Rule NEW:  Spc:DefaultedDwellingUnitArea / DefaultedDwellingUnitArea  Type: Integer  iPropID:345  lDBID:53345001 
         Rule NEW:  Proj:DefaultedDwellingUnitArea / DefaultedDwellingUnitArea  Type: Integer  iPropID:838  lDBID:1838001 
         Rule NEW:  Spc:DwellingUnitSpcTotAreaWithMult / DwellingUnitSpaceTotalAreaWithMultiplier  Type: Float  iPropID:346  lDBID:53346001 
         Rule NEW:  Spc:DwellingUnitLtgEnergyTot / DwellingUnitLightingEnergyTotal  Type: Float  iPropID:347  lDBID:53347001 
         Rule NEW:  Spc:DwellingUnitMscEnergyTot / DwellingUnitMiscellaneousEnergyTotal  Type: Float  iPropID:348  lDBID:53348001 
         Rule NEW:  Spc:DwellingUnitTVEnergyTot / DwellingUnitTelevisionEnergyTotal  Type: Float  iPropID:349  lDBID:53349001 
         Rule NEW:  Spc:DwellingUnitSTBEnergyTot / DwellingUnitSetTopBoxEnergyTotal  Type: Float  iPropID:350  lDBID:53350001 
         Rule NEW:  Spc:DwellingUnitCmpEnergyTot / DwellingUnitComputerEnergyTotal  Type: Float  iPropID:351  lDBID:53351001 
         Rule NEW:  Spc:DwellingUnitMscTVSTBCmpEnergyTot / DwellingUnitMiscellaneousTelevisionSetTopBoxComputerEnergyTotal  Type: Float  iPropID:352  lDBID:53352001 
         Rule NEW:  Spc:DwellingUnitMscTVSTBCmpRadFrac / DwellingUnitMiscellaneousTelevisionSetTopBoxComputerRadiantFraction  Type: Float  iPropID:353  lDBID:53353001 
         Rule NEW:  Spc:DwellingUnitMscTVSTBCmpLatFrac / DwellingUnitMiscellaneousTelevisionSetTopBoxComputerLatentFraction  Type: Float  iPropID:354  lDBID:53354001 
         Rule NEW:  Spc:DwellingUnitDishElecTot / DwellingUnitDishwasherElectricTotal  Type: Float  iPropID:355  lDBID:53355001 
         Rule NEW:  Spc:DwellingUnitWashElecTot / DwellingUnitWasherElectricTotal  Type: Float  iPropID:356  lDBID:53356001 
         Rule NEW:  Spc:DwellingUnitDryElecTot / DwellingUnitDryerElectricTotal  Type: Float  iPropID:357  lDBID:53357001 
         Rule NEW:  Spc:DwellingUnitDryGasTot / DwellingUnitDryerGasTotal  Type: Float  iPropID:358  lDBID:53358001 
         Rule NEW:  Spc:DwellingUnitCookElecTot / DwellingUnitCookingElectricTotal  Type: Float  iPropID:359  lDBID:53359001 
         Rule NEW:  Spc:DwellingUnitCookGasTot / DwellingUnitCookingGasTotal  Type: Float  iPropID:360  lDBID:53360001 
         Rule NEW:  Spc:DwellingUnitRefrElecTot / DwellingUnitRefrigeratorElectricTotal  Type: Float  iPropID:361  lDBID:53361001 
         Rule NEW:  Spc:IncludesResClothesWashers / IncludesResidentialClothesWashers  Type: Integer  iPropID:362  lDBID:53362001 
         Rule NEW:  Spc:IncludesResDishWashers / IncludesResidentialDishWashers  Type: Integer  iPropID:363  lDBID:53363001 
         Rule NEW:  Spc:DwellingUnitProcElecTot / DwellingUnitProcessElectricTotal  Type: Float  iPropID:364  lDBID:53364001 
         Rule NEW:  Spc:DwellingUnitProcElecRadFrac / DwellingUnitProcessElectricRadiantFraction  Type: Float  iPropID:365  lDBID:53365001 
         Rule NEW:  Spc:DwellingUnitProcElecLatFrac / DwellingUnitProcessElectricLatentFraction  Type: Float  iPropID:366  lDBID:53366001 
         Rule NEW:  Spc:DwellingUnitProcElecLostFrac / DwellingUnitProcessElectricLostFraction  Type: Float  iPropID:367  lDBID:53367001 
         Rule NEW:  Spc:DwellingUnitProcGasTot / DwellingUnitProcessGasTotal  Type: Float  iPropID:368  lDBID:53368001 
         Rule NEW:  Spc:DwellingUnitProcGasRadFrac / DwellingUnitProcessGasRadiantFraction  Type: Float  iPropID:369  lDBID:53369001 
         Rule NEW:  Spc:DwellingUnitProcGasLatFrac / DwellingUnitProcessGasLatentFraction  Type: Float  iPropID:370  lDBID:53370001 
         Rule NEW:  Spc:DwellingUnitProcGasLostFrac / DwellingUnitProcessGasLostFraction  Type: Float  iPropID:371  lDBID:53371001 
         done.

Reading rule file: Space-General.rule
         Rule NEW:  AirSys:IsPlenumSup / IsPlenumSupply  Type: Integer  iPropID:212  lDBID:98212001 
         Rule NEW:  ThrmlZn:IsPlenumSup / IsPlenumSupply  Type: Integer  iPropID:129  lDBID:97129001 
         Rule NEW:  Spc:IsPlenumSup / IsPlenumSupply  Type: Integer  iPropID:372  lDBID:53372001 
         Rule NEW:  Spc:SupPlenumZnRef / SupplyPlenumZoneReference  Type: ObjectRef (ThrmlZn)  iPropID:373  lDBID:53373001 
         Rule NEW:  AirSys:NumSupPlenumZn / NumberSupplyPlenumZones  Type: Integer  iPropID:213  lDBID:98213001 
         Rule NEW:  AirSys:IsPlenumRet / IsPlenumReturn  Type: Integer  iPropID:214  lDBID:98214001 
         Rule NEW:  ThrmlZn:IsPlenumRet / IsPlenumReturn  Type: Integer  iPropID:130  lDBID:97130001 
         Rule NEW:  Spc:IsPlenumRet / IsPlenumReturn  Type: Integer  iPropID:374  lDBID:53374001 
         Rule NEW:  Spc:RetPlenumZnRef / ReturnPlenumZoneReference  Type: ObjectRef (ThrmlZn)  iPropID:375  lDBID:53375001 
         Rule NEW:  AirSys:NumRetPlenumZn / NumberReturnPlenumZones  Type: Integer  iPropID:215  lDBID:98215001 
         Rule NEW:  Spc:IsExistingEnv / IsExistingEnvelope  Type: Integer  iPropID:376  lDBID:53376001 
         Rule NEW:  Spc:IsAlteredEnv / IsAlteredEnvelope  Type: Integer  iPropID:377  lDBID:53377001 
         Rule NEW:  Spc:IsNewEnv / IsNewEnvelope  Type: Integer  iPropID:378  lDBID:53378001 
         Rule NEW:  IntFlr:ResDemArea / ResidentialDemisingArea  Type: Float  iPropID:18  lDBID:59018001 
         Rule NEW:  IntWall:ResDemArea / ResidentialDemisingArea  Type: Float  iPropID:25  lDBID:60025001 
         Rule NEW:  Ceiling:ResDemArea / ResidentialDemisingArea  Type: Float  iPropID:20  lDBID:56020001 
         Rule NEW:  IntFlr:ResNonDemArea / ResidentialNonDemisingArea  Type: Float  iPropID:19  lDBID:59019001 
         Rule NEW:  IntWall:ResNonDemArea / ResidentialNonDemisingArea  Type: Float  iPropID:26  lDBID:60026001 
         Rule NEW:  Ceiling:ResNonDemArea / ResidentialNonDemisingArea  Type: Float  iPropID:21  lDBID:56021001 
         Rule NEW:  IntFlr:NonResDemArea / NonresidentialDemisingArea  Type: Float  iPropID:20  lDBID:59020001 
         Rule NEW:  IntWall:NonResDemArea / NonresidentialDemisingArea  Type: Float  iPropID:27  lDBID:60027001 
         Rule NEW:  Ceiling:NonResDemArea / NonresidentialDemisingArea  Type: Float  iPropID:22  lDBID:56022001 
         Rule NEW:  IntFlr:NonResNonDemArea / NonresidentialNonDemisingArea  Type: Float  iPropID:21  lDBID:59021001 
         Rule NEW:  IntWall:NonResNonDemArea / NonresidentialNonDemisingArea  Type: Float  iPropID:28  lDBID:60028001 
         Rule NEW:  Ceiling:NonResNonDemArea / NonresidentialNonDemisingArea  Type: Float  iPropID:23  lDBID:56023001 
         Rule NEW:  Spc:DemResIntFlrArea / DemisingResidentialInteriorFloorArea  Type: Float  iPropID:379  lDBID:53379001 
         Rule NEW:  Spc:DemResIntWallArea / DemisingResidentialInteriorFloorArea  Type: Float  iPropID:380  lDBID:53380001 
         Rule NEW:  Spc:DemResCeilingArea / DemisingResidentialCeilingArea  Type: Float  iPropID:381  lDBID:53381001 
         Rule NEW:  Spc:DemNonResIntFlrArea / DemisingNonresidentialInteriorFloorArea  Type: Float  iPropID:382  lDBID:53382001 
         Rule NEW:  Spc:DemNonResIntWallArea / DemisingNonresidentialInteriorFloorArea  Type: Float  iPropID:383  lDBID:53383001 
         Rule NEW:  Spc:DemNonResCeilingArea / DemisingNonresidentialCeilingArea  Type: Float  iPropID:384  lDBID:53384001 
         Rule NEW:  Spc:NonDemResIntFlrArea / NonDemisingResidentialInteriorFloorArea  Type: Float  iPropID:385  lDBID:53385001 
         Rule NEW:  Spc:NonDemResIntWallArea / NonDemisingResidentialInteriorFloorArea  Type: Float  iPropID:386  lDBID:53386001 
         Rule NEW:  Spc:NonDemResCeilingArea / NonDemisingResidentialCeilingArea  Type: Float  iPropID:387  lDBID:53387001 
         Rule NEW:  Spc:NonDemNonResIntFlrArea / NonDemisingNonresidentialInteriorFloorArea  Type: Float  iPropID:388  lDBID:53388001 
         Rule NEW:  Spc:NonDemNonResIntWallArea / NonDemisingNonresidentialInteriorFloorArea  Type: Float  iPropID:389  lDBID:53389001 
         Rule NEW:  Spc:NonDemNonResCeilingArea / NonDemisingNonresidentialCeilingArea  Type: Float  iPropID:390  lDBID:53390001 
         Rule NEW:  Spc:DemResSurfArea / DemisingResidentialSurfaceArea  Type: Float  iPropID:391  lDBID:53391001 
         Rule NEW:  Spc:DemNonResSurfArea / DemisingNonResidentialSurfaceArea  Type: Float  iPropID:392  lDBID:53392001 
         Rule NEW:  Spc:NonDemResSurfArea / NonDemisingResidentialSurfaceArea  Type: Float  iPropID:393  lDBID:53393001 
         Rule NEW:  Spc:NonDemNonResSurfArea / NonDemisingNonResidentialSurfaceArea  Type: Float  iPropID:394  lDBID:53394001 
         Rule NEW:  Spc:NumAdjacentIntWall / NumberAdjacentInteriorWalls  Type: Integer  iPropID:395  lDBID:53395001 
         Rule NEW:  Spc:NumAdjacentIntFloor / NumberAdjacentInteriorFloors  Type: Integer  iPropID:396  lDBID:53396001 
         Rule NEW:  Spc:NumAdjacentCeiling / NumberAdjacentCeilings  Type: Integer  iPropID:397  lDBID:53397001 
         Rule NEW:  Spc:MaxZ / MaximumZ  Type: Float  iPropID:398  lDBID:53398001 
         Rule NEW:  Spc:FlrAreaWithMult / FloorAreaWithMuliplier  Type: Float  iPropID:399  lDBID:53399001 
         Rule NEW:  Spc:VolWithMult / VolumeWithMuliplier  Type: Float  iPropID:400  lDBID:53400001 
         Rule NEW:  Spc:CondFlrArea / ConditionedFloorArea  Type: Float  iPropID:401  lDBID:53401001 
         Rule NEW:  Spc:ResLivingUnitCntWithMult / ResidentialLivingUnitCountWithMultiplier  Type: Integer  iPropID:402  lDBID:53402001 
         Rule NEW:  Spc:ResLivingUnitBedroomCntWithMult / ResidentialLivingUnitBedroomCountWithMultiplier  Type: Integer  iPropID:403  lDBID:53403001 
         Rule NEW:  Spc:HotelMotelGuestRmAveArea / HotelMotelGuestRoomAverageArea  Type: Float  iPropID:404  lDBID:53404001 
         Rule NEW:  Spc:ResCondFlrArea / ResidentialConditionedFloorArea  Type: Float  iPropID:405  lDBID:53405001 
         Rule NEW:  Spc:ResCondFlrAreaWithMult / ResidentialConditionedFloorAreaWithMultiplier  Type: Float  iPropID:406  lDBID:53406001 
         Rule NEW:  Spc:HighRiseResCondFlrArea / HighRiseResidentialConditionedFloorArea  Type: Float  iPropID:407  lDBID:53407001 
         Rule NEW:  Spc:HighRiseResCondFlrAreaWithMult / HighRiseResidentialConditionedFloorAreaWithMultiplier  Type: Float  iPropID:408  lDBID:53408001 
         Rule NEW:  Spc:HotelMotelGuestRmCondFlrArea / HotelMotelGuestRoomConditionedFloorArea  Type: Float  iPropID:409  lDBID:53409001 
         Rule NEW:  Spc:HotelMotelGuestRmCondFlrAreaWithMult / HotelMotelGuestRoomConditionedFloorAreaWithMultiplier  Type: Float  iPropID:410  lDBID:53410001 
         Rule NEW:  Spc:NonResCondFlrArea / NonresidentialConditionedFloorArea  Type: Float  iPropID:411  lDBID:53411001 
         Rule NEW:  Spc:NonResCondFlrAreaWithMult / NonresidentialConditionedFloorAreaWithMultiplier  Type: Float  iPropID:412  lDBID:53412001 
         Rule NEW:  Spc:DirectCondArea / DirectConditionedArea  Type: Float  iPropID:413  lDBID:53413001 
         Rule NEW:  Spc:NonResDirectCondArea / NonresidentialDirectConditionedArea  Type: Float  iPropID:414  lDBID:53414001 
         Rule NEW:  Spc:IndirectCondArea / IndirectConditionedArea  Type: Float  iPropID:415  lDBID:53415001 
         Rule NEW:  Spc:UncondArea / UnconditionedArea  Type: Float  iPropID:416  lDBID:53416001 
         Rule NEW:  Spc:PlenumArea / PlenumArea  Type: Float  iPropID:417  lDBID:53417001 
         Rule NEW:  Spc:UnoccupiedArea / UnoccupiedArea  Type: Float  iPropID:418  lDBID:53418001 
         Rule NEW:  Spc:CondVolWithMult / ConditionedVolumeWithMultiplier  Type: Float  iPropID:419  lDBID:53419001 
         Rule NEW:  Spc:IsExtSpc / IsExteriorSpace  Type: Integer  iPropID:420  lDBID:53420001 
         Rule NEW:  Spc:ExtPerim / ExteriorPerimeter  Type: Float  iPropID:421  lDBID:53421001 
         Rule NEW:  Spc:ParentStoryRef / ParentStoryReference  Type: ObjectRef (Story)  iPropID:422  lDBID:53422001 
         Rule NEW:  Spc:HtgTstatSchMaxVal / HeatingThermostatScheduleReferenceMaximumValue  Type: Float  iPropID:423  lDBID:53423001 
         Rule NEW:  Spc:ClgTstatSchMinVal / CoolingThermostatScheduleReferenceMinimumValue  Type: Float  iPropID:424  lDBID:53424001 
         Rule NEW:  ThrmlZn:HtgFuelSrc / HeatingFuelSource  Type: Integer  iPropID:131  lDBID:97131001 
         Rule NEW:  Spc:HtgFuelSrc / HeatingFuelSource  Type: Integer  iPropID:425  lDBID:53425001 
         Rule NEW:  Spc:AtriumGT55FtFlag / AtriumGreaterThan55FeetFlag  Type: Integer  iPropID:426  lDBID:53426001 
         Rule NEW:  Bldg:HasAtriumGT55Ft / HasAtriumGreaterThan55Feet  Type: Integer  iPropID:84  lDBID:50084001 
         Rule NEW:  Spc:HasUnknownHVAC / HasUnknownHVAC  Type: Integer  iPropID:427  lDBID:53427001 
         Rule NEW:  ResOtherZn:HasUnknownHVAC / HasUnknownHVAC  Type: Integer  iPropID:408  lDBID:71408001 
         done.

Reading rule file: Space-ScheduleGroups.rule
         Rule NEW:  Spc:IsProcExhSpc / IsProcessExhaustSpace  Type: Integer  iPropID:428  lDBID:53428001 
         Rule NEW:  Spc:HtgOnlySysArea / HeatingOnlySystemArea  Type: Float  iPropID:429  lDBID:53429001 
         Rule NEW:  Spc:CompRmArea / ComputerRoomArea  Type: Float  iPropID:430  lDBID:53430001 
         Rule NEW:  Spc:LabArea / LaboratoryArea  Type: Float  iPropID:431  lDBID:53431001 
         Rule NEW:  Spc:SchoolLabArea / SchoolLaboratoryArea  Type: Float  iPropID:432  lDBID:53432001 
         Rule NEW:  Spc:IsVivOrHiBiosftyLab / IsVivariumOrHighBiosaftyLaboratory  Type: Integer  iPropID:433  lDBID:53433001 
         Rule NEW:  Spc:VivOrHiBiosftyLabArea / VivariumOrHighBiosaftyLaboratoryArea  Type: Float  iPropID:434  lDBID:53434001 
         Rule NEW:  Spc:CommKitArea / CommercialKitchenArea  Type: Float  iPropID:435  lDBID:53435001 
         Rule NEW:  Spc:ProcArea / ProcArea  Type: Float  iPropID:436  lDBID:53436001 
         Rule NEW:  Spc:PrkgGarArea / ParkingGarageArea  Type: Float  iPropID:437  lDBID:53437001 
         Rule NEW:  Spc:FactoryArea / FactoryArea  Type: Float  iPropID:438  lDBID:53438001 
         Rule NEW:  Spc:HlthCareEligible / HealthCareEligible  Type: Integer  iPropID:439  lDBID:53439001 
         Rule NEW:  Spc:HlthCareArea / HealthCareArea  Type: Float  iPropID:440  lDBID:53440001 
         Rule NEW:  Spc:ResCommonEligible / ResidentialCommonEligible  Type: Integer  iPropID:441  lDBID:53441001 
         Rule NEW:  Spc:ResCommonArea / ResidentialCommonArea  Type: Float  iPropID:442  lDBID:53442001 
         Rule NEW:  Story:ResCommonArea / ResidentialCommonArea  Type: Float  iPropID:11  lDBID:51011001 
         Rule NEW:  Story:ResCommonAreaNew / ResidentialCommonAreaNew  Type: Float  iPropID:12  lDBID:51012001 
         Rule NEW:  Story:ResCommonAreaExisting / ResidentialCommonAreaExisting  Type: Float  iPropID:13  lDBID:51013001 
         Rule NEW:  Story:ResCommonAreaAltered / ResidentialCommonAreaAltered  Type: Float  iPropID:14  lDBID:51014001 
         Rule NEW:  Story:IsResCommon / IsResidentialCommon  Type: Integer  iPropID:15  lDBID:51015001 
         Rule NEW:  Spc:PrescribedFuncSchGrp / PrescribedFunctionScheduleGroup  Type: String  iPropID:443  lDBID:53443001 
         Rule NEW:  Spc:ExcludeSpcFromPredominantCalc / ExcludeSpcFromPredominantCalculation  Type: Integer  iPropID:444  lDBID:53444001 
         Rule NEW:  Spc:FuncSchGrpIsEditable / FunctionScheduleGroupIsEditable  Type: Integer  iPropID:445  lDBID:53445001 
         Rule NEW:  Spc:FlrAreaForPredominantCalc / FloorAreaForPredominantCalculation  Type: Float  iPropID:446  lDBID:53446001 
         Rule NEW:  Story:FlrAreaForPredominantCalc / FloorAreaForPredominantCalc  Type: Float  iPropID:16  lDBID:51016001 
         Rule NEW:  Story:FlrAreaForPredominantCalcWithMult / FloorAreaForPredominantCalcWithMultiplier  Type: Float  iPropID:17  lDBID:51017001 
         Rule NEW:  Story:FuncGrpAreaAssembly / FunctionGroupAreaAssembly  Type: Float  iPropID:18  lDBID:51018001 
         Rule NEW:  Story:FuncGrpAreaAssemblyWithMult / FunctionGroupAreaAssemblyWithMultiplier  Type: Float  iPropID:19  lDBID:51019001 
         Rule NEW:  Story:FuncGrpAreaData / FunctionGroupAreaData  Type: Float  iPropID:20  lDBID:51020001 
         Rule NEW:  Story:FuncGrpAreaDataWithMult / FunctionGroupAreaDataWithMultiplier  Type: Float  iPropID:21  lDBID:51021001 
         Rule NEW:  Story:FuncGrpAreaHealth / FunctionGroupAreaHealth  Type: Float  iPropID:22  lDBID:51022001 
         Rule NEW:  Story:FuncGrpAreaHealthWithMult / FunctionGroupAreaHealthWithMultiplier  Type: Float  iPropID:23  lDBID:51023001 
         Rule NEW:  Story:FuncGrpAreaLab / FunctionGroupAreaLab  Type: Float  iPropID:24  lDBID:51024001 
         Rule NEW:  Story:FuncGrpAreaLabWithMult / FunctionGroupAreaLabWithMultiplier  Type: Float  iPropID:25  lDBID:51025001 
         Rule NEW:  Story:FuncGrpAreaManufacturing / FunctionGroupAreaManufacturing  Type: Float  iPropID:26  lDBID:51026001 
         Rule NEW:  Story:FuncGrpAreaManufacturingWithMult / FunctionGroupAreaManufacturingWithMultiplier  Type: Float  iPropID:27  lDBID:51027001 
         Rule NEW:  Story:FuncGrpAreaOffice / FunctionGroupAreaOffice  Type: Float  iPropID:28  lDBID:51028001 
         Rule NEW:  Story:FuncGrpAreaOfficeWithMult / FunctionGroupAreaOfficeWithMultiplier  Type: Float  iPropID:29  lDBID:51029001 
         Rule NEW:  Story:FuncGrpAreaParking / FunctionGroupAreaParking  Type: Float  iPropID:30  lDBID:51030001 
         Rule NEW:  Story:FuncGrpAreaParkingWithMult / FunctionGroupAreaParkingWithMultiplier  Type: Float  iPropID:31  lDBID:51031001 
         Rule NEW:  Story:FuncGrpAreaResidentialCommon / FunctionGroupAreaResidentialCommon  Type: Float  iPropID:32  lDBID:51032001 
         Rule NEW:  Story:FuncGrpAreaResidentialCommonWithMult / FunctionGroupAreaResidentialCommonWithMultiplier  Type: Float  iPropID:33  lDBID:51033001 
         Rule NEW:  Story:FuncGrpAreaResidentialLiving / FunctionGroupAreaResidentialLiving  Type: Float  iPropID:34  lDBID:51034001 
         Rule NEW:  Story:FuncGrpAreaResidentialLivingWithMult / FunctionGroupAreaResidentialLivingWithMultiplier  Type: Float  iPropID:35  lDBID:51035001 
         Rule NEW:  Story:FuncGrpAreaRestaurant / FunctionGroupAreaRestaurant  Type: Float  iPropID:36  lDBID:51036001 
         Rule NEW:  Story:FuncGrpAreaRestaurantWithMult / FunctionGroupAreaRestaurantWithMultiplier  Type: Float  iPropID:37  lDBID:51037001 
         Rule NEW:  Story:FuncGrpAreaRetail / FunctionGroupAreaRetail  Type: Float  iPropID:38  lDBID:51038001 
         Rule NEW:  Story:FuncGrpAreaRetailWithMult / FunctionGroupAreaRetailWithMultiplier  Type: Float  iPropID:39  lDBID:51039001 
         Rule NEW:  Story:FuncGrpAreaSchool / FunctionGroupAreaSchool  Type: Float  iPropID:40  lDBID:51040001 
         Rule NEW:  Story:FuncGrpAreaSchoolWithMult / FunctionGroupAreaSchoolWithMultiplier  Type: Float  iPropID:41  lDBID:51041001 
         Rule NEW:  Story:FuncGrpAreaWarehouse / FunctionGroupAreaWarehouse  Type: Float  iPropID:42  lDBID:51042001 
         Rule NEW:  Story:FuncGrpAreaWarehouseWithMult / FunctionGroupAreaWarehouseWithMultiplier  Type: Float  iPropID:43  lDBID:51043001 
         Rule NEW:  Story:MaxFuncGrpArea / MaxFunctionGroupArea  Type: Float  iPropID:44  lDBID:51044001 
         Rule NEW:  Story:PredominantFuncGrp / PredominantFunctionGroup  Type: String  iPropID:45  lDBID:51045001 
         Rule NEW:  Bldg:FuncGrpAreaAssembly / FunctionGroupAreaAssembly  Type: Float  iPropID:85  lDBID:50085001 
         Rule NEW:  Bldg:FuncGrpAreaData / FunctionGroupAreaData  Type: Float  iPropID:86  lDBID:50086001 
         Rule NEW:  Bldg:FuncGrpAreaHealth / FunctionGroupAreaHealth  Type: Float  iPropID:87  lDBID:50087001 
         Rule NEW:  Bldg:FuncGrpAreaLab / FunctionGroupAreaLab  Type: Float  iPropID:88  lDBID:50088001 
         Rule NEW:  Bldg:FuncGrpAreaManufacturing / FunctionGroupAreaManufacturing  Type: Float  iPropID:89  lDBID:50089001 
         Rule NEW:  Bldg:FuncGrpAreaOffice / FunctionGroupAreaOffice  Type: Float  iPropID:90  lDBID:50090001 
         Rule NEW:  Bldg:FuncGrpAreaParking / FunctionGroupAreaParking  Type: Float  iPropID:91  lDBID:50091001 
         Rule NEW:  Bldg:FuncGrpAreaResidentialCommon / FunctionGroupAreaResidentialCommon  Type: Float  iPropID:92  lDBID:50092001 
         Rule NEW:  Bldg:FuncGrpAreaResidentialLiving / FunctionGroupAreaResidentialLiving  Type: Float  iPropID:93  lDBID:50093001 
         Rule NEW:  Bldg:FuncGrpAreaRestaurant / FunctionGroupAreaRestaurant  Type: Float  iPropID:94  lDBID:50094001 
         Rule NEW:  Bldg:FuncGrpAreaRetail / FunctionGroupAreaRetail  Type: Float  iPropID:95  lDBID:50095001 
         Rule NEW:  Bldg:FuncGrpAreaSchool / FunctionGroupAreaSchool  Type: Float  iPropID:96  lDBID:50096001 
         Rule NEW:  Bldg:FuncGrpAreaWarehouse / FunctionGroupAreaWarehouse  Type: Float  iPropID:97  lDBID:50097001 
         Rule NEW:  Bldg:MaxFuncGrpArea / MaxFunctionGroupArea  Type: Float  iPropID:98  lDBID:50098001 
         Rule NEW:  Bldg:PredominantFuncGrp / PredominantFunctionGroup  Type: String  iPropID:99  lDBID:50099001 
         Rule NEW:  Spc:FuncGrpAreaAssembly / FunctionGroupAreaAssembly  Type: Float  iPropID:447  lDBID:53447001 
         Rule NEW:  Spc:FuncGrpAreaData / FunctionGroupAreaData  Type: Float  iPropID:448  lDBID:53448001 
         Rule NEW:  Spc:FuncGrpAreaHealth / FunctionGroupAreaHealth  Type: Float  iPropID:449  lDBID:53449001 
         Rule NEW:  Spc:FuncGrpAreaLab / FunctionGroupAreaLab  Type: Float  iPropID:450  lDBID:53450001 
         Rule NEW:  Spc:FuncGrpAreaManufacturing / FunctionGroupAreaManufacturing  Type: Float  iPropID:451  lDBID:53451001 
         Rule NEW:  Spc:FuncGrpAreaOffice / FunctionGroupAreaOffice  Type: Float  iPropID:452  lDBID:53452001 
         Rule NEW:  Spc:FuncGrpAreaParking / FunctionGroupAreaParking  Type: Float  iPropID:453  lDBID:53453001 
         Rule NEW:  Spc:FuncGrpAreaResidentialCommon / FunctionGroupAreaResidentialCommon  Type: Float  iPropID:454  lDBID:53454001 
         Rule NEW:  Spc:FuncGrpAreaResidentialLiving / FunctionGroupAreaResidentialLiving  Type: Float  iPropID:455  lDBID:53455001 
         Rule NEW:  Spc:FuncGrpAreaRestaurant / FunctionGroupAreaRestaurant  Type: Float  iPropID:456  lDBID:53456001 
         Rule NEW:  Spc:FuncGrpAreaRetail / FunctionGroupAreaRetail  Type: Float  iPropID:457  lDBID:53457001 
         Rule NEW:  Spc:FuncGrpAreaSchool / FunctionGroupAreaSchool  Type: Float  iPropID:458  lDBID:53458001 
         Rule NEW:  Spc:FuncGrpAreaWarehouse / FunctionGroupAreaWarehouse  Type: Float  iPropID:459  lDBID:53459001 
         Rule NEW:  Bldg:IsRetailBldg / IsRetailBuilding  Type: Integer  iPropID:100  lDBID:50100001 
         Rule NEW:  Spc:RetailArea / RetailArea  Type: Float  iPropID:460  lDBID:53460001 
         Rule NEW:  Story:SchoolAreaForWtrHtr / SchoolAreaForWtrHtr  Type: Float  iPropID:46  lDBID:51046001 
         Rule NEW:  Story:SchoolAreaForWtrHtrWithMult / SchoolAreaForWtrHtrWithMultiplier  Type: Float  iPropID:47  lDBID:51047001 
         Rule NEW:  Bldg:IsSchoolBldgForWtrHtr / IsSchoolBuildingForWaterHeater  Type: Float  iPropID:101  lDBID:50101001 
         Rule NEW:  Bldg:IsSchoolBldg / IsSchoolBuilding  Type: Integer  iPropID:102  lDBID:50102001 
         Rule NEW:  Spc:SchoolArea / SchoolArea  Type: Float  iPropID:461  lDBID:53461001 
         Rule NEW:  Bldg:IsOfficeBldg / IsOfficeBuilding  Type: Integer  iPropID:103  lDBID:50103001 
         Rule NEW:  Spc:OfficeArea / OfficeArea  Type: Float  iPropID:462  lDBID:53462001 
         Rule NEW:  Bldg:IsWarehouseBldg / IsWarehouseBuilding  Type: Integer  iPropID:104  lDBID:50104001 
         Rule NEW:  Spc:WarehouseOfficeArea / WarehouseOfficeArea  Type: Float  iPropID:463  lDBID:53463001 
         Rule NEW:  Spc:Is24HrArea / Is24HourArea  Type: Float  iPropID:464  lDBID:53464001 
         Rule NEW:  Spc:CombinedInternalLds / CombinedInternalLoads  Type: Float  iPropID:465  lDBID:53465001 
         done.

Reading rule file: Space-Occupants.rule
         Rule NEW:  Spc:MinOccNum / MinimumOccupancyNumber  Type: Float  iPropID:466  lDBID:53466001 
         Rule NEW:  Spc:MinOccDens / MinimumOccupantDensity  Type: Float  iPropID:467  lDBID:53467001 
         Rule NEW:  ThrmlZn:MinOccDens / MinimumOccupancyDensity  Type: Float  iPropID:132  lDBID:97132001 
         Rule NEW:  Spc:MinOccNumSim / MinimumOccupantNumberSimulated  Type: Float  iPropID:468  lDBID:53468001 
         Rule NEW:  Spc:MinOccDensSim / MinimumOccupantDensitySimulated  Type: Float  iPropID:469  lDBID:53469001 
         Rule NEW:  Spc:FxdSeatEligible / FixedSeatingEligible  Type: Integer  iPropID:470  lDBID:53470001 
         Rule NEW:  Spc:OccNum / OccupancyNumber  Type: Float  iPropID:471  lDBID:53471001 
         Rule NEW:  ThrmlZn:OccDens / OccupantDensity  Type: Float  iPropID:133  lDBID:97133001 
         Rule NEW:  ThrmlZn:OccDensSim / OccupancyDensity  Type: Float  iPropID:134  lDBID:97134001 
         Rule NEW:  Spc:OccNumSimWithMult / OccupancyNumberSimulatedWithMultiplier  Type: Float  iPropID:472  lDBID:53472001 
         Rule NEW:  Story:OccNumSimWithMult / OccupancyNumberSimulatedWithMultiplier  Type: Float  iPropID:48  lDBID:51048001 
         Rule NEW:  Spc:HaveResDHW / HaveResidentialDHW  Type: Integer  iPropID:473  lDBID:53473001 
         done.

Reading rule file: Space-Ventilation.rule
         Rule NEW:  Spc:VentSrc / VentilationSource  Type: Enumeration  iPropID:474  lDBID:53474001 
         Rule NEW:  AirSys:IsValidVentSys / IsValidVentilationSystem  Type: Integer  iPropID:216  lDBID:98216001 
         Rule NEW:  ZnSys:IsValidVentSys / IsValidVentilationSystem  Type: Integer  iPropID:226  lDBID:99226001 
         Rule NEW:  ZnSys:IsValidDOASZnSys / IsValidDOASZoneSystem  Type: Integer  iPropID:227  lDBID:99227001 
         Rule NEW:  ThrmlZn:HasVentSys / HasVentilationSystem  Type: Integer  iPropID:135  lDBID:97135001 
         Rule NEW:  Spc:HasVentSys / HasVentilationSystem  Type: Integer  iPropID:475  lDBID:53475001 
         Rule NEW:  ThrmlZn:HasExhSys / HasExhaustSystem  Type: Integer  iPropID:136  lDBID:97136001 
         Rule NEW:  Spc:HasExhSys / HasExhaustSystem  Type: Integer  iPropID:476  lDBID:53476001 
         Rule NEW:  ThrmlZn:BaseVentSysIsExh / BaselineVentilationSystemIsExhaust  Type: Integer  iPropID:137  lDBID:97137001 
         Rule NEW:  ThrmlZn:PropVentSysIsExh / ProposedVentilationSystemIsExhaust  Type: Integer  iPropID:138  lDBID:97138001 
         Rule NEW:  Spc:PropVentSysIsExh / ProposedVentilationSystemIsExhaust  Type: Integer  iPropID:477  lDBID:53477001 
         Rule NEW:  Spc:BaseVentSysIsExh / BaselineVentilationSystemIsExhaust  Type: Integer  iPropID:478  lDBID:53478001 
         Rule NEW:  ThrmlZn:PropVentSysIsSup / ProposedVentilationSystemIsSupply  Type: Integer  iPropID:139  lDBID:97139001 
         Rule NEW:  ThrmlZn:PropVentSysIsBalanced / ProposedVentilationSystemIsBalanced  Type: Integer  iPropID:140  lDBID:97140001 
         Rule NEW:  ThrmlZn:PropExhSysIsBalanced / ProposedExhaustSystemIsBalanced  Type: Integer  iPropID:141  lDBID:97141001 
         Rule NEW:  Spc:PropExhSysIsBalanced / ProposedExhaustSystemIsBalanced  Type: Integer  iPropID:479  lDBID:53479001 
         Rule NEW:  ThrmlZn:HighRiseResVentIsExh / HighRiseResidentialVentilationIsExhaust  Type: Integer  iPropID:142  lDBID:97142001 
         Rule NEW:  ThrmlZn:HighRiseResVentIsSup / HighRiseResidentialVentilationIsSupply  Type: Integer  iPropID:143  lDBID:97143001 
         Rule NEW:  ThrmlZn:HighRiseResVentIsBalanced / HighRiseResidentialVentilationIsBalanced  Type: Integer  iPropID:144  lDBID:97144001 
         Rule NEW:  Spc:VentIsRequired / VentilationIsRequired  Type: Integer  iPropID:480  lDBID:53480001 
         Rule NEW:  Spc:IncludeInBal / IncludeInBalance  Type: Integer  iPropID:481  lDBID:53481001 
         Rule NEW:  Proj:OccDensForReqDCV / OccupancyDensityForRequiredDCV  Type: Float  iPropID:839  lDBID:1839001 
         Rule NEW:  Spc:DCVExceptionArea / DemandControlledVentilationExceptionArea  Type: Float  iPropID:482  lDBID:53482001 
         Rule NEW:  ThrmlZn:DCVExceptionArea / DemandControlledVentilationExceptionArea  Type: Float  iPropID:145  lDBID:97145001 
         Rule NEW:  ThrmlZn:VentStdIdx / VentilationStandardIndex  Type: Integer  iPropID:146  lDBID:97146001 
         Rule NEW:  Spc:VentStd / VentilationStandard  Type: Enumeration  iPropID:483  lDBID:53483001 
         Rule NEW:  Spc:VentAirDistEff / VentAirDistEff  Type: Float  iPropID:484  lDBID:53484001 
         Rule NEW:  ThrmlZn:VentSysEff / VentSysEff  Type: Float  iPropID:147  lDBID:97147001 
         Rule NEW:  Spc:VentSysEff / VentSysEff  Type: Float  iPropID:485  lDBID:53485001 
         Rule NEW:  Spc:VentSpecMthd / VentilationSpecificationMethod  Type: Enumeration  iPropID:486  lDBID:53486001 
         Rule NEW:  Spc:VentCtrlMthd / VentilationControlMethod  Type: Enumeration  iPropID:487  lDBID:53487001 
         Rule NEW:  Spc:HasDCV / HasDemandControlVentilation  Type: Integer  iPropID:488  lDBID:53488001 
         Rule NEW:  Spc:CodeVentPerAreaForDCV / CodeVentilationPerAreaFlowForDemandControlledVentilation  Type: Float  iPropID:489  lDBID:53489001 
         Rule NEW:  Spc:CodeVentPerArea / CodeVentilationPerArea  Type: Float  iPropID:490  lDBID:53490001 
         Rule NEW:  Spc:CodeOtherVentPerAreaForDCV / CodeOtherVentilationPerAreaFlowForDemandControlledVentilation  Type: Float  iPropID:491  lDBID:53491001 
         Rule NEW:  Spc:CodeVentPerAreaForDCVFlow / CodeMinimumVentilationPerAreaForDemandControlledVentilationFlow  Type: Float  iPropID:492  lDBID:53492001 
         Rule NEW:  Spc:CodeVentPerAreaFlow / CodeVentilationPerAreaFlow  Type: Float  iPropID:493  lDBID:53493001 
         Rule NEW:  Spc:CodeVentPerPerson / CodeVentilationPerPerson  Type: Float  iPropID:494  lDBID:53494001 
         Rule NEW:  Spc:CodeVentPerPersonFlow / CodeVentilationPerPersonFlow  Type: Float  iPropID:495  lDBID:53495001 
         Rule NEW:  Spc:CodeVentACH / CodeVentilationAirChangesPerHour  Type: Float  iPropID:496  lDBID:53496001 
         Rule NEW:  Spc:CodeVentACHFlow / CodeVentilationAirChangesPerHourFlow  Type: Float  iPropID:497  lDBID:53497001 
         Rule NEW:  Spc:CodeVentPerSpc / CodeVentilationPerSpace  Type: Float  iPropID:498  lDBID:53498001 
         Rule NEW:  Spc:CodeVentPerSpcFlow / CodeVentilationPerSpaceFlow  Type: Float  iPropID:499  lDBID:53499001 
         Rule NEW:  Spc:VentPerAreaFlow / VentilationPerAreaFlow  Type: Float  iPropID:500  lDBID:53500001 
         Rule NEW:  Spc:VentPerPersonFlow / VentilationPerPersonFlow  Type: Float  iPropID:501  lDBID:53501001 
         Rule NEW:  Spc:VentACHFlow / VentilationAirChangesPerHourFlow  Type: Float  iPropID:502  lDBID:53502001 
         Rule NEW:  Spc:VentPerSpcFlow / VentilationPerSpcFlow  Type: Float  iPropID:503  lDBID:53503001 
         Rule NEW:  Spc:VentFlowForBal / VentilationFlowForBalance  Type: Float  iPropID:504  lDBID:53504001 
         Rule NEW:  Spc:OtherVentFlowForBal / OtherVentilationFlowForBalance  Type: Float  iPropID:505  lDBID:53505001 
         Rule NEW:  Spc:CodeVentFlowForBal / CodeVentilationFlowForBalance  Type: Float  iPropID:506  lDBID:53506001 
         Rule NEW:  Spc:CodeOtherVentFlowForBal / CodeOtherVentilationFlowForBalance  Type: Float  iPropID:507  lDBID:53507001 
         Rule NEW:  Spc:CodeVentFlowRat / CodeVentilationFlowRatio  Type: Float  iPropID:508  lDBID:53508001 
         Rule NEW:  Spc:CodeVentMult / CodeVentilationMultiplier  Type: Float  iPropID:509  lDBID:53509001 
         Rule NEW:  Spc:ExhVentMult / ExhaustVentilationMultiplier  Type: Float  iPropID:510  lDBID:53510001 
         Rule NEW:  Spc:CodeVentFlowTarget / CodeVentilationFlowTarget  Type: Float  iPropID:511  lDBID:53511001 
         Rule NEW:  Spc:DsgnVentPerArea / DesignVentilationPerArea  Type: Float  iPropID:512  lDBID:53512001 
         Rule NEW:  Spc:DsgnVentPerPerson / DesignVentilationPerPerson  Type: Float  iPropID:513  lDBID:53513001 
         Rule NEW:  Spc:DsgnVentACH / DesignVentilationAirChangesPerHour  Type: Float  iPropID:514  lDBID:53514001 
         Rule NEW:  Spc:CodeDsgnVentPerArea / CodeDesignVentilationPerArea  Type: Float  iPropID:515  lDBID:53515001 
         Rule NEW:  Spc:CodeDsgnVentPerPerson / CodeDesignVentilationPerPerson  Type: Float  iPropID:516  lDBID:53516001 
         Rule NEW:  Spc:CodeDsgnVentACH / CodeDesignVentilationAirChangesPerHour  Type: Float  iPropID:517  lDBID:53517001 
         Rule NEW:  Spc:OccSensorCtrlDisp / OccSensorCtrlDisp  Type: Integer  iPropID:518  lDBID:53518001 
         Rule NEW:  Spc:OccSensorCtrlCnt / OccSensorCtrlCnt  Type: Integer  iPropID:519  lDBID:53519001 
         done.

Reading rule file: Space-Exhaust.rule
         Rule NEW:  Spc:LabFumeHoodVertAutoSashExhFlow / LaboratoryFumeHoodVerticalAutomaticSashExhaustFlow  Type: Float  iPropID:520  lDBID:53520001 
         Rule NEW:  Spc:KitExhHoodFlowPerFt1 / KitchenExhaustHoodFlowPerFoot1  Type: Float  iPropID:521  lDBID:53521001 
         Rule NEW:  Spc:KitExhHoodFlowPerFt2 / KitchenExhaustHoodFlowPerFoot2  Type: Float  iPropID:522  lDBID:53522001 
         Rule NEW:  Spc:KitExhHoodFlowPerFt3 / KitchenExhaustHoodFlowPerFoot3  Type: Float  iPropID:523  lDBID:53523001 
         Rule NEW:  Spc:KitExhHoodFlowPerFt4 / KitchenExhaustHoodFlowPerFoot4  Type: Float  iPropID:524  lDBID:53524001 
         Rule NEW:  Spc:KitExhHoodFlowPerFt5 / KitchenExhaustHoodFlowPerFoot5  Type: Float  iPropID:525  lDBID:53525001 
         Rule NEW:  Spc:MaxKitExhHoodFlow1 / MaxKitExhHoodFlow1  Type: Float  iPropID:526  lDBID:53526001 
         Rule NEW:  Spc:MaxKitExhHoodFlow2 / MaxKitExhHoodFlow2  Type: Float  iPropID:527  lDBID:53527001 
         Rule NEW:  Spc:MaxKitExhHoodFlow3 / MaxKitExhHoodFlow3  Type: Float  iPropID:528  lDBID:53528001 
         Rule NEW:  Spc:MaxKitExhHoodFlow4 / MaxKitExhHoodFlow4  Type: Float  iPropID:529  lDBID:53529001 
         Rule NEW:  Spc:MaxKitExhHoodFlow5 / MaxKitExhHoodFlow5  Type: Float  iPropID:530  lDBID:53530001 
         Rule NEW:  Spc:TotKitExhHoodFlow / TotalKitchenExhaustHoodFlow  Type: Float  iPropID:531  lDBID:53531001 
         Rule NEW:  Spc:MaxTotKitExhHoodFlow / MaximumTotalKitchenExhaustHoodFlow  Type: Float  iPropID:532  lDBID:53532001 
         Rule NEW:  Spc:ExhSpecMthd / ExhaustSpecificationMethod  Type: Enumeration  iPropID:533  lDBID:53533001 
         Rule NEW:  Spc:CodeExhPerArea / CodeExhaustPerArea  Type: Float  iPropID:534  lDBID:53534001 
         Rule NEW:  Spc:CodeOtherExhPerArea / CodeOtherExhaustPerArea  Type: Float  iPropID:535  lDBID:53535001 
         Rule NEW:  Spc:CodeExhPerAreaFlow / CodeExhaustPerAreaFlow  Type: Float  iPropID:536  lDBID:53536001 
         Rule NEW:  Spc:CodeExhACH / CodeExhaustAirChangesPerHour  Type: Float  iPropID:537  lDBID:53537001 
         Rule NEW:  Spc:CodeOtherExhACH / CodeOtherExhaustAirChangesPerHour  Type: Float  iPropID:538  lDBID:53538001 
         Rule NEW:  Spc:CodeExhACHFlow / CodeExhaustAirChangesPerHourFlow  Type: Float  iPropID:539  lDBID:53539001 
         Rule NEW:  Spc:CodeExhContPerFixture / CodeExhaustContinuousPerFixture  Type: Float  iPropID:540  lDBID:53540001 
         Rule NEW:  Spc:CodeExhIntrmtPerFixture / CodeExhaustIntermittentPerFixture  Type: Float  iPropID:541  lDBID:53541001 
         Rule NEW:  Spc:CodeExhPerSpc / CodeExhaustPerSpace  Type: Float  iPropID:542  lDBID:53542001 
         Rule NEW:  Spc:CodeOtherExhPerSpc / CodeOtherExhaustPerSpace  Type: Float  iPropID:543  lDBID:53543001 
         Rule NEW:  Spc:CodeExhPerSpcFlow / CodeExhaustPerSpaceFlow  Type: Float  iPropID:544  lDBID:53544001 
         Rule NEW:  Spc:ExhPerAreaFlow / ExhaustPerAreaFlow  Type: Float  iPropID:545  lDBID:53545001 
         Rule NEW:  Spc:ExhACHFlow / ExhaustAirChangesPerHourFlow  Type: Float  iPropID:546  lDBID:53546001 
         Rule NEW:  Spc:ExhFlowWithMult / ExhaustFlowWithMultiplier  Type: Float  iPropID:547  lDBID:53547001 
         Rule NEW:  Spc:CodeExhFlow / CodeExhaustFlow  Type: Float  iPropID:548  lDBID:53548001 
         Rule NEW:  Spc:CodeOtherExhFlow / CodeOtherExhaustFlow  Type: Float  iPropID:549  lDBID:53549001 
         Rule NEW:  Spc:ExhFlowForBal / ExhaustFlowForBalance  Type: Float  iPropID:550  lDBID:53550001 
         Rule NEW:  Spc:OtherExhFlowForBal / OtherExhaustFlowForBalance  Type: Float  iPropID:551  lDBID:53551001 
         Rule NEW:  Spc:CodeExhFlowForBal / CodeExhaustFlowForBalance  Type: Float  iPropID:552  lDBID:53552001 
         Rule NEW:  Spc:CodeOtherExhFlowForBal / CodeOtherExhaustFlowForBalance  Type: Float  iPropID:553  lDBID:53553001 
         Rule NEW:  Spc:VentExhBalFlow / VentilationExhaustBalanceFlow  Type: Float  iPropID:554  lDBID:53554001 
         Rule NEW:  Spc:DsgnExhPerArea / DesignExhaustPerArea  Type: Float  iPropID:555  lDBID:53555001 
         Rule NEW:  Spc:DsgnExhACH / DesignExhaustAirChangesPerHour  Type: Float  iPropID:556  lDBID:53556001 
         Rule NEW:  Spc:CodeDsgnExhPerArea / CodeDesignExhaustPerArea  Type: Float  iPropID:557  lDBID:53557001 
         Rule NEW:  Spc:CodeDsgnExhACH / CodeDesignExhaustAirChangesPerHour  Type: Float  iPropID:558  lDBID:53558001 
         Rule NEW:  Spc:VentSysAvailSchRef / VentSysAvailSchRef  Type: ObjectRef (Sch)  iPropID:559  lDBID:53559001 
         Rule NEW:  Spc:CommKitExhFlowSchRef / CommKitExhFlowSchRef  Type: ObjectRef (Sch)  iPropID:560  lDBID:53560001 
         done.

Reading rule file: Space-RecepProcess.rule
         Rule NEW:  Spc:CompRmPwr / ComputerRoomPower  Type: Float  iPropID:561  lDBID:53561001 
         Rule NEW:  Spc:CompRmPwrNew / ComputerRoomPowerNew  Type: Float  iPropID:562  lDBID:53562001 
         Rule NEW:  Spc:CompRmPwrExisting / ComputerRoomPowerExisting  Type: Float  iPropID:563  lDBID:53563001 
         Rule NEW:  Spc:CompRmPwrAltered / ComputerRoomPowerAltered  Type: Float  iPropID:564  lDBID:53564001 
         done.

Reading rule file: Space-RefrigerationEquipment.rule
         done.

Reading rule file: Space-Infiltration.rule
         done.

Reading rule file: Space-ElevatorEscalator.rule
         done.

Reading rule file: Building-General.rule
         Rule NEW:  Story:TotFlrAreaWithMult / TotalFloorAreaWithMultiplier  Type: Float  iPropID:49  lDBID:51049001 
         Rule NEW:  ResZnGrp:TotFlrAreaWithMult / TotalFloorAreaWithMultiplier  Type: Float  iPropID:17  lDBID:52017001 
         Rule NEW:  Story:CondVolWithMult / ConditionedVolume  Type: Float  iPropID:50  lDBID:51050001 
         Rule NEW:  ResZnGrp:CondVolWithMult / ConditionedVolume  Type: Float  iPropID:18  lDBID:52018001 
         Rule NEW:  Story:ResCondFlrAreaWithMult / ResidentialConditionedFloorAreaWithMultiplier  Type: Float  iPropID:51  lDBID:51051001 
         Rule NEW:  ResZnGrp:ResCondFlrAreaWithMult / ResidentialConditionedFloorAreaWithMultiplier  Type: Float  iPropID:19  lDBID:52019001 
         Rule NEW:  Story:NonResCondFlrAreaWithMult / NonresidentialConditionedFloorAreaWithMultiplier  Type: Float  iPropID:52  lDBID:51052001 
         Rule NEW:  ResZnGrp:NonResCondFlrAreaWithMult / NonresidentialConditionedFloorAreaWithMultiplier  Type: Float  iPropID:20  lDBID:52020001 
         Rule NEW:  Story:TotCondFlrAreaWithMult / TotalConditionedFloorAreaWithMultiplier  Type: Float  iPropID:53  lDBID:51053001 
         Rule NEW:  ResZnGrp:TotCondFlrAreaWithMult / TotalConditionedFloorAreaWithMultiplier  Type: Float  iPropID:21  lDBID:52021001 
         Rule NEW:  Story:SpcCnt / SpaceCount  Type: Float  iPropID:54  lDBID:51054001 
         Rule NEW:  ResZnGrp:ChildZnCnt / ChildZoneCount  Type: Float  iPropID:22  lDBID:52022001 
         Rule NEW:  Story:HighRiseResCondFlrAreaWithMult / HighRiseResidentialConditionedFloorAreaWithMultiplier  Type: Float  iPropID:55  lDBID:51055001 
         Rule NEW:  ResZnGrp:HighRiseResCondFlrAreaWithMult / HighRiseResidentialConditionedFloorAreaWithMultiplier  Type: Float  iPropID:23  lDBID:52023001 
         Rule NEW:  Bldg:HighRiseResFlrArea / HighRiseResidentialFloorArea  Type: Float  iPropID:105  lDBID:50105001 
         Rule NEW:  Story:HotelMotelGuestRmCondFlrAreaWithMult / HotelMotelGuestRoomConditionedFloorAreaWithMultiplier  Type: Float  iPropID:56  lDBID:51056001 
         Rule NEW:  Bldg:HotelMotelGuestRmFlrArea / HotelMotelGuestRoomFloorArea  Type: Float  iPropID:106  lDBID:50106001 
         Rule NEW:  Bldg:HighRiseResVentType / HighRiseResidentialVentilationType  Type: Enumeration  iPropID:107  lDBID:50107001 
         Rule NEW:  Bldg:ResAreaRatio / ResidentialAreaRatio  Type: Float  iPropID:108  lDBID:50108001 
         Rule NEW:  Bldg:NonResAreaRatio / NonResidentialAreaRatio  Type: Float  iPropID:109  lDBID:50109001 
         Rule NEW:  Proj:BldgTypeScreenVal / BuildingTypeScreenValue  Type: Integer  iPropID:840  lDBID:1840001 
         Rule NEW:  Proj:ResTDVSrcEmisFacChange / ResTDVSrcEmisFacChange  Type: Integer  iPropID:841  lDBID:1841001 
         Rule NEW:  Proj:ShdgCredRpt / ShdgCredRpt  Type: unknown!  iPropID:842  lDBID:1842001 
         done.

Reading rule file: Building-Classification.rule
         Rule NEW:  Proj:RuleEvalDuration / RuleEvalDuration  Type: Float  iPropID:714  lDBID:1714001 
         done.

Reading rule file: Space-WaterHeating.rule
         Rule NEW:  Spc:ResArea / ResidentialArea  Type: Float  iPropID:565  lDBID:53565001 
         Rule NEW:  Spc:IsResAndCombo / IsResidentialAndComboDHWHeating  Type: Integer  iPropID:566  lDBID:53566001 
         Rule NEW:  Proj:IsResAndComboUnitCnt / IsResidentialAndComboDHWHeating  Type: Integer  iPropID:843  lDBID:1843001 
         Rule NEW:  Proj:ExcludeWtrHtg / ExcludeWaterHeating  Type: Integer  iPropID:844  lDBID:1844001 
         Rule NEW:  Proj:IncludeWtrHtg / IncludeWaterHeating  Type: Integer  iPropID:845  lDBID:1845001 
         Rule NEW:  Proj:IsResAndCombo / IsResidentialAndComboDHWHeating  Type: Integer  iPropID:846  lDBID:1846001 
         Rule NEW:  Proj:SHWUserAndBaseline / ServiceHotWaterUsesUserAndBaselineModels  Type: Integer  iPropID:847  lDBID:1847001 
         Rule NEW:  Proj:SHWBothBaseline / ServiceHotWaterUsesBaselineModels  Type: Integer  iPropID:848  lDBID:1848001 
         Rule NEW:  Proj:SHWNone / ServiceHotWaterNotModeled  Type: Integer  iPropID:849  lDBID:1849001 
         Rule NEW:  Proj:SHWPropOnly / ServiceHotWaterUsesProposedOnly  Type: Integer  iPropID:850  lDBID:1850001 
         Rule NEW:  Proj:ResDHWUserAndBaseline / ResidentialDomesticHotWaterUsesUserAndBaselineModels  Type: Integer  iPropID:851  lDBID:1851001 
         Rule NEW:  Proj:ResDHWBothBaseline / ResidentialDomesticHotWaterUsesBaselineModels  Type: Integer  iPropID:852  lDBID:1852001 
         Rule NEW:  Proj:ResDHWNone / ResidentialDomesticHotWaterNotModeled  Type: Integer  iPropID:853  lDBID:1853001 
         Rule NEW:  Proj:ResDHWPropOnly / ResidentialDomesticHotWaterUsesProposedOnly  Type: Integer  iPropID:854  lDBID:1854001 
         Rule NEW:  Proj:ResComboDHWUserAndBaseline / ResidentialCombinationSystemDomesticHotWaterUsesUserAndBaselineModels  Type: Integer  iPropID:855  lDBID:1855001 
         Rule NEW:  Proj:ResComboDHWPropOnly / ResidentialCombinationSystemDomesticHotWaterUsesProposedOnly  Type: Integer  iPropID:856  lDBID:1856001 
         Rule NEW:  Proj:ResComboDHWNone / ResidentialCombinationSystemDomesticHotWaterNotModeled  Type: Integer  iPropID:857  lDBID:1857001 
         Rule NEW:  Spc:ResSpcHtWtrTotGalPerDay / ResidentialSpaceHotWaterTotalGallonsPerDay  Type: Float  iPropID:567  lDBID:53567001 
         Rule NEW:  Proj:NonResGasSHWSysRef / NonResidentialGasSHWSystemReference  Type: ObjectRef (FluidSys)  iPropID:858  lDBID:1858001 
         Rule NEW:  Proj:NonResElecSHWSysRef / NonResidentialElectricSHWSystemReference  Type: ObjectRef (FluidSys)  iPropID:859  lDBID:1859001 
         Rule NEW:  Proj:ResComboDHWSysRef / ResidentialComboDHWSystemReference  Type: ObjectRef (FluidSys)  iPropID:860  lDBID:1860001 
         Rule NEW:  Spc:HasResDHWSysRef / HasResDHWSysRef  Type: Integer  iPropID:568  lDBID:53568001 
         Rule NEW:  Spc:ResDHWCentralSys / ResDHWCentralSys  Type: Integer  iPropID:569  lDBID:53569001 
         Rule NEW:  Spc:DwellingUnit1GalPerDay / DwellingUnit1GallonsPerDay  Type: Float  iPropID:570  lDBID:53570001 
         Rule NEW:  Spc:DwellingUnit2GalPerDay / DwellingUnit2GallonsPerDay  Type: Float  iPropID:571  lDBID:53571001 
         Rule NEW:  Spc:DwellingUnit3GalPerDay / DwellingUnit3GallonsPerDay  Type: Float  iPropID:572  lDBID:53572001 
         Rule NEW:  Spc:DwellingUnit4GalPerDay / DwellingUnit4GallonsPerDay  Type: Float  iPropID:573  lDBID:53573001 
         Rule NEW:  Spc:DwellingUnit5GalPerDay / DwellingUnit5GallonsPerDay  Type: Float  iPropID:574  lDBID:53574001 
         Rule NEW:  Spc:DwellingUnit6GalPerDay / DwellingUnit6GallonsPerDay  Type: Float  iPropID:575  lDBID:53575001 
         Rule NEW:  Spc:ResSpcHtWtrTotGalPerDayXMult / ResidentialSpaceHotWaterTotalGallonsPerDayXMultiplier  Type: Float  iPropID:576  lDBID:53576001 
         Rule NEW:  Spc:HotWtrHrlyUsePerPersExcpt / HotWaterHourlyUserPerPersonException  Type: Integer  iPropID:577  lDBID:53577001 
         Rule NEW:  Spc:HotWtrHtgCapRtd / WaterHeaterCapacityRated  Type: Float  iPropID:578  lDBID:53578001 
         Rule NEW:  Spc:WtrHtrChk / WaterHeaterCheck  Type: String  iPropID:579  lDBID:53579001 
         done.

Reading rule file: Fenestration-General.rule
         Rule NEW:  Win:SillHgt / SillHeight  Type: Float  iPropID:48  lDBID:64048001 
         Rule NEW:  Win:TopHgt / SillHeight  Type: Float  iPropID:49  lDBID:64049001 
         Rule NEW:  Win:DefaultStatus / DefaultStatus  Type: Enumeration  iPropID:50  lDBID:64050001 
         Rule NEW:  Win:IsValidStatus / IsValidStatus  Type: Integer  iPropID:51  lDBID:64051001 
         Rule NEW:  Win:StatusForComp / StatusForCompliance  Type: String  iPropID:52  lDBID:64052001 
         Rule NEW:  Win:IsNew / IsNew  Type: Integer  iPropID:53  lDBID:64053001 
         Rule NEW:  Win:IsAltered / IsAltered  Type: Integer  iPropID:54  lDBID:64054001 
         Rule NEW:  Win:IsExisting / IsExisting  Type: Integer  iPropID:55  lDBID:64055001 
         Rule NEW:  Win:IsNewCondExtWin / IsNewConditionedWindow  Type: Integer  iPropID:56  lDBID:64056001 
         Rule NEW:  Win:IsResWin / IsResidentialWindow  Type: Integer  iPropID:57  lDBID:64057001 
         Rule NEW:  Win:IsNonResWin / IsNonResidentialWindow  Type: Integer  iPropID:58  lDBID:64058001 
         Rule NEW:  Win:IsExtWin / IsExteriorWindow  Type: Integer  iPropID:59  lDBID:64059001 
         Rule NEW:  Win:IsIntDemWin / IsExteriorWindow  Type: Integer  iPropID:60  lDBID:64060001 
         Rule NEW:  Win:IsIntNonDemWin / IsExteriorWindow  Type: Integer  iPropID:61  lDBID:64061001 
         Rule NEW:  Win:IsSemiExterior / IsSemiExterior  Type: Integer  iPropID:62  lDBID:64062001 
         Rule NEW:  Win:IsNotEnclosed / IsNotEnclosed  Type: Integer  iPropID:63  lDBID:64063001 
         Rule NEW:  Win:LowVTLPDAdjFlag / LowVisibleTransmittanceLPDAdjustmentFlag  Type: Integer  iPropID:64  lDBID:64064001 
         Rule NEW:  Spc:HasClerestory / HasClerestory  Type: Integer  iPropID:580  lDBID:53580001 
         Rule NEW:  Proj:HasClerestory / HasClerestory  Type: Integer  iPropID:861  lDBID:1861001 
         Rule NEW:  Win:DisableDayltgImpact / DisableDaylightingImpact  Type: Integer  iPropID:65  lDBID:64065001 
         Rule NEW:  Win:ClerestoryPAFAllowed / ClerestoryPowerAdjustmentFactorAllowed  Type: Integer  iPropID:66  lDBID:64066001 
         Rule NEW:  Spc:ClerestoryPAFAllowed / ClerestoryPowerAdjustmentFactorAllowed  Type: Integer  iPropID:581  lDBID:53581001 
         Rule NEW:  ResOtherZn:ClerestoryPAFAllowed / ClerestoryPowerAdjustmentFactorAllowed  Type: Integer  iPropID:409  lDBID:71409001 
         Rule NEW:  Skylt:DefaultStatus / DefaultStatus  Type: Enumeration  iPropID:6  lDBID:65006001 
         Rule NEW:  Skylt:IsValidStatus / IsValidStatus  Type: Integer  iPropID:7  lDBID:65007001 
         Rule NEW:  Skylt:StatusForComp / StatusForCompliance  Type: String  iPropID:8  lDBID:65008001 
         Rule NEW:  Skylt:IsNew / IsNew  Type: Integer  iPropID:9  lDBID:65009001 
         Rule NEW:  Skylt:IsAltered / IsAltered  Type: Integer  iPropID:10  lDBID:65010001 
         Rule NEW:  Skylt:IsExisting / IsExisting  Type: Integer  iPropID:11  lDBID:65011001 
         Rule NEW:  Skylt:IsResSkylt / IsResidentialSkylight  Type: Integer  iPropID:12  lDBID:65012001 
         Rule NEW:  Skylt:IsNonResSkylt / IsNonresidentialSkylight  Type: Integer  iPropID:13  lDBID:65013001 
         Rule NEW:  Skylt:IsSemiExterior / IsSemiExterior  Type: Integer  iPropID:14  lDBID:65014001 
         Rule NEW:  Skylt:IsNotEnclosed / IsNotEnclosed  Type: Integer  iPropID:15  lDBID:65015001 
         Rule NEW:  Skylt:LowVTLPDAdjFlag / LowVisibleTransmittanceLPDAdjustmentFlag  Type: Integer  iPropID:16  lDBID:65016001 
         Rule NEW:  Skylt:DisableDayltgImpact / DisableDaylightingCalculation  Type: Integer  iPropID:17  lDBID:65017001 
         Rule NEW:  Win:InDataCenter / InDataCenter  Type: Integer  iPropID:67  lDBID:64067001 
         Rule NEW:  Skylt:InDataCenter / InDataCenter  Type: Integer  iPropID:18  lDBID:65018001 
         Rule NEW:  FenCons:NewFenCnt / NewFenestrationCount  Type: Integer  iPropID:31  lDBID:44031001 
         Rule NEW:  FenCons:AlteredFenCnt / AlteredFenestrationCount  Type: Integer  iPropID:32  lDBID:44032001 
         Rule NEW:  FenCons:ExistingFenCnt / ExistingFenestrationCount  Type: Integer  iPropID:33  lDBID:44033001 
         Rule NEW:  FenCons:Area / Area  Type: Float  iPropID:34  lDBID:44034001 
         Rule NEW:  FenCons:AreaVertNewAlt / AreaVerticalNewAlteration  Type: Float  iPropID:35  lDBID:44035001 
         Rule NEW:  FenCons:AreaVertNew / AreaVerticalNew  Type: Float  iPropID:36  lDBID:44036001 
         Rule NEW:  FenCons:AreaVertAlt / AreaVerticalAlteration  Type: Float  iPropID:37  lDBID:44037001 
         Rule NEW:  FenCons:UAVert / UAVert  Type: Float  iPropID:38  lDBID:44038001 
         Rule NEW:  FenCons:VertFenCnt / VerticalFenestrationCount  Type: Integer  iPropID:39  lDBID:44039001 
         Rule NEW:  FenCons:SkyltCnt / SkylightFlag  Type: Integer  iPropID:40  lDBID:44040001 
         Rule NEW:  FenCons:IsResFen / IsResidentialFenestration  Type: Integer  iPropID:41  lDBID:44041001 
         Rule NEW:  FenCons:IsNonResFen / IsNonResidentialFenestration  Type: Integer  iPropID:42  lDBID:44042001 
         Rule NEW:  FenCons:FenOcc / FenestrationOccupancy  Type: Enumeration  iPropID:43  lDBID:44043001 
         Rule NEW:  FenCons:ExtWinCnt / ExteriorWindowCount  Type: Integer  iPropID:44  lDBID:44044001 
         Rule NEW:  FenCons:IntDemWinCnt / InteriorDemisingWindowCount  Type: Integer  iPropID:45  lDBID:44045001 
         Rule NEW:  FenCons:IntNonDemWinCnt / InteriorNonDemisingWindowCount  Type: Integer  iPropID:46  lDBID:44046001 
         Rule NEW:  FenCons:WinLoc / WinLoc  Type: Enumeration  iPropID:47  lDBID:44047001 
         Rule NEW:  FenCons:FenPropRuleFlag / FenestrationPropertiesRuleFlag  Type: Integer  iPropID:48  lDBID:44048001 
         Rule NEW:  FenCons:FenProdTypeReq / FenestrationProductTypeRequired  Type: Integer  iPropID:49  lDBID:44049001 
         Rule NEW:  FenCons:FenPanesReq / FenestrationPanesRequired  Type: Integer  iPropID:50  lDBID:44050001 
         Rule NEW:  FenCons:FenFrmReq / FenestrationFramingRequired  Type: Integer  iPropID:51  lDBID:44051001 
         Rule NEW:  FenCons:GlazingTintReq / GlazingTintRequired  Type: Integer  iPropID:52  lDBID:44052001 
         Rule NEW:  FenCons:SkylightGlazingReq / SkylightGlazingRequired  Type: Integer  iPropID:53  lDBID:44053001 
         Rule NEW:  FenCons:SkylightCurbReq / SkylightCurbRequired  Type: Integer  iPropID:54  lDBID:44054001 
         Rule NEW:  FenCons:GreenhouseGardenWinReq / GreenhouseGardenWindowRequired  Type: Integer  iPropID:55  lDBID:44055001 
         Rule NEW:  FenCons:OperableWinConfigurationReq / OperableWindowConfigurationRequired  Type: Integer  iPropID:56  lDBID:44056001 
         Rule NEW:  FenCons:WinDividerReq / WindowDividerRequired  Type: Integer  iPropID:57  lDBID:44057001 
         Rule NEW:  FenCons:UFactorCOGReq / UFactorCenterOfGlassRequired  Type: Integer  iPropID:58  lDBID:44058001 
         Rule NEW:  FenCons:SHGCCOGReq / SolarHeatGainCoefficientCenterOfGlassRequired  Type: Integer  iPropID:59  lDBID:44059001 
         Rule NEW:  FenCons:VTCOGReq / VisibleTransmittanceCenterOfGlassRequired  Type: Integer  iPropID:60  lDBID:44060001 
         Rule NEW:  FenCons:IsClerestory / IsClerestory  Type: Integer  iPropID:61  lDBID:44061001 
         Rule NEW:  FenCons:ClerestoryFenConsRef / ClerestoryFenestrationConstructionReference  Type: ObjectRef (FenCons)  iPropID:62  lDBID:44062001 
         done.

Reading rule file: Fenestration-VerticalAreas_ResZn_T24N.rule
         Rule NEW:  ResWin:TotWinAreaMult / TotalWindowAreaMultiplier  Type: Float  iPropID:82  lDBID:90082001 
         Rule NEW:  ResExtWall:WinArea / WinArea  Type: Float  iPropID:56  lDBID:78056001 
         Rule NEW:  ResExtWall:IsCondExtEnv / IsConditionedExteriorEnvelope  Type: Integer  iPropID:57  lDBID:78057001 
         Rule NEW:  ResExtWall:CondExtWallArea / ConditionedExteriorWallArea  Type: Float  iPropID:58  lDBID:78058001 
         Rule NEW:  ResExtWall:CondExtWinArea / ConditionedExteriorWindowArea  Type: Float  iPropID:59  lDBID:78059001 
         Rule NEW:  ResExtWall:NorthFlag / NorthFacingFlag  Type: Integer  iPropID:60  lDBID:78060001 
         Rule NEW:  ResExtWall:EastFlag / EastFacingFlag  Type: Integer  iPropID:61  lDBID:78061001 
         Rule NEW:  ResExtWall:SouthFlag / SouthFacingFlag  Type: Integer  iPropID:62  lDBID:78062001 
         Rule NEW:  ResExtWall:WestFlag / WestFacingFlag  Type: Integer  iPropID:63  lDBID:78063001 
         Rule NEW:  ResZn:CondExtWallArea / ConditionedExteriorWallArea  Type: Float  iPropID:320  lDBID:70320001 
         Rule NEW:  ResZn:NorthCondExtWallArea / NorthConditionedExteriorWallArea  Type: Float  iPropID:321  lDBID:70321001 
         Rule NEW:  ResZn:EastCondExtWallArea / EastConditionedExteriorWallArea  Type: Float  iPropID:322  lDBID:70322001 
         Rule NEW:  ResZn:SouthCondExtWallArea / SouthConditionedExteriorWallArea  Type: Float  iPropID:323  lDBID:70323001 
         Rule NEW:  ResZn:WestCondExtWallArea / WestConditionedExteriorWallArea  Type: Float  iPropID:324  lDBID:70324001 
         Rule NEW:  ResZn:CondExtWinArea / ConditionedExteriorWindowArea  Type: Float  iPropID:325  lDBID:70325001 
         Rule NEW:  ResZn:NorthCondExtWinArea / NorthConditionedExteriorWindowArea  Type: Float  iPropID:326  lDBID:70326001 
         Rule NEW:  ResZn:EastCondExtWinArea / EastConditionedExteriorWindowArea  Type: Float  iPropID:327  lDBID:70327001 
         Rule NEW:  ResZn:SouthCondExtWinArea / SouthConditionedExteriorWindowArea  Type: Float  iPropID:328  lDBID:70328001 
         Rule NEW:  ResZn:WestCondExtWinArea / WestConditionedExteriorWindowArea  Type: Float  iPropID:329  lDBID:70329001 
         Rule NEW:  ResZn:MultCondExtWallArea / MultipliedConditionedExteriorWallArea  Type: Float  iPropID:330  lDBID:70330001 
         Rule NEW:  ResZn:MultNorthCondExtWallArea / MultipliedNorthConditionedExteriorWallArea  Type: Float  iPropID:331  lDBID:70331001 
         Rule NEW:  ResZn:MultEastCondExtWallArea / MultipliedEastConditionedExteriorWallArea  Type: Float  iPropID:332  lDBID:70332001 
         Rule NEW:  ResZn:MultSouthCondExtWallArea / MultipliedSouthConditionedExteriorWallArea  Type: Float  iPropID:333  lDBID:70333001 
         Rule NEW:  ResZn:MultWestCondExtWallArea / MultipliedWestConditionedExteriorWallArea  Type: Float  iPropID:334  lDBID:70334001 
         Rule NEW:  ResZn:MultCondExtWinArea / MultipliedConditionedExteriorWindowArea  Type: Float  iPropID:335  lDBID:70335001 
         Rule NEW:  ResZn:MultNorthCondExtWinArea / MultipliedNorthConditionedExteriorWindowArea  Type: Float  iPropID:336  lDBID:70336001 
         Rule NEW:  ResZn:MultEastCondExtWinArea / MultipliedEastConditionedExteriorWindowArea  Type: Float  iPropID:337  lDBID:70337001 
         Rule NEW:  ResZn:MultSouthCondExtWinArea / MultipliedSouthConditionedExteriorWindowArea  Type: Float  iPropID:338  lDBID:70338001 
         Rule NEW:  ResZn:MultWestCondExtWinArea / MultipliedWestConditionedExteriorWindowArea  Type: Float  iPropID:339  lDBID:70339001 
         Rule NEW:  ResOtherZn:CondExtWallArea / ConditionedExteriorWallArea  Type: Float  iPropID:410  lDBID:71410001 
         Rule NEW:  ResOtherZn:NorthCondExtWallArea / NorthConditionedExteriorWallArea  Type: Float  iPropID:411  lDBID:71411001 
         Rule NEW:  ResOtherZn:EastCondExtWallArea / EastConditionedExteriorWallArea  Type: Float  iPropID:412  lDBID:71412001 
         Rule NEW:  ResOtherZn:SouthCondExtWallArea / SouthConditionedExteriorWallArea  Type: Float  iPropID:413  lDBID:71413001 
         Rule NEW:  ResOtherZn:WestCondExtWallArea / WestConditionedExteriorWallArea  Type: Float  iPropID:414  lDBID:71414001 
         Rule NEW:  ResOtherZn:CondExtWinArea / ConditionedExteriorWindowArea  Type: Float  iPropID:415  lDBID:71415001 
         Rule NEW:  ResOtherZn:NorthCondExtWinArea / NorthConditionedExteriorWindowArea  Type: Float  iPropID:416  lDBID:71416001 
         Rule NEW:  ResOtherZn:EastCondExtWinArea / EastConditionedExteriorWindowArea  Type: Float  iPropID:417  lDBID:71417001 
         Rule NEW:  ResOtherZn:SouthCondExtWinArea / SouthConditionedExteriorWindowArea  Type: Float  iPropID:418  lDBID:71418001 
         Rule NEW:  ResOtherZn:WestCondExtWinArea / WestConditionedExteriorWindowArea  Type: Float  iPropID:419  lDBID:71419001 
         Rule NEW:  ResOtherZn:MultCondExtWallArea / MultipliedConditionedExteriorWallArea  Type: Float  iPropID:420  lDBID:71420001 
         Rule NEW:  ResOtherZn:MultNorthCondExtWallArea / MultipliedNorthConditionedExteriorWallArea  Type: Float  iPropID:421  lDBID:71421001 
         Rule NEW:  ResOtherZn:MultEastCondExtWallArea / MultipliedEastConditionedExteriorWallArea  Type: Float  iPropID:422  lDBID:71422001 
         Rule NEW:  ResOtherZn:MultSouthCondExtWallArea / MultipliedSouthConditionedExteriorWallArea  Type: Float  iPropID:423  lDBID:71423001 
         Rule NEW:  ResOtherZn:MultWestCondExtWallArea / MultipliedWestConditionedExteriorWallArea  Type: Float  iPropID:424  lDBID:71424001 
         Rule NEW:  ResOtherZn:MultCondExtWinArea / MultipliedConditionedExteriorWindowArea  Type: Float  iPropID:425  lDBID:71425001 
         Rule NEW:  ResOtherZn:MultNorthCondExtWinArea / MultipliedNorthConditionedExteriorWindowArea  Type: Float  iPropID:426  lDBID:71426001 
         Rule NEW:  ResOtherZn:MultEastCondExtWinArea / MultipliedEastConditionedExteriorWindowArea  Type: Float  iPropID:427  lDBID:71427001 
         Rule NEW:  ResOtherZn:MultSouthCondExtWinArea / MultipliedSouthConditionedExteriorWindowArea  Type: Float  iPropID:428  lDBID:71428001 
         Rule NEW:  ResOtherZn:MultWestCondExtWinArea / MultipliedWestConditionedExteriorWindowArea  Type: Float  iPropID:429  lDBID:71429001 
         Rule NEW:  ResZnGrp:CondExtWallArea / ConditionedExteriorWallArea  Type: Float  iPropID:24  lDBID:52024001 
         Rule NEW:  ResZnGrp:NorthCondExtWallArea / NorthConditionedExteriorWallArea  Type: Float  iPropID:25  lDBID:52025001 
         Rule NEW:  ResZnGrp:EastCondExtWallArea / EastConditionedExteriorWallArea  Type: Float  iPropID:26  lDBID:52026001 
         Rule NEW:  ResZnGrp:SouthCondExtWallArea / SouthConditionedExteriorWallArea  Type: Float  iPropID:27  lDBID:52027001 
         Rule NEW:  ResZnGrp:WestCondExtWallArea / WestConditionedExteriorWallArea  Type: Float  iPropID:28  lDBID:52028001 
         Rule NEW:  ResZnGrp:CondExtWinArea / ConditionedExteriorWindowArea  Type: Float  iPropID:29  lDBID:52029001 
         Rule NEW:  ResZnGrp:NorthCondExtWinArea / NorthConditionedExteriorWindowArea  Type: Float  iPropID:30  lDBID:52030001 
         Rule NEW:  ResZnGrp:EastCondExtWinArea / EastConditionedExteriorWindowArea  Type: Float  iPropID:31  lDBID:52031001 
         Rule NEW:  ResZnGrp:SouthCondExtWinArea / SouthConditionedExteriorWindowArea  Type: Float  iPropID:32  lDBID:52032001 
         Rule NEW:  ResZnGrp:WestCondExtWinArea / WestConditionedExteriorWindowArea  Type: Float  iPropID:33  lDBID:52033001 
         done.

Reading rule file: Fenestration-VerticalAreas_T24N.rule
         Rule NEW:  Bldg:AddWinAreaFlag / AdditionalWindowAreaFlag  Type: Integer  iPropID:110  lDBID:50110001 
         Rule NEW:  Bldg:ApplyStdWinScaling / ApplyStandardWindowScaling  Type: Integer  iPropID:111  lDBID:50111001 
         Rule NEW:  Bldg:PrelimNewWallNewWinScaleFactor / PreliminaryNewWallNewWindowScaleFactor  Type: Float  iPropID:112  lDBID:50112001 
         Rule NEW:  Bldg:PrelimExsOrAltWallNewWinScaleFactor / PreliminaryExistingOrAlteredWallNewWindowScaleFactor  Type: Float  iPropID:113  lDBID:50113001 
         Rule NEW:  Bldg:WestNewWallNewWinScaleFactor / WestNewWallNewWindowScaleFactor  Type: Float  iPropID:114  lDBID:50114001 
         Rule NEW:  Bldg:WestExsOrAltWallNewWinScaleFactor / WestExistingOrAlteredWallNewWindowScaleFactor  Type: Float  iPropID:115  lDBID:50115001 
         Rule NEW:  Bldg:NonWestNewWallNewWinScaleFactor / NonWestNewWallNewWindowScaleFactor  Type: Float  iPropID:116  lDBID:50116001 
         Rule NEW:  Bldg:NonWestExsOrAltWallNewWinScaleFactor / NonWestExistingOrAlteredWallNewWindowScaleFactor  Type: Float  iPropID:117  lDBID:50117001 
         Rule NEW:  Win:AreaMult / AreaMult  Type: Float  iPropID:68  lDBID:64068001 
         Rule NEW:  ExtWall:WinArea / WinArea  Type: Float  iPropID:38  lDBID:58038001 
         Rule NEW:  ExtWall:NewWinArea / NewWindowArea  Type: Float  iPropID:39  lDBID:58039001 
         Rule NEW:  ExtWall:ExsOrAltWinArea / ExistingOrAlteredWindowArea  Type: Float  iPropID:40  lDBID:58040001 
         Rule NEW:  ExtWall:CondExtWallArea / ConditionedExteriorWallArea  Type: Float  iPropID:41  lDBID:58041001 
         Rule NEW:  ExtWall:CondNewExtWallArea / ConditionedNewExteriorWallArea  Type: Float  iPropID:42  lDBID:58042001 
         Rule NEW:  ExtWall:CondExsOrAltExtWallArea / ConditionedExistingOrAlteredExteriorWallArea  Type: Float  iPropID:43  lDBID:58043001 
         Rule NEW:  ExtWall:CondExtWinArea / ConditionedExteriorWindowArea  Type: Float  iPropID:44  lDBID:58044001 
         Rule NEW:  ExtWall:CondNewExtWinArea / ConditionedNewExteriorWindowArea  Type: Float  iPropID:45  lDBID:58045001 
         Rule NEW:  ExtWall:CondExsOrAltExtWinArea / ConditionedExistingOrAlteredExteriorWindowArea  Type: Float  iPropID:46  lDBID:58046001 
         Rule NEW:  ExtWall:CondNewWallNewWinArea / ConditionedNewWallNewWindowArea  Type: Float  iPropID:47  lDBID:58047001 
         Rule NEW:  ExtWall:CondExsOrAltWallNewWinArea / ConditionedExistingOrAlteredWallNewWindowArea  Type: Float  iPropID:48  lDBID:58048001 
         Rule NEW:  ExtWall:CondExsOrAltWallExsOrAltWinArea / ConditionedExistingOrAlteredWallExistingOrAlteredWindowArea  Type: Float  iPropID:49  lDBID:58049001 
         Rule NEW:  ExtWall:NorthFlag / NorthFacingFlag  Type: Integer  iPropID:50  lDBID:58050001 
         Rule NEW:  ExtWall:EastFlag / EastFacingFlag  Type: Integer  iPropID:51  lDBID:58051001 
         Rule NEW:  ExtWall:SouthFlag / SouthFacingFlag  Type: Integer  iPropID:52  lDBID:58052001 
         Rule NEW:  ExtWall:WestFlag / WestFacingFlag  Type: Integer  iPropID:53  lDBID:58053001 
         Rule NEW:  ExtWall:CondNewWallDisplayPerim / ConditionedNewWallDisplayPerimeter  Type: Float  iPropID:54  lDBID:58054001 
         Rule NEW:  ExtWall:CondExsOrAltWallDisplayPerim / ConditionedExistingOrAlteredWallDisplayPerimeter  Type: Float  iPropID:55  lDBID:58055001 
         Rule NEW:  Spc:CondExtWallArea / ConditionedExteriorWallArea  Type: Float  iPropID:582  lDBID:53582001 
         Rule NEW:  Spc:NorthCondExtWallArea / NorthConditionedExteriorWallArea  Type: Float  iPropID:583  lDBID:53583001 
         Rule NEW:  Spc:EastCondExtWallArea / EastConditionedExteriorWallArea  Type: Float  iPropID:584  lDBID:53584001 
         Rule NEW:  Spc:SouthCondExtWallArea / SouthConditionedExteriorWallArea  Type: Float  iPropID:585  lDBID:53585001 
         Rule NEW:  Spc:WestCondExtWallArea / WestConditionedExteriorWallArea  Type: Float  iPropID:586  lDBID:53586001 
         Rule NEW:  Spc:CondExtWinArea / ConditionedExteriorWindowArea  Type: Float  iPropID:587  lDBID:53587001 
         Rule NEW:  Spc:NorthCondExtWinArea / NorthConditionedExteriorWindowArea  Type: Float  iPropID:588  lDBID:53588001 
         Rule NEW:  Spc:EastCondExtWinArea / EastConditionedExteriorWindowArea  Type: Float  iPropID:589  lDBID:53589001 
         Rule NEW:  Spc:SouthCondExtWinArea / SouthConditionedExteriorWindowArea  Type: Float  iPropID:590  lDBID:53590001 
         Rule NEW:  Spc:WestCondExtWinArea / WestConditionedExteriorWindowArea  Type: Float  iPropID:591  lDBID:53591001 
         Rule NEW:  Spc:CondDisplayPerim / ConditionedDisplayPerimeter  Type: Float  iPropID:592  lDBID:53592001 
         Rule NEW:  Spc:NorthCondDisplayPerim / NorthConditionedDisplayPerimeter  Type: Float  iPropID:593  lDBID:53593001 
         Rule NEW:  Spc:EastCondDisplayPerim / EastConditionedDisplayPerimeter  Type: Float  iPropID:594  lDBID:53594001 
         Rule NEW:  Spc:SouthCondDisplayPerim / SouthConditionedDisplayPerimeter  Type: Float  iPropID:595  lDBID:53595001 
         Rule NEW:  Spc:WestCondDisplayPerim / WestConditionedDisplayPerimeter  Type: Float  iPropID:596  lDBID:53596001 
         Rule NEW:  Spc:CondNewExtWallArea / ConditionedNewExteriorWallArea  Type: Float  iPropID:597  lDBID:53597001 
         Rule NEW:  Spc:NorthCondNewExtWallArea / NorthConditionedNewExteriorWallArea  Type: Float  iPropID:598  lDBID:53598001 
         Rule NEW:  Spc:EastCondNewExtWallArea / EastConditionedNewExteriorWallArea  Type: Float  iPropID:599  lDBID:53599001 
         Rule NEW:  Spc:SouthCondNewExtWallArea / SouthConditionedNewExteriorWallArea  Type: Float  iPropID:600  lDBID:53600001 
         Rule NEW:  Spc:WestCondNewExtWallArea / WestConditionedNewExteriorWallArea  Type: Float  iPropID:601  lDBID:53601001 
         Rule NEW:  Spc:CondNewWallNewWinArea / ConditionedNewWallNewWindowArea  Type: Float  iPropID:602  lDBID:53602001 
         Rule NEW:  Spc:NorthCondNewWallNewWinArea / NorthConditionedNewWallNewWindowArea  Type: Float  iPropID:603  lDBID:53603001 
         Rule NEW:  Spc:EastCondNewWallNewWinArea / EastConditionedNewWallNewWindowArea  Type: Float  iPropID:604  lDBID:53604001 
         Rule NEW:  Spc:SouthCondNewWallNewWinArea / SouthConditionedNewWallNewWindowArea  Type: Float  iPropID:605  lDBID:53605001 
         Rule NEW:  Spc:WestCondNewWallNewWinArea / WestConditionedNewWallNewWindowArea  Type: Float  iPropID:606  lDBID:53606001 
         Rule NEW:  Spc:CondNewWallDisplayPerim / ConditionedNewWallDisplayPerimeter  Type: Float  iPropID:607  lDBID:53607001 
         Rule NEW:  Spc:NorthCondNewWallDisplayPerim / NorthConditionedNewWallDisplayPerimeter  Type: Float  iPropID:608  lDBID:53608001 
         Rule NEW:  Spc:EastCondNewWallDisplayPerim / EastConditionedNewWallDisplayPerimeter  Type: Float  iPropID:609  lDBID:53609001 
         Rule NEW:  Spc:SouthCondNewWallDisplayPerim / SouthConditionedNewWallDisplayPerimeter  Type: Float  iPropID:610  lDBID:53610001 
         Rule NEW:  Spc:WestCondNewWallDisplayPerim / WestConditionedNewWallDisplayPerimeter  Type: Float  iPropID:611  lDBID:53611001 
         Rule NEW:  Spc:CondExsOrAltExtWallArea / ConditionedExistingOrAlteredExteriorWallArea  Type: Float  iPropID:612  lDBID:53612001 
         Rule NEW:  Spc:NorthCondExsOrAltExtWallArea / NorthConditionedExistingOrAlteredExteriorWallArea  Type: Float  iPropID:613  lDBID:53613001 
         Rule NEW:  Spc:EastCondExsOrAltExtWallArea / EastConditionedExistingOrAlteredExteriorWallArea  Type: Float  iPropID:614  lDBID:53614001 
         Rule NEW:  Spc:SouthCondExsOrAltExtWallArea / SouthConditionedExistingOrAlteredExteriorWallArea  Type: Float  iPropID:615  lDBID:53615001 
         Rule NEW:  Spc:WestCondExsOrAltExtWallArea / WestConditionedExistingOrAlteredExteriorWallArea  Type: Float  iPropID:616  lDBID:53616001 
         Rule NEW:  Spc:CondExsOrAltWallNewWinArea / ConditionedExistingOrAlteredWallNewWindowArea  Type: Float  iPropID:617  lDBID:53617001 
         Rule NEW:  Spc:NorthCondExsOrAltWallNewWinArea / NorthConditionedExistingOrAlteredWallNewWindowArea  Type: Float  iPropID:618  lDBID:53618001 
         Rule NEW:  Spc:EastCondExsOrAltWallNewWinArea / EastConditionedExistingOrAlteredWallNewWindowArea  Type: Float  iPropID:619  lDBID:53619001 
         Rule NEW:  Spc:SouthCondExsOrAltWallNewWinArea / SouthConditionedExistingOrAlteredWallNewWindowArea  Type: Float  iPropID:620  lDBID:53620001 
         Rule NEW:  Spc:WestCondExsOrAltWallNewWinArea / WestConditionedExistingOrAlteredWallNewWindowArea  Type: Float  iPropID:621  lDBID:53621001 
         Rule NEW:  Spc:CondExsOrAltWallExsOrAltWinArea / ConditionedExistingOrAlteredWallExistingOrAlteredWindowArea  Type: Float  iPropID:622  lDBID:53622001 
         Rule NEW:  Spc:NorthCondExsOrAltWallExsOrAltWinArea / NorthConditionedExistingOrAlteredWallExistingOrAlteredWindowArea  Type: Float  iPropID:623  lDBID:53623001 
         Rule NEW:  Spc:EastCondExsOrAltWallExsOrAltWinArea / EastConditionedExistingOrAlteredWallExistingOrAlteredWindowArea  Type: Float  iPropID:624  lDBID:53624001 
         Rule NEW:  Spc:SouthCondExsOrAltWallExsOrAltWinArea / SouthConditionedExistingOrAlteredWallExistingOrAlteredWindowArea  Type: Float  iPropID:625  lDBID:53625001 
         Rule NEW:  Spc:WestCondExsOrAltWallExsOrAltWinArea / WestConditionedExistingOrAlteredWallExistingOrAlteredWindowArea  Type: Float  iPropID:626  lDBID:53626001 
         Rule NEW:  Spc:CondExsOrAltWallDisplayPerim / ConditionedExistingOrAlteredWallDisplayPerimeter  Type: Float  iPropID:627  lDBID:53627001 
         Rule NEW:  Spc:NorthCondExsOrAltWallDisplayPerim / NorthConditionedExistingOrAlteredWallDisplayPerimeter  Type: Float  iPropID:628  lDBID:53628001 
         Rule NEW:  Spc:EastCondExsOrAltWallDisplayPerim / EastConditionedExistingOrAlteredWallDisplayPerimeter  Type: Float  iPropID:629  lDBID:53629001 
         Rule NEW:  Spc:SouthCondExsOrAltWallDisplayPerim / SouthConditionedExistingOrAlteredWallDisplayPerimeter  Type: Float  iPropID:630  lDBID:53630001 
         Rule NEW:  Spc:WestCondExsOrAltWallDisplayPerim / WestConditionedExistingOrAlteredDisplayPerimeter  Type: Float  iPropID:631  lDBID:53631001 
         Rule NEW:  Spc:MultCondExtWallArea / MultipliedConditionedExteriorWallArea  Type: Float  iPropID:632  lDBID:53632001 
         Rule NEW:  Spc:MultNorthCondExtWallArea / MultipliedNorthConditionedExteriorWallArea  Type: Float  iPropID:633  lDBID:53633001 
         Rule NEW:  Spc:MultEastCondExtWallArea / MultipliedEastConditionedExteriorWallArea  Type: Float  iPropID:634  lDBID:53634001 
         Rule NEW:  Spc:MultSouthCondExtWallArea / MultipliedSouthConditionedExteriorWallArea  Type: Float  iPropID:635  lDBID:53635001 
         Rule NEW:  Spc:MultWestCondExtWallArea / MultipliedWestConditionedExteriorWallArea  Type: Float  iPropID:636  lDBID:53636001 
         Rule NEW:  Spc:MultCondExtWinArea / MultipliedConditionedExteriorWindowArea  Type: Float  iPropID:637  lDBID:53637001 
         Rule NEW:  Spc:MultNorthCondExtWinArea / MultipliedNorthConditionedExteriorWindowArea  Type: Float  iPropID:638  lDBID:53638001 
         Rule NEW:  Spc:MultEastCondExtWinArea / MultipliedEastConditionedExteriorWindowArea  Type: Float  iPropID:639  lDBID:53639001 
         Rule NEW:  Spc:MultSouthCondExtWinArea / MultipliedSouthConditionedExteriorWindowArea  Type: Float  iPropID:640  lDBID:53640001 
         Rule NEW:  Spc:MultWestCondExtWinArea / MultipliedWestConditionedExteriorWindowArea  Type: Float  iPropID:641  lDBID:53641001 
         Rule NEW:  Spc:MultCondDisplayPerim / MultipliedConditionedDisplayPerimeter  Type: Float  iPropID:642  lDBID:53642001 
         Rule NEW:  Spc:MultNorthCondDisplayPerim / MultipliedNorthConditionedDisplayPerimeter  Type: Float  iPropID:643  lDBID:53643001 
         Rule NEW:  Spc:MultEastCondDisplayPerim / MultipliedEastConditionedDisplayPerimeter  Type: Float  iPropID:644  lDBID:53644001 
         Rule NEW:  Spc:MultSouthCondDisplayPerim / MultipliedSouthConditionedDisplayPerimeter  Type: Float  iPropID:645  lDBID:53645001 
         Rule NEW:  Spc:MultWestCondDisplayPerim / MultipliedWestConditionedDisplayPerimeter  Type: Float  iPropID:646  lDBID:53646001 
         Rule NEW:  Spc:MultCondNewExtWallArea / MultipliedConditionedNewExteriorWallArea  Type: Float  iPropID:647  lDBID:53647001 
         Rule NEW:  Spc:MultNorthCondNewExtWallArea / MultipliedNorthConditionedNewExteriorWallArea  Type: Float  iPropID:648  lDBID:53648001 
         Rule NEW:  Spc:MultEastCondNewExtWallArea / MultipliedEastConditionedNewExteriorWallArea  Type: Float  iPropID:649  lDBID:53649001 
         Rule NEW:  Spc:MultSouthCondNewExtWallArea / MultipliedSouthConditionedNewExteriorWallArea  Type: Float  iPropID:650  lDBID:53650001 
         Rule NEW:  Spc:MultWestCondNewExtWallArea / MultipliedWestConditionedNewExteriorWallArea  Type: Float  iPropID:651  lDBID:53651001 
         Rule NEW:  Spc:MultCondNewWallNewWinArea / MultipliedConditionedNewWallNewWindowArea  Type: Float  iPropID:652  lDBID:53652001 
         Rule NEW:  Spc:MultNorthCondNewWallNewWinArea / MultipliedNorthConditionedNewWallNewWindowArea  Type: Float  iPropID:653  lDBID:53653001 
         Rule NEW:  Spc:MultEastCondNewWallNewWinArea / MultipliedEastConditionedNewWallNewWindowArea  Type: Float  iPropID:654  lDBID:53654001 
         Rule NEW:  Spc:MultSouthCondNewWallNewWinArea / MultipliedSouthConditionedNewWallNewWindowArea  Type: Float  iPropID:655  lDBID:53655001 
         Rule NEW:  Spc:MultWestCondNewWallNewWinArea / MultipliedWestConditionedNewWallNewWindowArea  Type: Float  iPropID:656  lDBID:53656001 
         Rule NEW:  Spc:MultCondNewWallDisplayPerim / MultipliedConditionedNewWallDisplayPerimeter  Type: Float  iPropID:657  lDBID:53657001 
         Rule NEW:  Spc:MultNorthCondNewWallDisplayPerim / MultipliedNorthConditionedNewWallDisplayPerimeter  Type: Float  iPropID:658  lDBID:53658001 
         Rule NEW:  Spc:MultEastCondNewWallDisplayPerim / MultipliedEastConditionedNewWallDisplayPerimeter  Type: Float  iPropID:659  lDBID:53659001 
         Rule NEW:  Spc:MultSouthCondNewWallDisplayPerim / MutilpiedSouthConditionedNewWallDisplayPerimeter  Type: Float  iPropID:660  lDBID:53660001 
         Rule NEW:  Spc:MultWestCondNewWallDisplayPerim / MultipliedWestConditionedNewWallDisplayPerimeter  Type: Float  iPropID:661  lDBID:53661001 
         Rule NEW:  Spc:MultCondExsOrAltExtWallArea / MultipliedConditionedExistingOrAlteredExteriorWallArea  Type: Float  iPropID:662  lDBID:53662001 
         Rule NEW:  Spc:MultNorthCondExsOrAltExtWallArea / MultipliedNorthConditionedExistingOrAlteredExteriorWallArea  Type: Float  iPropID:663  lDBID:53663001 
         Rule NEW:  Spc:MultEastCondExsOrAltExtWallArea / MultipliedEastConditionedExistingOrAlteredExteriorWallArea  Type: Float  iPropID:664  lDBID:53664001 
         Rule NEW:  Spc:MultSouthCondExsOrAltExtWallArea / MultipliedSouthConditionedExistingOrAlteredExteriorWallArea  Type: Float  iPropID:665  lDBID:53665001 
         Rule NEW:  Spc:MultWestCondExsOrAltExtWallArea / MultipliedWestConditionedExistingOrAlteredExteriorWallArea  Type: Float  iPropID:666  lDBID:53666001 
         Rule NEW:  Spc:MultCondExsOrAltWallNewWinArea / MultipliedConditionedExistingOrAlteredWallNewWindowArea  Type: Float  iPropID:667  lDBID:53667001 
         Rule NEW:  Spc:MultNorthCondExsOrAltWallNewWinArea / MultipliedNorthConditionedExistingOrAlteredWallNewWindowArea  Type: Float  iPropID:668  lDBID:53668001 
         Rule NEW:  Spc:MultEastCondExsOrAltWallNewWinArea / MultipliedEastConditionedExistingOrAlteredWallNewWindowArea  Type: Float  iPropID:669  lDBID:53669001 
         Rule NEW:  Spc:MultSouthCondExsOrAltWallNewWinArea / MultipliedSouthConditionedExistingOrAlteredWallNewWindowArea  Type: Float  iPropID:670  lDBID:53670001 
         Rule NEW:  Spc:MultWestCondExsOrAltWallNewWinArea / MultipliedWestConditionedExistingOrAlteredWallNewWindowArea  Type: Float  iPropID:671  lDBID:53671001 
         Rule NEW:  Spc:MultCondExsOrAltWallExsOrAltWinArea / MultipliedConditionedExistingOrAlteredWallExistingOrAlteredWindowArea  Type: Float  iPropID:672  lDBID:53672001 
         Rule NEW:  Spc:MultNorthCondExsOrAltWallExsOrAltWinArea / MultipliedNorthConditionedExistingOrAlteredWallExistingOrAlteredWindowArea  Type: Float  iPropID:673  lDBID:53673001 
         Rule NEW:  Spc:MultEastCondExsOrAltWallExsOrAltWinArea / MultipliedEastConditionedExistingOrAlteredWallExistingOrAlteredWindowArea  Type: Float  iPropID:674  lDBID:53674001 
         Rule NEW:  Spc:MultSouthCondExsOrAltWallExsOrAltWinArea / MultipliedSouthConditionedExistingOrAlteredWallExistingOrAlteredWindowArea  Type: Float  iPropID:675  lDBID:53675001 
         Rule NEW:  Spc:MultWestCondExsOrAltWallExsOrAltWinArea / MultipliedWestConditionedExistingOrAlteredWallExistingOrAlteredWindowArea  Type: Float  iPropID:676  lDBID:53676001 
         Rule NEW:  Spc:MultCondExsOrAltWallDisplayPerim / MultipliedConditionedExistingOrAlteredWallDisplayPerimeter  Type: Float  iPropID:677  lDBID:53677001 
         Rule NEW:  Spc:MultNorthCondExsOrAltWallDisplayPerim / MultipliedNorthConditionedExistingOrAlteredWallDisplayPerimeter  Type: Float  iPropID:678  lDBID:53678001 
         Rule NEW:  Spc:MultEastCondExsOrAltWallDisplayPerim / MultipliedEastConditionedExistingOrAlteredWallDisplayPerimeter  Type: Float  iPropID:679  lDBID:53679001 
         Rule NEW:  Spc:MultSouthCondExsOrAltWallDisplayPerim / MultipliedSouthConditionedExistingOrAlteredWallDisplayPerimeter  Type: Float  iPropID:680  lDBID:53680001 
         Rule NEW:  Spc:MultWestCondExsOrAltWallDisplayPerim / MultipliedWestConditionedExistingOrAlteredDisplayPerimeter  Type: Float  iPropID:681  lDBID:53681001 
         Rule NEW:  Story:CondExtWallArea / ConditionedExteriorWallArea  Type: Float  iPropID:57  lDBID:51057001 
         Rule NEW:  Story:NorthCondExtWallArea / NorthConditionedExteriorWallArea  Type: Float  iPropID:58  lDBID:51058001 
         Rule NEW:  Story:EastCondExtWallArea / EastConditionedExteriorWallArea  Type: Float  iPropID:59  lDBID:51059001 
         Rule NEW:  Story:SouthCondExtWallArea / SouthConditionedExteriorWallArea  Type: Float  iPropID:60  lDBID:51060001 
         Rule NEW:  Story:WestCondExtWallArea / WestConditionedExteriorWallArea  Type: Float  iPropID:61  lDBID:51061001 
         Rule NEW:  Story:CondExtWinArea / ConditionedExteriorWindowArea  Type: Float  iPropID:62  lDBID:51062001 
         Rule NEW:  Story:NorthCondExtWinArea / NorthConditionedExteriorWindowArea  Type: Float  iPropID:63  lDBID:51063001 
         Rule NEW:  Story:EastCondExtWinArea / EastConditionedExteriorWindowArea  Type: Float  iPropID:64  lDBID:51064001 
         Rule NEW:  Story:SouthCondExtWinArea / SouthConditionedExteriorWindowArea  Type: Float  iPropID:65  lDBID:51065001 
         Rule NEW:  Story:WestCondExtWinArea / WestConditionedExteriorWindowArea  Type: Float  iPropID:66  lDBID:51066001 
         Rule NEW:  Story:CondDisplayPerim / ConditionedDisplayPerimimeter  Type: Float  iPropID:67  lDBID:51067001 
         Rule NEW:  Story:NorthCondDisplayPerim / NorthConditionedDisplayPerimimeter  Type: Float  iPropID:68  lDBID:51068001 
         Rule NEW:  Story:EastCondDisplayPerim / EastConditionedDisplayPerimimeter  Type: Float  iPropID:69  lDBID:51069001 
         Rule NEW:  Story:SouthCondDisplayPerim / SouthConditionedDisplayPerimimeter  Type: Float  iPropID:70  lDBID:51070001 
         Rule NEW:  Story:WestCondDisplayPerim / WestConditionedDisplayPerimimeter  Type: Float  iPropID:71  lDBID:51071001 
         Rule NEW:  Story:CondNewExtWallArea / ConditionedNewExteriorWallArea  Type: Float  iPropID:72  lDBID:51072001 
         Rule NEW:  Story:NorthCondNewExtWallArea / NorthConditionedNewExteriorWallArea  Type: Float  iPropID:73  lDBID:51073001 
         Rule NEW:  Story:EastCondNewExtWallArea / EastConditionedNewExteriorWallArea  Type: Float  iPropID:74  lDBID:51074001 
         Rule NEW:  Story:SouthCondNewExtWallArea / SouthConditionedNewExteriorWallArea  Type: Float  iPropID:75  lDBID:51075001 
         Rule NEW:  Story:WestCondNewExtWallArea / WestConditionedNewExteriorWallArea  Type: Float  iPropID:76  lDBID:51076001 
         Rule NEW:  Story:CondNewWallNewWinArea / ConditionedNewWallNewWindowArea  Type: Float  iPropID:77  lDBID:51077001 
         Rule NEW:  Story:NorthCondNewWallNewWinArea / NorthConditionedNewWallNewWindowArea  Type: Float  iPropID:78  lDBID:51078001 
         Rule NEW:  Story:EastCondNewWallNewWinArea / EastConditionedNewWallNewWindowArea  Type: Float  iPropID:79  lDBID:51079001 
         Rule NEW:  Story:SouthCondNewWallNewWinArea / SouthConditionedNewWallNewWindowArea  Type: Float  iPropID:80  lDBID:51080001 
         Rule NEW:  Story:WestCondNewWallNewWinArea / WestConditionedNewWallNewWindowArea  Type: Float  iPropID:81  lDBID:51081001 
         Rule NEW:  Story:CondNewWallDisplayPerim / ConditionedNewWallDisplayPerimimeter  Type: Float  iPropID:82  lDBID:51082001 
         Rule NEW:  Story:NorthCondNewWallDisplayPerim / NorthConditionedNewWallDisplayPerimimeter  Type: Float  iPropID:83  lDBID:51083001 
         Rule NEW:  Story:EastCondNewWallDisplayPerim / EastConditionedNewWallDisplayPerimimeter  Type: Float  iPropID:84  lDBID:51084001 
         Rule NEW:  Story:SouthCondNewWallDisplayPerim / SouthConditionedNewWallDisplayPerimimeter  Type: Float  iPropID:85  lDBID:51085001 
         Rule NEW:  Story:WestCondNewWallDisplayPerim / WestConditionedNewWallDisplayPerimimeter  Type: Float  iPropID:86  lDBID:51086001 
         Rule NEW:  Story:CondExsOrAltExtWallArea / ConditionedExistingOrAlteredExteriorWallArea  Type: Float  iPropID:87  lDBID:51087001 
         Rule NEW:  Story:NorthCondExsOrAltExtWallArea / NorthConditionedExistingOrAlteredExteriorWallArea  Type: Float  iPropID:88  lDBID:51088001 
         Rule NEW:  Story:EastCondExsOrAltExtWallArea / EastConditionedExistingOrAlteredExteriorWallArea  Type: Float  iPropID:89  lDBID:51089001 
         Rule NEW:  Story:SouthCondExsOrAltExtWallArea / SouthConditionedExistingOrAlteredExteriorWallArea  Type: Float  iPropID:90  lDBID:51090001 
         Rule NEW:  Story:WestCondExsOrAltExtWallArea / WestConditionedExistingOrAlteredExteriorWallArea  Type: Float  iPropID:91  lDBID:51091001 
         Rule NEW:  Story:CondExsOrAltWallNewWinArea / ConditionedExistingOrAlteredWallNewWindowArea  Type: Float  iPropID:92  lDBID:51092001 
         Rule NEW:  Story:NorthCondExsOrAltWallNewWinArea / NorthConditionedExistingOrAlteredWallNewWindowArea  Type: Float  iPropID:93  lDBID:51093001 
         Rule NEW:  Story:EastCondExsOrAltWallNewWinArea / EastConditionedExistingOrAlteredWallNewWindowArea  Type: Float  iPropID:94  lDBID:51094001 
         Rule NEW:  Story:SouthCondExsOrAltWallNewWinArea / SouthConditionedExistingOrAlteredWallNewWindowArea  Type: Float  iPropID:95  lDBID:51095001 
         Rule NEW:  Story:WestCondExsOrAltWallNewWinArea / WestConditionedExistingOrAlteredWallNewWindowArea  Type: Float  iPropID:96  lDBID:51096001 
         Rule NEW:  Story:CondExsOrAltWallExsOrAltWinArea / ConditionedExistingOrAlteredWallExistingOrAlteredWindowArea  Type: Float  iPropID:97  lDBID:51097001 
         Rule NEW:  Story:NorthCondExsOrAltWallExsOrAltWinArea / NorthConditionedExistingOrAlteredWallExistingOrAlteredWindowArea  Type: Float  iPropID:98  lDBID:51098001 
         Rule NEW:  Story:EastCondExsOrAltWallExsOrAltWinArea / EastConditionedExistingOrAlteredWallExistingOrAlteredWindowArea  Type: Float  iPropID:99  lDBID:51099001 
         Rule NEW:  Story:SouthCondExsOrAltWallExsOrAltWinArea / SouthConditionedExistingOrAlteredWallExistingOrAlteredWindowArea  Type: Float  iPropID:100  lDBID:51100001 
         Rule NEW:  Story:WestCondExsOrAltWallExsOrAltWinArea / WestConditionedExistingOrAlteredWallExistingOrAlteredWindowArea  Type: Float  iPropID:101  lDBID:51101001 
         Rule NEW:  Story:CondExsOrAltWallDisplayPerim / ConditionedExistingOrAlteredDisplayPerimimeter  Type: Float  iPropID:102  lDBID:51102001 
         Rule NEW:  Story:NorthCondExsOrAltWallDisplayPerim / NorthConditionedExistingOrAlteredDisplayPerimimeter  Type: Float  iPropID:103  lDBID:51103001 
         Rule NEW:  Story:EastCondExsOrAltWallDisplayPerim / EastConditionedExistingOrAlteredDisplayPerimimeter  Type: Float  iPropID:104  lDBID:51104001 
         Rule NEW:  Story:SouthCondExsOrAltWallDisplayPerim / SouthConditionedExistingOrAlteredDisplayPerimimeterWall  Type: Float  iPropID:105  lDBID:51105001 
         Rule NEW:  Story:WestCondExsOrAltWallDisplayPerim / WestConditionedExistingOrAlteredDisplayPerimimeter  Type: Float  iPropID:106  lDBID:51106001 
         Rule NEW:  Bldg:CondDisplayPerim / ConditionedDisplayPerimeter  Type: Float  iPropID:118  lDBID:50118001 
         Rule NEW:  Bldg:NorthCondDisplayPerim / NorthConditionedDisplayPerimeter  Type: Float  iPropID:119  lDBID:50119001 
         Rule NEW:  Bldg:EastCondDisplayPerim / EastConditionedDisplayPerimeter  Type: Float  iPropID:120  lDBID:50120001 
         Rule NEW:  Bldg:SouthCondDisplayPerim / SouthConditionedDisplayPerimeter  Type: Float  iPropID:121  lDBID:50121001 
         Rule NEW:  Bldg:WestCondDisplayPerim / WestConditionedDisplayPerimeter  Type: Float  iPropID:122  lDBID:50122001 
         Rule NEW:  Bldg:CondNewExtWallArea / ConditionedNewExteriorWallArea  Type: Float  iPropID:123  lDBID:50123001 
         Rule NEW:  Bldg:NorthCondNewExtWallArea / NorthConditionedNewExteriorWallArea  Type: Float  iPropID:124  lDBID:50124001 
         Rule NEW:  Bldg:EastCondNewExtWallArea / EastConditionedNewExteriorWallArea  Type: Float  iPropID:125  lDBID:50125001 
         Rule NEW:  Bldg:SouthCondNewExtWallArea / SouthConditionedNewExteriorWallArea  Type: Float  iPropID:126  lDBID:50126001 
         Rule NEW:  Bldg:WestCondNewExtWallArea / WestConditionedNewExteriorWallArea  Type: Float  iPropID:127  lDBID:50127001 
         Rule NEW:  Bldg:CondNewWallNewWinArea / ConditionedNewWallNewWindowArea  Type: Float  iPropID:128  lDBID:50128001 
         Rule NEW:  Bldg:NorthCondNewWallNewWinArea / NorthConditionedNewWallNewWindowArea  Type: Float  iPropID:129  lDBID:50129001 
         Rule NEW:  Bldg:EastCondNewWallNewWinArea / EastConditionedNewWallNewWindowArea  Type: Float  iPropID:130  lDBID:50130001 
         Rule NEW:  Bldg:SouthCondNewWallNewWinArea / SouthConditionedNewWallNewWindowArea  Type: Float  iPropID:131  lDBID:50131001 
         Rule NEW:  Bldg:WestCondNewWallNewWinArea / WestConditionedNewWallNewWindowArea  Type: Float  iPropID:132  lDBID:50132001 
         Rule NEW:  Bldg:CondNewWallDisplayPerim / ConditionedNewWallDisplayPerimeter  Type: Float  iPropID:133  lDBID:50133001 
         Rule NEW:  Bldg:NorthCondNewWallDisplayPerim / NorthConditionedNewWallDisplayPerimeter  Type: Float  iPropID:134  lDBID:50134001 
         Rule NEW:  Bldg:EastCondNewWallDisplayPerim / EastConditionedNewWallDisplayPerimeter  Type: Float  iPropID:135  lDBID:50135001 
         Rule NEW:  Bldg:SouthCondNewWallDisplayPerim / SouthConditionedNewWallDisplayPerimeter  Type: Float  iPropID:136  lDBID:50136001 
         Rule NEW:  Bldg:WestCondNewWallDisplayPerim / WestConditionedNewWallDisplayPerimeter  Type: Float  iPropID:137  lDBID:50137001 
         Rule NEW:  Bldg:CondExsOrAltExtWallArea / ConditionedExistingOrAlteredExteriorWallArea  Type: Float  iPropID:138  lDBID:50138001 
         Rule NEW:  Bldg:NorthCondExsOrAltExtWallArea / NorthConditionedExistingOrAlteredExteriorWallArea  Type: Float  iPropID:139  lDBID:50139001 
         Rule NEW:  Bldg:EastCondExsOrAltExtWallArea / EastConditionedExistingOrAlteredExteriorWallArea  Type: Float  iPropID:140  lDBID:50140001 
         Rule NEW:  Bldg:SouthCondExsOrAltExtWallArea / SouthConditionedExistingOrAlteredExteriorWallArea  Type: Float  iPropID:141  lDBID:50141001 
         Rule NEW:  Bldg:WestCondExsOrAltExtWallArea / WestConditionedExistingOrAlteredExteriorWallArea  Type: Float  iPropID:142  lDBID:50142001 
         Rule NEW:  Bldg:CondExsOrAltWallNewWinArea / ConditionedExistingOrAlteredWallNewWindowArea  Type: Float  iPropID:143  lDBID:50143001 
         Rule NEW:  Bldg:NorthCondExsOrAltWallNewWinArea / NorthConditionedExistingOrAlteredWallNewWindowArea  Type: Float  iPropID:144  lDBID:50144001 
         Rule NEW:  Bldg:EastCondExsOrAltWallNewWinArea / EastConditionedExistingOrAlteredWallNewWindowArea  Type: Float  iPropID:145  lDBID:50145001 
         Rule NEW:  Bldg:SouthCondExsOrAltWallNewWinArea / SouthConditionedExistingOrAlteredWallNewWindowArea  Type: Float  iPropID:146  lDBID:50146001 
         Rule NEW:  Bldg:WestCondExsOrAltWallNewWinArea / WestConditionedExistingOrAlteredWallNewWindowArea  Type: Float  iPropID:147  lDBID:50147001 
         Rule NEW:  Bldg:CondExsOrAltWallExsOrAltWinArea / ConditionedExistingOrAlteredWallExistingOrAlteredWindowArea  Type: Float  iPropID:148  lDBID:50148001 
         Rule NEW:  Bldg:NorthCondExsOrAltWallExsOrAltWinArea / NorthConditionedExistingOrAlteredWallExistingOrAlteredWindowArea  Type: Float  iPropID:149  lDBID:50149001 
         Rule NEW:  Bldg:EastCondExsOrAltWallExsOrAltWinArea / EastConditionedExistingOrAlteredWallExistingOrAlteredWindowArea  Type: Float  iPropID:150  lDBID:50150001 
         Rule NEW:  Bldg:SouthCondExsOrAltWallExsOrAltWinArea / SouthConditionedExistingOrAlteredWallExistingOrAlteredWindowArea  Type: Float  iPropID:151  lDBID:50151001 
         Rule NEW:  Bldg:WestCondExsOrAltWallExsOrAltWinArea / WestConditionedExistingOrAlteredWallExistingOrAlteredWindowArea  Type: Float  iPropID:152  lDBID:50152001 
         Rule NEW:  Bldg:CondExsOrAltWallDisplayPerim / ConditionedExistingOrAlteredDisplayPerimeter  Type: Float  iPropID:153  lDBID:50153001 
         Rule NEW:  Bldg:NorthCondExsOrAltWallDisplayPerim / NorthConditionedExistingOrAlteredDisplayPerimeter  Type: Float  iPropID:154  lDBID:50154001 
         Rule NEW:  Bldg:EastCondExsOrAltWallDisplayPerim / EastConditionedExistingOrAlteredDisplayPerimeter  Type: Float  iPropID:155  lDBID:50155001 
         Rule NEW:  Bldg:SouthCondExsOrAltWallDisplayPerim / SouthConditionedExistingOrAlteredDisplayPerimeter  Type: Float  iPropID:156  lDBID:50156001 
         Rule NEW:  Bldg:WestCondExsOrAltWallDisplayPerim / WestConditionedExistingOrAlteredDisplayPerimeter  Type: Float  iPropID:157  lDBID:50157001 
         Rule NEW:  Bldg:NewWallNewWinWWR / NewWallNewWindowWindowWallRatio  Type: Float  iPropID:158  lDBID:50158001 
         Rule NEW:  Bldg:WestNewWallNewWinWWR / WestNewWallNewWindowWindowWallRatio  Type: Float  iPropID:159  lDBID:50159001 
         Rule NEW:  Bldg:NorthNewWallNewWinWWR / NorthNewWallNewWindowWindowWallRatio  Type: Float  iPropID:160  lDBID:50160001 
         Rule NEW:  Bldg:EastNewWallNewWinWWR / EastNewWallNewWindowWindowWallRatio  Type: Float  iPropID:161  lDBID:50161001 
         Rule NEW:  Bldg:SouthNewWallNewWinWWR / SouthNewWallNewWindowWindowWallRatio  Type: Float  iPropID:162  lDBID:50162001 
         Rule NEW:  Bldg:ExsOrAltWallNewWinWWR / ExistingOrAlteredWallNewWindowWindowWallRatio  Type: Float  iPropID:163  lDBID:50163001 
         Rule NEW:  Bldg:WestExsOrAltWallNewWinWWR / WestExistingOrAlteredWallNewWindowWindowWallRatio  Type: Float  iPropID:164  lDBID:50164001 
         Rule NEW:  Bldg:NorthExsOrAltWallNewWinWWR / NorthExistingOrAlteredWallNewWindowWindowWallRatio  Type: Float  iPropID:165  lDBID:50165001 
         Rule NEW:  Bldg:EastExsOrAltWallNewWinWWR / EastExistingOrAlteredWallNewWindowWindowWallRatio  Type: Float  iPropID:166  lDBID:50166001 
         Rule NEW:  Bldg:SouthExsOrAltWallNewWinWWR / SouthExistingOrAlteredWallNewWindowWindowWallRatio  Type: Float  iPropID:167  lDBID:50167001 
         Rule NEW:  Bldg:ExsOrAltWallExsOrAltWinWWR / ExistingOrAlteredWallExistingOrAlteredWindowWindowWallRatio  Type: Float  iPropID:168  lDBID:50168001 
         Rule NEW:  Bldg:WestExsOrAltWallExsOrAltWinWWR / WestExistingOrAlteredWallExistingOrAlteredWindowWindowWallRatio  Type: Float  iPropID:169  lDBID:50169001 
         Rule NEW:  Bldg:NorthExsOrAltWallExsOrAltWinWWR / NorthExistingOrAlteredWallExistingOrAlteredWindowWindowWallRatio  Type: Float  iPropID:170  lDBID:50170001 
         Rule NEW:  Bldg:EastExsOrAltWallExsOrAltWinWWR / EastExistingOrAlteredWallExistingOrAlteredWindowWindowWallRatio  Type: Float  iPropID:171  lDBID:50171001 
         Rule NEW:  Bldg:SouthExsOrAltWallExsOrAltWinWWR / SouthExistingOrAlteredWallExistingOrAlteredWindowWindowWallRatio  Type: Float  iPropID:172  lDBID:50172001 
         Rule NEW:  Bldg:BaseTargetWWR / BaselineTargetConditionedWindowWallRatio  Type: Float  iPropID:173  lDBID:50173001 
         Rule NEW:  Bldg:BaseTargetWestWWR / BaselineTargetWestConditionedWindowWallRatio  Type: Float  iPropID:174  lDBID:50174001 
         Rule NEW:  Bldg:NewWallNewWinBaseTargetWWR / NewWallNewWindowBaselineTargetWindowWallRatio  Type: Float  iPropID:175  lDBID:50175001 
         Rule NEW:  Bldg:NewWallNewWinBaseTargetWestWWR / NewWallNewWindowBaselineTargetWestWindowWallRatio  Type: Float  iPropID:176  lDBID:50176001 
         Rule NEW:  Bldg:ExsOrAltWallNewWinBaseTargetWWR / ExistingOrAlteredWallNewWindowBaselineTargetWindowWallRatio  Type: Float  iPropID:177  lDBID:50177001 
         Rule NEW:  Bldg:ExsOrAltWallNewWinBaseTargetWestWWR / ExistingOrAlteredWallNewWindowBaselineTargetWestWindowWallRatio  Type: Float  iPropID:178  lDBID:50178001 
         Rule NEW:  Bldg:DisplayPerimFlag / DisplayPerimeterFlag  Type: Integer  iPropID:179  lDBID:50179001 
         Rule NEW:  Bldg:WestDisplayPerimFlag / WestDisplayPerimeterFlag  Type: Integer  iPropID:180  lDBID:50180001 
         Rule NEW:  Win:IsOperable / IsOperable  Type: Integer  iPropID:69  lDBID:64069001 
         Rule NEW:  ExtWall:OperableWinArea / OperableWindowArea  Type: Float  iPropID:56  lDBID:58056001 
         Rule NEW:  Spc:ExtOperableWinArea / ExteriorOperableWindowArea  Type: Float  iPropID:682  lDBID:53682001 
         Rule NEW:  Win:IsNewAndOperable / IsNewAndOperable  Type: Integer  iPropID:70  lDBID:64070001 
         Rule NEW:  ExtWall:NewOperableWinArea / NewOperableWindowArea  Type: Float  iPropID:57  lDBID:58057001 
         Rule NEW:  Spc:ExtNewOperableWinArea / ExteriorNewOperableWindowArea  Type: Float  iPropID:683  lDBID:53683001 
         done.

Reading rule file: Fenestration-SkylightAreas_T24N.rule
         Rule NEW:  Bldg:AddSkyltAreaFlag / AdditionalSkylightAreaFlag  Type: Integer  iPropID:181  lDBID:50181001 
         Rule NEW:  Bldg:ApplyStdSkyltScaling / ApplyStandardSkylightScaling  Type: Integer  iPropID:182  lDBID:50182001 
         Rule NEW:  Bldg:SkyltScaleFactor / SkylightScaleFactor  Type: Float  iPropID:183  lDBID:50183001 
         Rule NEW:  Bldg:NewRoofNewSkyltScaleFactor / NewRoofNewSkylightScaleFactor  Type: Float  iPropID:184  lDBID:50184001 
         Rule NEW:  Bldg:ExsOrAltRoofNewSkyltScaleFactor / ExistingOrAlteredRoofNewSkylightScaleFactor  Type: Float  iPropID:185  lDBID:50185001 
         Rule NEW:  Skylt:AreaMult / AreaMultiplier  Type: Float  iPropID:19  lDBID:65019001 
         Rule NEW:  ResSkylt:AreaMult / AreaMultiplier  Type: Float  iPropID:26  lDBID:91026001 
         Rule NEW:  Roof:SkyltArea / SkylightArea  Type: Float  iPropID:38  lDBID:61038001 
         Rule NEW:  ResCathedralCeiling:SkyltArea / SkylightArea  Type: Float  iPropID:49  lDBID:81049001 
         Rule NEW:  Roof:NewSkyltArea / NewSkylightArea  Type: Float  iPropID:39  lDBID:61039001 
         Rule NEW:  Roof:ExsOrAltSkyltArea / ExistingOrAlteredSkylightArea  Type: Float  iPropID:40  lDBID:61040001 
         Rule NEW:  Roof:CondExtRoofArea / ConditionedExteriorRoofArea  Type: Float  iPropID:41  lDBID:61041001 
         Rule NEW:  ResCathedralCeiling:CondExtRoofArea / ConditionedExteriorRoofArea  Type: Float  iPropID:50  lDBID:81050001 
         Rule NEW:  Roof:CondNewExtRoofArea / ConditionedNewExteriorRoofArea  Type: Float  iPropID:42  lDBID:61042001 
         Rule NEW:  Roof:CondExsOrAltExtRoofArea / ConditionedExistingOrAlteredExteriorRoofArea  Type: Float  iPropID:43  lDBID:61043001 
         Rule NEW:  Roof:CondExtSkyltArea / ConditionedExteriorSkylightArea  Type: Float  iPropID:44  lDBID:61044001 
         Rule NEW:  ResCathedralCeiling:CondExtSkyltArea / ConditionedExteriorSkylightArea  Type: Float  iPropID:51  lDBID:81051001 
         Rule NEW:  Roof:CondNewExtSkyltArea / ConditionedNewExteriorSkylightArea  Type: Float  iPropID:45  lDBID:61045001 
         Rule NEW:  Roof:CondExsOrAltExtSkyltArea / ConditionedExistingOrAlteredExteriorSkylightArea  Type: Float  iPropID:46  lDBID:61046001 
         Rule NEW:  Roof:CondNewRoofNewSkyltArea / ConditionedNewRoofNewSkylightArea  Type: Float  iPropID:47  lDBID:61047001 
         Rule NEW:  Roof:CondExsOrAltRoofNewSkyltArea / ConditionedExistingOrAlteredRoofNewSkylightArea  Type: Float  iPropID:48  lDBID:61048001 
         Rule NEW:  Roof:CondExsOrAltRoofExsOrAltSkyltArea / ConditionedExistingOrAlteredRoofExistingOrAlteredSkylightArea  Type: Float  iPropID:49  lDBID:61049001 
         Rule NEW:  Spc:CondExtRoofArea / ConditionedExteriorRoofArea  Type: Float  iPropID:684  lDBID:53684001 
         Rule NEW:  ResZn:CondExtRoofArea / ConditionedExteriorRoofArea  Type: Float  iPropID:340  lDBID:70340001 
         Rule NEW:  ResOtherZn:CondExtRoofArea / ConditionedExteriorRoofArea  Type: Float  iPropID:430  lDBID:71430001 
         Rule NEW:  Spc:CondExtSkyltArea / ConditionedExteriorSkylightArea  Type: Float  iPropID:685  lDBID:53685001 
         Rule NEW:  ResZn:CondExtSkyltArea / ConditionedExteriorSkylightArea  Type: Float  iPropID:341  lDBID:70341001 
         Rule NEW:  ResOtherZn:CondExtSkyltArea / ConditionedExteriorSkylightArea  Type: Float  iPropID:431  lDBID:71431001 
         Rule NEW:  Spc:CondNewExtRoofArea / ConditionedNewExteriorRoofArea  Type: Float  iPropID:686  lDBID:53686001 
         Rule NEW:  Spc:CondNewRoofNewSkyltArea / ConditionedNewRoofNewSkylightArea  Type: Float  iPropID:687  lDBID:53687001 
         Rule NEW:  Spc:CondExsOrAltExtRoofArea / ConditionedExistingOrAlteredExteriorRoofArea  Type: Float  iPropID:688  lDBID:53688001 
         Rule NEW:  Spc:CondExsOrAltRoofNewSkyltArea / ConditionedExistingOrAlteredRoofNewSkylightArea  Type: Float  iPropID:689  lDBID:53689001 
         Rule NEW:  Spc:CondExsOrAltRoofExsOrAltSkyltArea / ConditionedExistingOrAlteredRoofExistingOrAlteredSkylightArea  Type: Float  iPropID:690  lDBID:53690001 
         Rule NEW:  Spc:MultCondExtRoofArea / MultipliedConditionedExteriorRoofArea  Type: Float  iPropID:691  lDBID:53691001 
         Rule NEW:  ResZn:MultCondExtRoofArea / MultipliedConditionedExteriorRoofArea  Type: Float  iPropID:342  lDBID:70342001 
         Rule NEW:  ResOtherZn:MultCondExtRoofArea / MultipliedConditionedExteriorRoofArea  Type: Float  iPropID:432  lDBID:71432001 
         Rule NEW:  Spc:MultCondExtSkyltArea / MultipliedConditionedExteriorSkylightArea  Type: Float  iPropID:692  lDBID:53692001 
         Rule NEW:  ResZn:MultCondExtSkyltArea / MultipliedConditionedExteriorSkylightArea  Type: Float  iPropID:343  lDBID:70343001 
         Rule NEW:  ResOtherZn:MultCondExtSkyltArea / MultipliedConditionedExteriorSkylightArea  Type: Float  iPropID:433  lDBID:71433001 
         Rule NEW:  Spc:MultCondNewExtRoofArea / MultipliedConditionedNewExteriorRoofArea  Type: Float  iPropID:693  lDBID:53693001 
         Rule NEW:  Spc:MultCondNewRoofNewSkyltArea / MultipliedConditionedNewRoofNewSkylightArea  Type: Float  iPropID:694  lDBID:53694001 
         Rule NEW:  Spc:MultCondExsOrAltExtRoofArea / MultipliedConditionedExistingOrAlteredExteriorRoofArea  Type: Float  iPropID:695  lDBID:53695001 
         Rule NEW:  Spc:MultCondExsOrAltRoofNewSkyltArea / MultipliedConditionedExistingOrAlteredRoofNewSkylightArea  Type: Float  iPropID:696  lDBID:53696001 
         Rule NEW:  Spc:MultCondExsOrAltRoofExsOrAltSkyltArea / MultipliedConditionedExistingOrAlteredRoofExistingOrAlteredSkylightArea  Type: Float  iPropID:697  lDBID:53697001 
         Rule NEW:  Story:CondExtRoofArea / ConditionedExteriorRoofArea  Type: Float  iPropID:107  lDBID:51107001 
         Rule NEW:  ResZnGrp:CondExtRoofArea / ConditionedExteriorRoofArea  Type: Float  iPropID:34  lDBID:52034001 
         Rule NEW:  Story:CondExtSkyltArea / ConditionedExteriorSkylightArea  Type: Float  iPropID:108  lDBID:51108001 
         Rule NEW:  ResZnGrp:CondExtSkyltArea / ConditionedExteriorSkylightArea  Type: Float  iPropID:35  lDBID:52035001 
         Rule NEW:  Story:CondNewExtRoofArea / ConditionedNewExteriorRoofArea  Type: Float  iPropID:109  lDBID:51109001 
         Rule NEW:  Story:CondNewRoofNewSkyltArea / ConditionedNewRoofNewSkylightArea  Type: Float  iPropID:110  lDBID:51110001 
         Rule NEW:  Story:CondExsOrAltExtRoofArea / ConditionedExistingOrAlteredExteriorRoofArea  Type: Float  iPropID:111  lDBID:51111001 
         Rule NEW:  Story:CondExsOrAltRoofNewSkyltArea / ConditionedExistingOrAlteredRoofNewSkylightArea  Type: Float  iPropID:112  lDBID:51112001 
         Rule NEW:  Story:CondExsOrAltRoofExsOrAltSkyltArea / ConditionedExistingOrAlteredRoofExistingOrAlteredSkylightArea  Type: Float  iPropID:113  lDBID:51113001 
         Rule NEW:  Bldg:CondNewExtRoofArea / ConditionedNewExteriorRoofArea  Type: Float  iPropID:186  lDBID:50186001 
         Rule NEW:  Bldg:CondNewRoofNewSkyltArea / ConditionedNewRoofNewSkylightArea  Type: Float  iPropID:187  lDBID:50187001 
         Rule NEW:  Bldg:CondExsOrAltExtRoofArea / ConditionedExistingOrAlteredExteriorRoofArea  Type: Float  iPropID:188  lDBID:50188001 
         Rule NEW:  Bldg:CondExsOrAltRoofNewSkyltArea / ConditionedExistingOrAlteredRoofNewSkylightArea  Type: Float  iPropID:189  lDBID:50189001 
         Rule NEW:  Bldg:CondExsOrAltRoofExsOrAltSkyltArea / ConditionedExistingOrAlteredRoofExistingOrAlteredSkylightArea  Type: Float  iPropID:190  lDBID:50190001 
         Rule NEW:  Bldg:NewRoofNewSkyltSRR / NewRoofNewSkylightSkylightRoofRatio  Type: Float  iPropID:191  lDBID:50191001 
         Rule NEW:  Bldg:ExsOrAltRoofNewSkyltSRR / ExistingOrAlteredRoofNewSkylightSkylightRoofRatio  Type: Float  iPropID:192  lDBID:50192001 
         Rule NEW:  Bldg:ExsOrAltRoofExsOrAltSkyltSRR / ExistingOrAlteredRoofExistingOrAlteredSkylightSkylightRoofRatio  Type: Float  iPropID:193  lDBID:50193001 
         Rule NEW:  Bldg:BaseTargetCondSRR / BaselineTargetConditionedSkylightRoofRatio  Type: Float  iPropID:194  lDBID:50194001 
         Rule NEW:  Bldg:NewRoofNewSkyltBaseTargetCondSRR / NewRoofNewSkylightBaselineTargetConditionedSkylightRoofRatio  Type: Float  iPropID:195  lDBID:50195001 
         Rule NEW:  Bldg:ExsOrAltRoofNewSkyltBaseTargetCondSRR / ExistingOrAlteredRoofNewSkylightBaselineTargetConditionedSkylightRoofRatio  Type: Float  iPropID:196  lDBID:50196001 
         Rule NEW:  Bldg:SRRCat / SkylightRoofRatioCategory  Type: String  iPropID:197  lDBID:50197001 
         Rule NEW:  Skylt:IsOperable / IsOperable  Type: Integer  iPropID:20  lDBID:65020001 
         Rule NEW:  Roof:OperableSkyltArea / OperableSkylightArea  Type: Float  iPropID:50  lDBID:61050001 
         Rule NEW:  Spc:ExtOperableSkyltArea / ExteriorOperableSkylightArea  Type: Float  iPropID:698  lDBID:53698001 
         Rule NEW:  Skylt:IsNewAndOperable / IsNewAndOperable  Type: Integer  iPropID:21  lDBID:65021001 
         Rule NEW:  Roof:NewOperableSkyltArea / NewOperableSkylightArea  Type: Float  iPropID:51  lDBID:61051001 
         Rule NEW:  Spc:ExtNewOperableSkyltArea / ExteriorNewOperableSkylightArea  Type: Float  iPropID:699  lDBID:53699001 
         done.

Reading rule file: Fenestration-Properties_T24N.rule
         Rule NEW:  Win:SiteBuiltWinArea / SiteBuiltWindowArea  Type: Float  iPropID:71  lDBID:64071001 
         Rule NEW:  Win:NewOrAltNA6SiteBuiltWinArea / NewOrAltNA6eredNA6SiteBuiltWindowArea  Type: Float  iPropID:72  lDBID:64072001 
         Rule NEW:  ExtWall:SiteBuiltWinArea / SiteBuiltWindowArea  Type: Float  iPropID:58  lDBID:58058001 
         Rule NEW:  ExtWall:NewOrAltNA6SiteBuiltWinArea / NewOrAltNA6eredNA6SiteBuiltWindowArea  Type: Float  iPropID:59  lDBID:58059001 
         Rule NEW:  Spc:SiteBuiltWinArea / SiteBuiltWindowArea  Type: Float  iPropID:700  lDBID:53700001 
         Rule NEW:  Spc:NewOrAltNA6SiteBuiltWinArea / NewOrAltNA6eredNA6SiteBuiltWindowArea  Type: Float  iPropID:701  lDBID:53701001 
         Rule NEW:  Story:SiteBuiltWinArea / SiteBuiltWindowArea  Type: Float  iPropID:114  lDBID:51114001 
         Rule NEW:  Story:NewOrAltNA6SiteBuiltWinArea / NewOrAltNA6eredNA6SiteBuiltWindowArea  Type: Float  iPropID:115  lDBID:51115001 
         Rule NEW:  Story:SiteBuiltWinAreaWithMult / SiteBuiltWindowAreaWithMultiplier  Type: Float  iPropID:116  lDBID:51116001 
         Rule NEW:  Story:NewOrAltNA6SiteBuiltWinAreaWithMult / NewOrAltNA6eredNA6SiteBuiltWindowAreaWithMultiplier  Type: Float  iPropID:117  lDBID:51117001 
         Rule NEW:  Bldg:SiteBuiltWinArea / SiteBuiltWindowArea  Type: Float  iPropID:198  lDBID:50198001 
         Rule NEW:  Bldg:NewOrAltNA6SiteBuiltWinArea / NewOrAltNA6eredNA6SiteBuiltWindowArea  Type: Float  iPropID:199  lDBID:50199001 
         Rule NEW:  Skylt:SiteBuiltSkyltArea / SiteBuiltSkylightArea  Type: Float  iPropID:22  lDBID:65022001 
         Rule NEW:  Skylt:NewOrAltNA6SiteBuiltSkyltArea / NewOrAltNA6eredNA6SiteBuiltSkylightArea  Type: Float  iPropID:23  lDBID:65023001 
         Rule NEW:  Roof:SiteBuiltSkyltArea / SiteBuiltSkylightArea  Type: Float  iPropID:52  lDBID:61052001 
         Rule NEW:  Roof:NewOrAltNA6SiteBuiltSkyltArea / NewOrAltNA6eredNA6SiteBuiltSkylightArea  Type: Float  iPropID:53  lDBID:61053001 
         Rule NEW:  Spc:SiteBuiltSkyltArea / SiteBuiltSkylightArea  Type: Float  iPropID:702  lDBID:53702001 
         Rule NEW:  Spc:NewOrAltNA6SiteBuiltSkyltArea / NewOrAltNA6eredNA6SiteBuiltSkylightArea  Type: Float  iPropID:703  lDBID:53703001 
         Rule NEW:  Story:SiteBuiltSkyltArea / SiteBuiltSkylightArea  Type: Float  iPropID:118  lDBID:51118001 
         Rule NEW:  Story:NewOrAltNA6SiteBuiltSkyltArea / NewOrAltNA6eredNA6SiteBuiltSkylightArea  Type: Float  iPropID:119  lDBID:51119001 
         Rule NEW:  Story:SiteBuiltSkyltAreaWithMult / SiteBuiltSkylightAreaWithMultiplier  Type: Float  iPropID:120  lDBID:51120001 
         Rule NEW:  Story:NewOrAltNA6SiteBuiltSkyltAreaWithMult / NewOrAltNA6eredNA6SiteBuiltSkylightAreaWithMultiplier  Type: Float  iPropID:121  lDBID:51121001 
         Rule NEW:  Bldg:SiteBuiltSkyltArea / SiteBuiltSkylightArea  Type: Float  iPropID:200  lDBID:50200001 
         Rule NEW:  Bldg:NewOrAltNA6SiteBuiltSkyltArea / NewOrAltNA6eredNA6SiteBuiltSkylightArea  Type: Float  iPropID:201  lDBID:50201001 
         Rule NEW:  Bldg:SiteBuiltFenArea / SiteBuiltFenestrationArea  Type: Float  iPropID:202  lDBID:50202001 
         Rule NEW:  Bldg:NewOrAltNA6SiteBuiltFenArea / NewOrAltNA6eredNA6SiteBuiltFenestrationArea  Type: Float  iPropID:203  lDBID:50203001 
         Rule NEW:  FenCons:FenBaseCat / FenestrationBaselineCategory  Type: Enumeration  iPropID:63  lDBID:44063001 
         Rule NEW:  FenCons:NA6UCoeff1 / NA6UFactorCoefficient1  Type: Float  iPropID:64  lDBID:44064001 
         Rule NEW:  FenCons:NA6UCoeff2 / NA6UFactorCoefficient2  Type: Float  iPropID:65  lDBID:44065001 
         Rule NEW:  FenCons:NA6VTF / NA6VisibleTransmittanceFactor  Type: Float  iPropID:66  lDBID:44066001 
         Rule NEW:  FenCons:DefaultUFactorPrelim / DefaultUFactorPreliminary  Type: Float  iPropID:67  lDBID:44067001 
         Rule NEW:  FenCons:DefaultUFactor / DefaultUFactor  Type: Float  iPropID:68  lDBID:44068001 
         Rule NEW:  FenCons:NA6UFactor / NonResidentialAppendix6UFactor  Type: Float  iPropID:69  lDBID:44069001 
         Rule NEW:  FenCons:DefaultSHGC / CECDefaultSolarHeatGainCoefficient  Type: Float  iPropID:70  lDBID:44070001 
         Rule NEW:  FenCons:NA6SHGC / NonResidentialAppendix6SolarHeatGainCoefficient  Type: Float  iPropID:71  lDBID:44071001 
         Rule NEW:  FenCons:IsPropSHGC / IsProposedSolarHeatGainCoefficient  Type: Float  iPropID:72  lDBID:44072001 
         Rule NEW:  FenCons:NA6VT / NonResidentialAppendixVisibleTranmittance  Type: Float  iPropID:73  lDBID:44073001 
         Rule NEW:  FenCons:MinPresVT / MinimumPrescriptiveVisibleTransmittance  Type: Float  iPropID:74  lDBID:44074001 
         Rule NEW:  FenCons:VTPenaltyFlag / VisibleTransmittancePenaltyFlag  Type: Integer  iPropID:75  lDBID:44075001 
         Rule NEW:  FenCons:VTPenaltyMSG / VisibleTransmittancePenaltyMessage  Type: String  iPropID:76  lDBID:44076001 
         done.

Reading rule file: Fenestration-InsideConvCoef.rule
         Rule NEW:  FenCons:UFactorLimitFlag / UFactorLimitFlag  Type: Integer  iPropID:77  lDBID:44077001 
         Rule NEW:  FenCons:InsideConvCoef / InteriorAirFilmCoefficient  Type: Float  iPropID:78  lDBID:44078001 
         Rule NEW:  FenCons:DebugInsideConvCoefUsed / DebugInsideConvCoefUsed  Type: Integer  iPropID:79  lDBID:44079001 
         Rule NEW:  Proj:DebugInsideConvCoefUsed / DebugInsideConvCoefUsed  Type: Integer  iPropID:862  lDBID:1862001 
         done.

Reading rule file: Lighting-IntLtgSys-General.rule
         Rule NEW:  IntLtgSys:LumRefPresent1 / LuminaireReferencePresent1  Type: Integer  iPropID:40  lDBID:54040001 
         Rule NEW:  IntLtgSys:LumRefPresent2 / LuminaireReferencePresent2  Type: Integer  iPropID:41  lDBID:54041001 
         Rule NEW:  IntLtgSys:LumRefPresent3 / LuminaireReferencePresent3  Type: Integer  iPropID:42  lDBID:54042001 
         Rule NEW:  IntLtgSys:LumRefPresent4 / LuminaireReferencePresent4  Type: Integer  iPropID:43  lDBID:54043001 
         Rule NEW:  IntLtgSys:LumRefPresent5 / LuminaireReferencePresent5  Type: Integer  iPropID:44  lDBID:54044001 
         Rule NEW:  IntLtgSys:LastLumRefPresent / LastLuminaireReferencePresent  Type: Integer  iPropID:45  lDBID:54045001 
         Rule NEW:  IntLtgSys:DefaultLumStatus / DefaultLuminaireStatus  Type: Enumeration  iPropID:46  lDBID:54046001 
         Rule NEW:  IntLtgSys:IsValidLumStatus1 / IsValidLuminaireStatus  Type: Integer  iPropID:47  lDBID:54047001 
         Rule NEW:  IntLtgSys:IsValidLumStatus2 / IsValidLuminaireStatus  Type: Integer  iPropID:48  lDBID:54048001 
         Rule NEW:  IntLtgSys:IsValidLumStatus3 / IsValidLuminaireStatus  Type: Integer  iPropID:49  lDBID:54049001 
         Rule NEW:  IntLtgSys:IsValidLumStatus4 / IsValidLuminaireStatus  Type: Integer  iPropID:50  lDBID:54050001 
         Rule NEW:  IntLtgSys:IsValidLumStatus5 / IsValidLuminaireStatus  Type: Integer  iPropID:51  lDBID:54051001 
         Rule NEW:  IntLtgSys:LumStatusForComp1 / LuminaireStatusForCompliance1  Type: String  iPropID:52  lDBID:54052001 
         Rule NEW:  IntLtgSys:LumStatusForComp2 / LuminaireStatusForCompliance2  Type: String  iPropID:53  lDBID:54053001 
         Rule NEW:  IntLtgSys:LumStatusForComp3 / LuminaireStatusForCompliance3  Type: String  iPropID:54  lDBID:54054001 
         Rule NEW:  IntLtgSys:LumStatusForComp4 / LuminaireStatusForCompliance4  Type: String  iPropID:55  lDBID:54055001 
         Rule NEW:  IntLtgSys:LumStatusForComp5 / LuminaireStatusForCompliance5  Type: String  iPropID:56  lDBID:54056001 
         Rule NEW:  IntLtgSys:IsNewLum1 / LuminaireIsNew1  Type: Integer  iPropID:57  lDBID:54057001 
         Rule NEW:  IntLtgSys:IsNewLum2 / LuminaireIsNew2  Type: Integer  iPropID:58  lDBID:54058001 
         Rule NEW:  IntLtgSys:IsNewLum3 / LuminaireIsNew3  Type: Integer  iPropID:59  lDBID:54059001 
         Rule NEW:  IntLtgSys:IsNewLum4 / LuminaireIsNew4  Type: Integer  iPropID:60  lDBID:54060001 
         Rule NEW:  IntLtgSys:IsNewLum5 / LuminaireIsNew5  Type: Integer  iPropID:61  lDBID:54061001 
         Rule NEW:  IntLtgSys:IsAltLum1 / LuminaireIsAltered1  Type: Integer  iPropID:62  lDBID:54062001 
         Rule NEW:  IntLtgSys:IsAltLum2 / LuminaireIsAltered1  Type: Integer  iPropID:63  lDBID:54063001 
         Rule NEW:  IntLtgSys:IsAltLum3 / LuminaireIsAltered1  Type: Integer  iPropID:64  lDBID:54064001 
         Rule NEW:  IntLtgSys:IsAltLum4 / LuminaireIsAltered1  Type: Integer  iPropID:65  lDBID:54065001 
         Rule NEW:  IntLtgSys:IsAltLum5 / LuminaireIsAltered1  Type: Integer  iPropID:66  lDBID:54066001 
         Rule NEW:  IntLtgSys:IsExsLum1 / LuminaireIsExisting1  Type: Integer  iPropID:67  lDBID:54067001 
         Rule NEW:  IntLtgSys:IsExsLum2 / LuminaireIsExisting2  Type: Integer  iPropID:68  lDBID:54068001 
         Rule NEW:  IntLtgSys:IsExsLum3 / LuminaireIsExisting3  Type: Integer  iPropID:69  lDBID:54069001 
         Rule NEW:  IntLtgSys:IsExsLum4 / LuminaireIsExisting4  Type: Integer  iPropID:70  lDBID:54070001 
         Rule NEW:  IntLtgSys:IsExsLum5 / LuminaireIsExisting5  Type: Integer  iPropID:71  lDBID:54071001 
         Rule NEW:  IntLtgSys:IsFutureLum1 / LuminaireIsFuture1  Type: Integer  iPropID:72  lDBID:54072001 
         Rule NEW:  IntLtgSys:IsFutureLum2 / LuminaireIsFuture2  Type: Integer  iPropID:73  lDBID:54073001 
         Rule NEW:  IntLtgSys:IsFutureLum3 / LuminaireIsFuture13  Type: Integer  iPropID:74  lDBID:54074001 
         Rule NEW:  IntLtgSys:IsFutureLum4 / LuminaireIsFuture4  Type: Integer  iPropID:75  lDBID:54075001 
         Rule NEW:  IntLtgSys:IsFutureLum5 / LuminaireIsFuture5  Type: Integer  iPropID:76  lDBID:54076001 
         Rule NEW:  IntLtgSys:NewLumCnt / NewLuminaireCount  Type: Integer  iPropID:77  lDBID:54077001 
         Rule NEW:  IntLtgSys:AltLumCnt / AlteredLuminaireCount  Type: Integer  iPropID:78  lDBID:54078001 
         Rule NEW:  IntLtgSys:ExistLumCnt / ExistingLuminaireCount  Type: Integer  iPropID:79  lDBID:54079001 
         Rule NEW:  IntLtgSys:FutureLumCnt / ExistingLuminaireCount  Type: Integer  iPropID:80  lDBID:54080001 
         Rule NEW:  ResOtherZn:OccClass / OccClass  Type: Enumeration  iPropID:434  lDBID:71434001 
         Rule NEW:  IntLtgSys:DaylitLum / DaylitLuminaire  Type: Integer  iPropID:81  lDBID:54081001 
         Rule NEW:  IntLtgSys:SkyOrPriSideDaylitLum / SkylitOrPrimarySidelitDaylitLuminaire  Type: Integer  iPropID:82  lDBID:54082001 
         Rule NEW:  IntLtgSys:DisplayPAFDialog2 / DisplayPowerAdjustmentFactorDialog2  Type: Integer  iPropID:83  lDBID:54083001 
         Rule NEW:  IntLtgSys:DisplayPAFDialog3 / DisplayPowerAdjustmentFactorDialog3  Type: Integer  iPropID:84  lDBID:54084001 
         Rule NEW:  IntLtgSys:DisplayPAFDialog4 / DisplayPowerAdjustmentFactorDialog4  Type: Integer  iPropID:85  lDBID:54085001 
         Rule NEW:  IntLtgSys:DisplayPAFDialog5 / DisplayPowerAdjustmentFactorDialog5  Type: Integer  iPropID:86  lDBID:54086001 
         Rule NEW:  IntLtgSys:PAFCombError2 / PowerAdjustmentFactorCombinationError2  Type: Integer  iPropID:87  lDBID:54087001 
         Rule NEW:  IntLtgSys:PAFCombError3 / PowerAdjustmentFactorCombinationError3  Type: Integer  iPropID:88  lDBID:54088001 
         Rule NEW:  IntLtgSys:PAFCombError4 / PowerAdjustmentFactorCombinationError4  Type: Integer  iPropID:89  lDBID:54089001 
         Rule NEW:  IntLtgSys:PAFCombError5 / PowerAdjustmentFactorCombinationError5  Type: Integer  iPropID:90  lDBID:54090001 
         Rule NEW:  Spc:MultLvlLtgCtrlReq / MultLvlLtgCtrlReq  Type: Integer  iPropID:704  lDBID:53704001 
         Rule NEW:  IntLtgSys:ReqDRCPwr / ReqDRCPwr  Type: Float  iPropID:91  lDBID:54091001 
         Rule NEW:  Spc:ReqDRCLtgPwr / ReqDRCLtgPwr  Type: Float  iPropID:705  lDBID:53705001 
         Rule NEW:  Bldg:ReqDRCLtgPwr / ReqDRCLtgPwr  Type: Float  iPropID:204  lDBID:50204001 
         Rule NEW:  IntLtgSys:PAFErrorFlag1 / PowerAdjustmentFactorErrorFlag1  Type: Integer  iPropID:92  lDBID:54092001 
         Rule NEW:  IntLtgSys:PAFErrorFlag2 / PowerAdjustmentFactorErrorFlag2  Type: Integer  iPropID:93  lDBID:54093001 
         Rule NEW:  IntLtgSys:PAFErrorFlag3 / PowerAdjustmentFactorErrorFlag3  Type: Integer  iPropID:94  lDBID:54094001 
         Rule NEW:  IntLtgSys:PAFErrorFlag4 / PowerAdjustmentFactorErrorFlag4  Type: Integer  iPropID:95  lDBID:54095001 
         Rule NEW:  IntLtgSys:PAFErrorFlag5 / PowerAdjustmentFactorErrorFlag5  Type: Integer  iPropID:96  lDBID:54096001 
         Rule NEW:  IntLtgSys:PAFMsg1 / PowerAdjustmentFactorMessage1  Type: String  iPropID:97  lDBID:54097001 
         Rule NEW:  IntLtgSys:PAFMsg2 / PowerAdjustmentFactorMessage2  Type: String  iPropID:98  lDBID:54098001 
         Rule NEW:  IntLtgSys:PAFMsg3 / PowerAdjustmentFactorMessage3  Type: String  iPropID:99  lDBID:54099001 
         Rule NEW:  IntLtgSys:PAFMsg4 / PowerAdjustmentFactorMessage4  Type: String  iPropID:100  lDBID:54100001 
         Rule NEW:  IntLtgSys:PAFMsg5 / PowerAdjustmentFactorMessage5  Type: String  iPropID:101  lDBID:54101001 
         Rule NEW:  IntLtgSys:PAFCreditFlag / PowerAdjustmentFactorCreditFlag  Type: Integer  iPropID:102  lDBID:54102001 
         Rule NEW:  IntLtgSys:RegGenLtgPwr / RegulatedGeneralLightingPower  Type: Float  iPropID:103  lDBID:54103001 
         Rule NEW:  IntLtgSys:CondLumCnt_1 / ConditionedLuminaireCount  Type: Integer  iPropID:104  lDBID:54104001 
         Rule NEW:  IntLtgSys:CondLumCnt_2 / ConditionedLuminaireCount  Type: Integer  iPropID:105  lDBID:54105001 
         Rule NEW:  IntLtgSys:CondLumCnt_3 / ConditionedLuminaireCount  Type: Integer  iPropID:106  lDBID:54106001 
         Rule NEW:  IntLtgSys:CondLumCnt_4 / ConditionedLuminaireCount  Type: Integer  iPropID:107  lDBID:54107001 
         Rule NEW:  IntLtgSys:CondLumCnt_5 / ConditionedLuminaireCount  Type: Integer  iPropID:108  lDBID:54108001 
         Rule NEW:  IntLtgSys:CondLumCntWithMult_1 / ConditionedLuminaireCountWithMultiplier  Type: Integer  iPropID:109  lDBID:54109001 
         Rule NEW:  IntLtgSys:CondLumCntWithMult_2 / ConditionedLuminaireCountWithMultiplier  Type: Integer  iPropID:110  lDBID:54110001 
         Rule NEW:  IntLtgSys:CondLumCntWithMult_3 / ConditionedLuminaireCountWithMultiplier  Type: Integer  iPropID:111  lDBID:54111001 
         Rule NEW:  IntLtgSys:CondLumCntWithMult_4 / ConditionedLuminaireCountWithMultiplier  Type: Integer  iPropID:112  lDBID:54112001 
         Rule NEW:  IntLtgSys:CondLumCntWithMult_5 / ConditionedLuminaireCountWithMultiplier  Type: Integer  iPropID:113  lDBID:54113001 
         Rule NEW:  IntLtgSys:UncondLumCnt_1 / UnconditionedLuminaireCount  Type: Integer  iPropID:114  lDBID:54114001 
         Rule NEW:  IntLtgSys:UncondLumCnt_2 / UnconditionedLuminaireCount  Type: Integer  iPropID:115  lDBID:54115001 
         Rule NEW:  IntLtgSys:UncondLumCnt_3 / UnconditionedLuminaireCount  Type: Integer  iPropID:116  lDBID:54116001 
         Rule NEW:  IntLtgSys:UncondLumCnt_4 / UnconditionedLuminaireCount  Type: Integer  iPropID:117  lDBID:54117001 
         Rule NEW:  IntLtgSys:UncondLumCnt_5 / UnconditionedLuminaireCount  Type: Integer  iPropID:118  lDBID:54118001 
         Rule NEW:  IntLtgSys:UncondLumCntWithMult_1 / UnconditionedLuminaireCountWithMultiplier  Type: Integer  iPropID:119  lDBID:54119001 
         Rule NEW:  IntLtgSys:UncondLumCntWithMult_2 / UnconditionedLuminaireCountWithMultiplier  Type: Integer  iPropID:120  lDBID:54120001 
         Rule NEW:  IntLtgSys:UncondLumCntWithMult_3 / UnconditionedLuminaireCountWithMultiplier  Type: Integer  iPropID:121  lDBID:54121001 
         Rule NEW:  IntLtgSys:UncondLumCntWithMult_4 / UnconditionedLuminaireCountWithMultiplier  Type: Integer  iPropID:122  lDBID:54122001 
         Rule NEW:  IntLtgSys:UncondLumCntWithMult_5 / UnconditionedLuminaireCountWithMultiplier  Type: Integer  iPropID:123  lDBID:54123001 
         Rule NEW:  IntLtgSys:IsAcceptanceTestReqd1 / IsAcceptanceTestRequired1  Type: Integer  iPropID:124  lDBID:54124001 
         Rule NEW:  IntLtgSys:IsAcceptanceTestReqd2 / IsAcceptanceTestRequired2  Type: Integer  iPropID:125  lDBID:54125001 
         Rule NEW:  IntLtgSys:IsAcceptanceTestReqd3 / IsAcceptanceTestRequired3  Type: Integer  iPropID:126  lDBID:54126001 
         Rule NEW:  IntLtgSys:IsAcceptanceTestReqd4 / IsAcceptanceTestRequired4  Type: Integer  iPropID:127  lDBID:54127001 
         Rule NEW:  IntLtgSys:IsAcceptanceTestReqd5 / IsAcceptanceTestRequired5  Type: Integer  iPropID:128  lDBID:54128001 
         Rule NEW:  IntLtgSys:LtgCtrlCnt1 / LightingControlCount1  Type: Integer  iPropID:129  lDBID:54129001 
         Rule NEW:  IntLtgSys:LtgCtrlCnt2 / LightingControlCount2  Type: Integer  iPropID:130  lDBID:54130001 
         Rule NEW:  IntLtgSys:LtgCtrlCnt3 / LightingControlCount3  Type: Integer  iPropID:131  lDBID:54131001 
         Rule NEW:  IntLtgSys:LtgCtrlCnt4 / LightingControlCount4  Type: Integer  iPropID:132  lDBID:54132001 
         Rule NEW:  IntLtgSys:LtgCtrlCnt5 / LightingControlCount5  Type: Integer  iPropID:133  lDBID:54133001 
         done.

Reading rule file: Lighting-IntLtgSys-Allowances_T24N.rule
         Rule NEW:  IntLtgSys:ACMDetTaskDsgn / AreaCategoryMethodDetailedTaskDesign  Type: Float  iPropID:134  lDBID:54134001 
         Rule NEW:  IntLtgSys:ACMDetTaskMax / ACMDetTaskMax  Type: Float  iPropID:135  lDBID:54135001 
         Rule NEW:  IntLtgSys:ACMSpecTaskDsgn / AreaCategoryMethodSpecializedTaskDesign  Type: Float  iPropID:136  lDBID:54136001 
         Rule NEW:  IntLtgSys:ACMSpecTaskMax / ACMSpecTaskMax  Type: Float  iPropID:137  lDBID:54137001 
         Rule NEW:  IntLtgSys:ACMDecorativeDsgn / AreaCategoryMethodDisplayDesign  Type: Float  iPropID:138  lDBID:54138001 
         Rule NEW:  IntLtgSys:ACMDecorativeMax / ACMDecorativeMax  Type: Float  iPropID:139  lDBID:54139001 
         Rule NEW:  IntLtgSys:AMCPrecDsgn / AreaCategoryMethodPrecisionDesign  Type: Float  iPropID:140  lDBID:54140001 
         Rule NEW:  IntLtgSys:ACMPrecMax / ACMPrecMax  Type: Float  iPropID:141  lDBID:54141001 
         Rule NEW:  IntLtgSys:AMCWhtOrChkDsgn / AreaCategoryMethodWhiteOrChalkBoardDesign  Type: Float  iPropID:142  lDBID:54142001 
         Rule NEW:  IntLtgSys:ACMWhtOrChkMax / ACMWhtOrChkMax  Type: Float  iPropID:143  lDBID:54143001 
         Rule NEW:  IntLtgSys:ACMVideoDsgn / AreaCategoryMethodVideoConferencingStudioDesign  Type: Float  iPropID:144  lDBID:54144001 
         Rule NEW:  IntLtgSys:ACMVideoMax / ACMVideoMax  Type: Float  iPropID:145  lDBID:54145001 
         Rule NEW:  IntLtgSys:ACMPrkgATMDsgn / AreaCategoryMethodParkingATMAllowance  Type: Float  iPropID:146  lDBID:54146001 
         Rule NEW:  IntLtgSys:ACMPortOffLtgDsgn / AreaCategoryMethodPortableOfficeLightingDesign  Type: Float  iPropID:147  lDBID:54147001 
         Rule NEW:  IntLtgSys:ACMPortOffLtgMax / ACMPortOffLtgMax  Type: Float  iPropID:148  lDBID:54148001 
         Rule NEW:  IntLtgSys:ACMExtIllumMirrorDsgn / AreaCategoryMethodExternalIlluminatedMirrorDesign  Type: Float  iPropID:149  lDBID:54149001 
         Rule NEW:  IntLtgSys:ACMExtIllumMirrorMax / ACMExtIllumMirrorMax  Type: Float  iPropID:150  lDBID:54150001 
         Rule NEW:  IntLtgSys:ACMIntIllumMirrorDsgn / AreaCategoryMethodInternalIlluminatedMirrorDesign  Type: Float  iPropID:151  lDBID:54151001 
         Rule NEW:  IntLtgSys:ACMIntIllumMirrorMax / ACMIntIllumMirrorMax  Type: Float  iPropID:152  lDBID:54152001 
         Rule NEW:  IntLtgSys:ACMTransLtgOffAtNightDsgn / AreaCategoryMethodTransitionLightingOffAtNightDesign  Type: Float  iPropID:153  lDBID:54153001 
         Rule NEW:  IntLtgSys:ACMTransLtgOffAtNightMax / ACMTransLtgOffAtNightMax  Type: Float  iPropID:154  lDBID:54154001 
         Rule NEW:  IntLtgSys:ACMTunWhtOrDimToWarmDsgn / AreaCategoryMethodTunableWhiteOrDimToWarmDesign  Type: Float  iPropID:155  lDBID:54155001 
         Rule NEW:  IntLtgSys:ACMTunWhtOrDimToWarmMax / ACMTunWhtOrDimToWarmMax  Type: Float  iPropID:156  lDBID:54156001 
         Rule NEW:  IntLtgSys:AMCWallDispDsgn / AreaCategoryMethodWallDisplayDesign  Type: Float  iPropID:157  lDBID:54157001 
         Rule NEW:  IntLtgSys:ACMWallDispMax / ACMWallDispMax  Type: Float  iPropID:158  lDBID:54158001 
         Rule NEW:  IntLtgSys:AMCFlrDispTaskTaskDsgn / AreaCategoryMethodFloorDisplayAndTaskDesign  Type: Float  iPropID:159  lDBID:54159001 
         Rule NEW:  IntLtgSys:ACMFlrDispTaskTaskMax / ACMFlrDispTaskTaskMax  Type: Float  iPropID:160  lDBID:54160001 
         Rule NEW:  IntLtgSys:AMCValDispDsgn / AreaCategoryMethodValuableDisplayCaseDesign  Type: Float  iPropID:161  lDBID:54161001 
         Rule NEW:  IntLtgSys:ACMValDispMax / ACMValDispMax  Type: Float  iPropID:162  lDBID:54162001 
         done.

Reading rule file: Lighting-Space-General.rule
         Rule NEW:  Spc:NewLumCnt / NewLuminaireCount  Type: Integer  iPropID:706  lDBID:53706001 
         Rule NEW:  Spc:AltLumCnt / AlteredLumCount  Type: Integer  iPropID:707  lDBID:53707001 
         Rule NEW:  Spc:ExistLumCnt / ExistingLuminaireCount  Type: Integer  iPropID:708  lDBID:53708001 
         Rule NEW:  Spc:FutureLumCnt / FutureLuminaireCount  Type: Integer  iPropID:709  lDBID:53709001 
         Rule NEW:  Spc:TotLumCnt / TotalLuminaireCount  Type: Integer  iPropID:710  lDBID:53710001 
         Rule NEW:  Spc:AltLumFrac / AlteredLuminaireFraction  Type: Float  iPropID:711  lDBID:53711001 
         Rule NEW:  Spc:SpcOverallLumStatus / SpaceOverallLuminaireStatus  Type: String  iPropID:712  lDBID:53712001 
         Rule NEW:  Spc:DefaultLtgStatus / DefaultLightingStatus  Type: Enumeration  iPropID:713  lDBID:53713001 
         Rule NEW:  Spc:IsValidLtgStatus / IsValidLightingStatus  Type: Integer  iPropID:714  lDBID:53714001 
         Rule NEW:  Spc:LtgStatusForComp / StatusForCompliance  Type: String  iPropID:715  lDBID:53715001 
         Rule NEW:  Spc:IsNewLtg / IsNewLighting  Type: Integer  iPropID:716  lDBID:53716001 
         Rule NEW:  Spc:IsAlteredLtg / IsAlteredLighting  Type: Integer  iPropID:717  lDBID:53717001 
         Rule NEW:  Spc:IsExistingLtg / IsExistingLighting  Type: Integer  iPropID:718  lDBID:53718001 
         Rule NEW:  Spc:IsFutureLtg / IsExistingLighting  Type: Integer  iPropID:719  lDBID:53719001 
         Rule NEW:  Spc:ApplyStdLtg / ApplyStandardLighting  Type: Integer  iPropID:720  lDBID:53720001 
         Rule NEW:  Spc:ACMBaseGenLPD / AreaCategoryMethodGeneralLPD  Type: Float  iPropID:721  lDBID:53721001 
         Rule NEW:  Spc:ACMBaseGenPwr / AreaCategoryMethodGeneralPower  Type: Float  iPropID:722  lDBID:53722001 
         Rule NEW:  Spc:TMGenTaskHgt / TailoredMethodGeneralTaskHeight  Type: Float  iPropID:723  lDBID:53723001 
         Rule NEW:  Spc:RegBaseGenLPD / RegulatedBaselineGeneralLightingPowerDensity  Type: Float  iPropID:724  lDBID:53724001 
         Rule NEW:  Spc:RegBaseGenPwr / RegulatedBaselineGeneralPower  Type: Float  iPropID:725  lDBID:53725001 
         Rule NEW:  Spc:RegGenAddlAllowPwr / RegulatedGeneralAdditionalAllowancePower  Type: Float  iPropID:726  lDBID:53726001 
         Rule NEW:  Spc:LowVTLPDAdj / LowVisibleTransmittanceLPDAdjustment  Type: Float  iPropID:727  lDBID:53727001 
         Rule NEW:  Spc:LPDUIDispToggle / LightingPowerDensityUIDisplayToggle  Type: Integer  iPropID:728  lDBID:53728001 
         Rule NEW:  Spc:NonRegLtgPwr / NonRegLtgPwr  Type: Float  iPropID:729  lDBID:53729001 
         Rule NEW:  Spc:RegInstLtgPwr / RegulatedInstalledLightingPower  Type: Float  iPropID:730  lDBID:53730001 
         Rule NEW:  Spc:RegInstLPD / RegulatedInstalledLightingPowerDensity  Type: Float  iPropID:731  lDBID:53731001 
         Rule NEW:  Spc:RegLtgPwrFlag / RegulatedLightingPowerFlag  Type: Integer  iPropID:732  lDBID:53732001 
         Rule NEW:  Spc:NonRegLtgPwrFlag / NonRegulatedLightingPowerFlag  Type: Integer  iPropID:733  lDBID:53733001 
         Rule NEW:  Spc:ZeroLtgPwrFlag / ZeroLightingPowerFlag  Type: Integer  iPropID:734  lDBID:53734001 
         done.

Reading rule file: Lighting-Space-Allowances_T24N.rule
         Rule NEW:  Spc:ACMPrkgATMQty / ACMPrkgATMQty  Type: Float  iPropID:735  lDBID:53735001 
         Rule NEW:  Spc:ACMDetTaskAllow / ACMDetTaskAllow  Type: Float  iPropID:736  lDBID:53736001 
         Rule NEW:  Spc:ACMSpecTaskAllow / ACMSpecTaskAllow  Type: Float  iPropID:737  lDBID:53737001 
         Rule NEW:  Spc:ACMDecorativeAllow / ACMDecorativeAllow  Type: Float  iPropID:738  lDBID:53738001 
         Rule NEW:  Spc:AMCPrecAllow / AMCPrecAllow  Type: Float  iPropID:739  lDBID:53739001 
         Rule NEW:  Spc:WhtOrChkAllow / WhtOrChkAllow  Type: Float  iPropID:740  lDBID:53740001 
         Rule NEW:  Spc:ACMVideoAllow / ACMVideoAllow  Type: Float  iPropID:741  lDBID:53741001 
         Rule NEW:  Spc:ACMPrkgATMAllow / ACMPrkgATMAllow  Type: Float  iPropID:742  lDBID:53742001 
         Rule NEW:  Spc:ACMPortOffLtgAllow / ACMPortOffLtgAllow  Type: Float  iPropID:743  lDBID:53743001 
         Rule NEW:  Spc:ACMExtIllumMirrorAllow / ACMExtIllumMirrorAllow  Type: Float  iPropID:744  lDBID:53744001 
         Rule NEW:  Spc:ACMIntIllumMirrorAllow / ACMIntIllumMirrorAllow  Type: Float  iPropID:745  lDBID:53745001 
         Rule NEW:  Spc:ACMTransLtgOffAtNightAllow / ACMTransLtgOffAtNightAllow  Type: Float  iPropID:746  lDBID:53746001 
         Rule NEW:  Spc:ACMTunWhtOrDimToWarmAllow / ACMTunWhtOrDimToWarmAllow  Type: Float  iPropID:747  lDBID:53747001 
         Rule NEW:  Spc:ACMWallDispAllow / ACMWallDispAllow  Type: Float  iPropID:748  lDBID:53748001 
         Rule NEW:  Spc:ACMFlrDispTaskTaskAllow / ACMFlrDispTaskTaskAllow  Type: Float  iPropID:749  lDBID:53749001 
         Rule NEW:  Spc:ACMValDispAllow / ACMValDispAllow  Type: Float  iPropID:750  lDBID:53750001 
         Rule NEW:  Spc:ACMTotAllowLPD / AreaCategoryMethodTotalAllowanceLightingPowerDensity  Type: Float  iPropID:751  lDBID:53751001 
         Rule NEW:  Spc:RegAddlAllowPwr / RegulatedAdditionalAllowancePower  Type: Float  iPropID:752  lDBID:53752001 
         Rule NEW:  Spc:RegAddlAllowFlag / RegulatedAdditionalAllowanceFlag  Type: Integer  iPropID:753  lDBID:53753001 
         done.

Reading rule file: Lighting-Schedules.rule
         done.

Reading rule file: Lighting-HeatGainDistribution.rule
         Rule NEW:  IntLtgSys:LumHtGnSpcFracXPwr1 / LumHtGnSpcFracXPwr1  Type: Float  iPropID:163  lDBID:54163001 
         Rule NEW:  IntLtgSys:LumHtGnSpcFracXPwr2 / LumHtGnSpcFracXPwr2  Type: Float  iPropID:164  lDBID:54164001 
         Rule NEW:  IntLtgSys:LumHtGnSpcFracXPwr3 / LumHtGnSpcFracXPwr3  Type: Float  iPropID:165  lDBID:54165001 
         Rule NEW:  IntLtgSys:LumHtGnSpcFracXPwr4 / LumHtGnSpcFracXPwr4  Type: Float  iPropID:166  lDBID:54166001 
         Rule NEW:  IntLtgSys:LumHtGnSpcFracXPwr5 / LumHtGnSpcFracXPwr5  Type: Float  iPropID:167  lDBID:54167001 
         Rule NEW:  IntLtgSys:LumHtGnSpcFracXPwr / LumHtGnSpcFracXPwr  Type: Float  iPropID:168  lDBID:54168001 
         Rule NEW:  IntLtgSys:LumHtGnRadFracXPwr1 / LumHtGnRadFracXPwr1  Type: Float  iPropID:169  lDBID:54169001 
         Rule NEW:  IntLtgSys:LumHtGnRadFracXPwr2 / LumHtGnRadFracXPwr2  Type: Float  iPropID:170  lDBID:54170001 
         Rule NEW:  IntLtgSys:LumHtGnRadFracXPwr3 / LumHtGnRadFracXPwr3  Type: Float  iPropID:171  lDBID:54171001 
         Rule NEW:  IntLtgSys:LumHtGnRadFracXPwr4 / LumHtGnRadFracXPwr4  Type: Float  iPropID:172  lDBID:54172001 
         Rule NEW:  IntLtgSys:LumHtGnRadFracXPwr5 / LumHtGnRadFracXPwr5  Type: Float  iPropID:173  lDBID:54173001 
         Rule NEW:  IntLtgSys:LumHtGnRadFracXPwr / LumHtGnRadFracXPwr  Type: Float  iPropID:174  lDBID:54174001 
         Rule NEW:  IntLtgSys:RegHtGnSpcFrac / RegulatedHeatGainSpaceFraction  Type: Float  iPropID:175  lDBID:54175001 
         Rule NEW:  IntLtgSys:RegHtGnRadFrac / RegulatedHeatGainRadiantFraction  Type: Float  iPropID:176  lDBID:54176001 
         Rule NEW:  IntLtgSys:RegHtGnSpcFracXPwr / RegulatedHeatGainSpaceFractionXPower  Type: Float  iPropID:177  lDBID:54177001 
         Rule NEW:  IntLtgSys:RegHtGnRadFracXPwr / RegulatedHeatGainRadiantFractionXPower  Type: Float  iPropID:178  lDBID:54178001 
         Rule NEW:  IntLtgSys:NonRegHtGnSpcFrac / NonRegulatedHeatGainSpaceFraction  Type: Float  iPropID:179  lDBID:54179001 
         Rule NEW:  IntLtgSys:NonRegHtGnRadFrac / NonRegulatedHeatGainRadiantFraction  Type: Float  iPropID:180  lDBID:54180001 
         Rule NEW:  IntLtgSys:NonRegHtGnSpcFracXPwr / NonRegulatedHeatGainSpaceFractionXPower  Type: Float  iPropID:181  lDBID:54181001 
         Rule NEW:  IntLtgSys:NonRegHtGnRadFracXPwr / NonRegulatedHeatGainRadiantFractionXPower  Type: Float  iPropID:182  lDBID:54182001 
         done.

Reading rule file: Daylighting - MinPwr_Ltg FracAggregation.rule
         Rule NEW:  Lum:MinDimPwrFrac / MinimumDimmingPowerFraction  Type: Float  iPropID:21  lDBID:49021001 
         Rule NEW:  Lum:MinDimLtgFrac / MinimumDimmingLightFraction  Type: Float  iPropID:22  lDBID:49022001 
         Rule NEW:  IntLtgSys:LumMinDimPwrFracXPwr1 / LumMinDimPwrFracXPwr1  Type: Float  iPropID:183  lDBID:54183001 
         Rule NEW:  IntLtgSys:LumMinDimPwrFracXPwr2 / LumMinDimPwrFracXPwr2  Type: Float  iPropID:184  lDBID:54184001 
         Rule NEW:  IntLtgSys:LumMinDimPwrFracXPwr3 / LumMinDimPwrFracXPwr3  Type: Float  iPropID:185  lDBID:54185001 
         Rule NEW:  IntLtgSys:LumMinDimPwrFracXPwr4 / LumMinDimPwrFracXPwr4  Type: Float  iPropID:186  lDBID:54186001 
         Rule NEW:  IntLtgSys:LumMinDimPwrFracXPwr5 / LumMinDimPwrFracXPwr5  Type: Float  iPropID:187  lDBID:54187001 
         Rule NEW:  IntLtgSys:LumMinDimPwrFracXPwr / LumMinDimPwrFracXPwr  Type: Float  iPropID:188  lDBID:54188001 
         Rule NEW:  IntLtgSys:LumMinDimLtgFracXPwr1 / LumMinDimLtgFracXPwr1  Type: Float  iPropID:189  lDBID:54189001 
         Rule NEW:  IntLtgSys:LumMinDimLtgFracXPwr2 / LumMinDimLtgFracXPwr2  Type: Float  iPropID:190  lDBID:54190001 
         Rule NEW:  IntLtgSys:LumMinDimLtgFracXPwr3 / LumMinDimLtgFracXPwr3  Type: Float  iPropID:191  lDBID:54191001 
         Rule NEW:  IntLtgSys:LumMinDimLtgFracXPwr4 / LumMinDimLtgFracXPwr4  Type: Float  iPropID:192  lDBID:54192001 
         Rule NEW:  IntLtgSys:LumMinDimLtgFracXPwr5 / LumMinDimLtgFracXPwr5  Type: Float  iPropID:193  lDBID:54193001 
         Rule NEW:  IntLtgSys:LumMinDimLtgFracXPwr / LumMinDimLtgFracXPwr  Type: Float  iPropID:194  lDBID:54194001 
         Rule NEW:  IntLtgSys:MinDimPwrFrac / MinimumDimmingPowerFraction  Type: Float  iPropID:195  lDBID:54195001 
         Rule NEW:  IntLtgSys:MinDimPwrFracXPwr / MinimumDimmingPowerFractionXPower  Type: Float  iPropID:196  lDBID:54196001 
         Rule NEW:  IntLtgSys:MinDimLtgFrac / MinimumDimmingPowerFraction  Type: Float  iPropID:197  lDBID:54197001 
         Rule NEW:  IntLtgSys:MinDimLtgFracXPwr / MinimumDimmingLightFractionXPower  Type: Float  iPropID:198  lDBID:54198001 
         done.

Reading rule file: Daylighting_DaylitZones.rule
         Rule NEW:  Spc:MaxIllumSetpt / MaximumIlluminanceSetPoint  Type: Float  iPropID:754  lDBID:53754001 
         Rule NEW:  Spc:MinIllumSetpt / MinimumIlluminanceSetPoint  Type: Float  iPropID:755  lDBID:53755001 
         Rule NEW:  Spc:SkylitDayltgIllumSetptFlag / SkylitDaylightingIlluminanceSetPointFlag  Type: Integer  iPropID:756  lDBID:53756001 
         Rule NEW:  Spc:PriSideDayltgIllumSetptFlag / PrimarySidelitDaylightingIlluminanceSetPointWarning  Type: Integer  iPropID:757  lDBID:53757001 
         Rule NEW:  Spc:SecSideDayltgIllumSetptFlag / SecondarySidelitDayltgIlluminanceSetPointWarning  Type: Integer  iPropID:758  lDBID:53758001 
         Rule NEW:  Spc:SrcVarDaylitArea / SourceVariableDaylitArea  Type: Float  iPropID:759  lDBID:53759001 
         Rule NEW:  Spc:SrcVarSkylitDaylitArea / SourceVariableSkylitDaylitArea  Type: Float  iPropID:760  lDBID:53760001 
         Rule NEW:  Spc:SrcVarPriSideDaylitArea / SourceVariablePrimarySidelitDaylitArea  Type: Float  iPropID:761  lDBID:53761001 
         Rule NEW:  Spc:SrcVarSecSideDaylitArea / SourceVariableSecondarySidelitDaylitArea  Type: Float  iPropID:762  lDBID:53762001 
         Rule NEW:  Spc:SrcVarSkylitDayltgRefPtCoordX / SourceVariableSkylitDaylitReferencePointCoordinateX  Type: Float  iPropID:763  lDBID:53763001 
         Rule NEW:  Spc:SrcVarSkylitDayltgRefPtCoordY / SourceVariableSkylitDaylitReferencePointCoordinateY  Type: Float  iPropID:764  lDBID:53764001 
         Rule NEW:  Spc:SrcVarSkylitRDP / SourceVariableSkylitRelativeDaylightPotential  Type: Float  iPropID:765  lDBID:53765001 
         Rule NEW:  Spc:SrcVarSkylitDayltgRefPtEffAp / SourceVariableSkylitDaylightingReferencePointEffectiveApperture  Type: Float  iPropID:766  lDBID:53766001 
         Rule NEW:  Spc:SrcVarSkylitDayltgRefPtSrcOrient / SourceVariableSkylitDaylightingReferencePointSourceOrientation  Type: Float  iPropID:767  lDBID:53767001 
         Rule NEW:  Spc:SrcVarPriSideDayltgRefPtCoordX / SourceVariablePrimarySidelitDaylitReferencePointCoordinateX  Type: Float  iPropID:768  lDBID:53768001 
         Rule NEW:  Spc:SrcVarPriSideDayltgRefPtCoordY / SourceVariablePrimarySidelitDaylitReferencePointCoordinateY  Type: Float  iPropID:769  lDBID:53769001 
         Rule NEW:  Spc:SrcVarPriSideRDP / SourceVariablePrimarySidelitRelativeDaylightPotential  Type: Float  iPropID:770  lDBID:53770001 
         Rule NEW:  Spc:SrcVarPriSideDayltgRefPtEffAp / SourceVariablePrimarySidelitDaylightingReferencePointEffectiveApperture  Type: Float  iPropID:771  lDBID:53771001 
         Rule NEW:  Spc:SrcVarPriSideDayltgRefPtSrcOrient / SourceVariablePrimarySidelitDaylightingReferencePointSourceOrientation  Type: Float  iPropID:772  lDBID:53772001 
         Rule NEW:  Spc:SrcVarSecSideDayltgRefPtCoordX / SourceVariableSecondarySidelitDaylitReferencePointCoordinateX  Type: Float  iPropID:773  lDBID:53773001 
         Rule NEW:  Spc:SrcVarSecSideDayltgRefPtCoordY / SourceVariableSecondarySidelitDaylitReferencePointCoordinateY  Type: Float  iPropID:774  lDBID:53774001 
         Rule NEW:  Spc:SrcVarSecSideRDP / SourceVariableSecondarySidelitRelativeDaylightPotential  Type: Float  iPropID:775  lDBID:53775001 
         Rule NEW:  Spc:SrcVarSecSideDayltgRefPtEffAp / SourceVariableSecondarySidelitDaylightingReferencePointEffectiveApperture  Type: Float  iPropID:776  lDBID:53776001 
         Rule NEW:  Spc:SrcVarSecSideDayltgRefPtSrcOrient / SourceVariableSecondarySidelitDaylightingReferencePointSourceOrientation  Type: Float  iPropID:777  lDBID:53777001 
         Rule NEW:  Spc:DaylitAreaMsg1 / DaylitAreaMessage1  Type: String  iPropID:778  lDBID:53778001 
         Rule NEW:  Spc:DaylitAreaMsg2 / DaylitAreaMessage2  Type: String  iPropID:779  lDBID:53779001 
         Rule NEW:  Spc:SkylitDayltgRefPtCoordCheck / SkylitDaylightingReferencePointCoordinateCheck  Type: String  iPropID:780  lDBID:53780001 
         Rule NEW:  Spc:PriSideDayltgRefPtCoordCheck / PrimarySidelitDaylightingReferencePointCoordinateCheck  Type: String  iPropID:781  lDBID:53781001 
         Rule NEW:  Spc:SecSideDayltgRefPtCoordCheck / SecondarySidelitDaylightingReferencePointCoordinateCheck  Type: String  iPropID:782  lDBID:53782001 
         done.

Reading rule file: Daylighting_Spc.rule
         Rule NEW:  Spc:MandDayltgExcepFlag / MandatoryDaylightingExceptionFlag  Type: Integer  iPropID:783  lDBID:53783001 
         Rule NEW:  Spc:ApplyStdDayltg / ApplyStandardDaylighting  Type: Integer  iPropID:784  lDBID:53784001 
         Rule NEW:  Spc:SkylitDayltgSimLtgPwr / SkylitDaylightingSimulatedLightingPower  Type: Float  iPropID:785  lDBID:53785001 
         Rule NEW:  Spc:PriSideDayltgSimLtgPwr / PrimarySidelitDaylightingSimulatedLightingPower  Type: Float  iPropID:786  lDBID:53786001 
         Rule NEW:  Spc:SecSideDayltgSimLtgPwr / SecondarySidelitDaylightingSimulatedLightingPower  Type: Float  iPropID:787  lDBID:53787001 
         Rule NEW:  Spc:SkylitDayltgCtrlReq / SkylitDaylightingControlRequired  Type: Integer  iPropID:788  lDBID:53788001 
         Rule NEW:  Spc:PriSideDayltgCtrlReq / PrimarySidelitDaylightingControlRequired  Type: Integer  iPropID:789  lDBID:53789001 
         Rule NEW:  Spc:SecSideDayltgCtrlReq / SecondarySidelitDaylightingControlRequired  Type: Integer  iPropID:790  lDBID:53790001 
         Rule NEW:  Spc:DayltgCtrlLtgPwr / DaylightingControlledLightnigPower  Type: Integer  iPropID:791  lDBID:53791001 
         Rule NEW:  Spc:HasDayltgCtrl / HaveDaylightingControl  Type: Integer  iPropID:792  lDBID:53792001 
         Rule NEW:  Spc:MinDimPwrFracSim / MinDimPwrFracSim  Type: Float  iPropID:793  lDBID:53793001 
         Rule NEW:  Spc:MinDimLtgFracSim / MinDimLtgFracSim  Type: Float  iPropID:794  lDBID:53794001 
         Rule NEW:  Spc:DaylitAreaReqFlag / DaylitAreaRequirementFlag  Type: Integer  iPropID:795  lDBID:53795001 
         done.

Reading rule file: Daylighting_ThrmlZn.rule
         Rule NEW:  ThrmlZn:SkylitDaylitArea / SkylitDaylitArea  Type: Float  iPropID:148  lDBID:97148001 
         Rule NEW:  ThrmlZn:PriSideDaylitArea / PrimarySidelitDaylitArea  Type: Float  iPropID:149  lDBID:97149001 
         Rule NEW:  ThrmlZn:SecSideDaylitArea / SecondarySidelitDaylitArea  Type: Float  iPropID:150  lDBID:97150001 
         Rule NEW:  ThrmlZn:SkylitMaxRDP / DaylightingControl1Type  Type: Float  iPropID:151  lDBID:97151001 
         Rule NEW:  ThrmlZn:PriSideMaxRDP / DaylightingControl1Type  Type: Float  iPropID:152  lDBID:97152001 
         Rule NEW:  ThrmlZn:SecSideMaxRDP / DaylightingControl1Type  Type: Float  iPropID:153  lDBID:97153001 
         Rule NEW:  ThrmlZn:DayltgCtrl1ZnType / DaylightingControl1ZoneType  Type: String  iPropID:154  lDBID:97154001 
         Rule NEW:  ThrmlZn:DayltgCtrl2ZnType / DaylightingControl1ZoneType  Type: String  iPropID:155  lDBID:97155001 
         Rule NEW:  ThrmlZn:DayltgCtrl1Cat / DaylightingControl1Category  Type: String  iPropID:156  lDBID:97156001 
         Rule NEW:  ThrmlZn:DayltgCtrl2Cat / DaylightingControl2Category  Type: String  iPropID:157  lDBID:97157001 
         Rule NEW:  ThrmlZn:SkylitDayltgCtrlLtgPwr / SkylitDaylightingControlledLightingPower  Type: Float  iPropID:158  lDBID:97158001 
         Rule NEW:  ThrmlZn:PriSideDayltgCtrlLtgPwr / PrimarySideDaylightingControlledLightingPower  Type: Float  iPropID:159  lDBID:97159001 
         Rule NEW:  ThrmlZn:SecSideDayltgCtrlLtgPwr / SecondarySideDaylightingControlledLightingPower  Type: Float  iPropID:160  lDBID:97160001 
         Rule NEW:  ThrmlZn:DayltgCtrlLtgPwr1 / DaylightingControlLightingPower1  Type: Float  iPropID:161  lDBID:97161001 
         Rule NEW:  ThrmlZn:DayltgCtrlLtgPwr2 / DaylightingControlLightingPower2  Type: Float  iPropID:162  lDBID:97162001 
         Rule NEW:  ThrmlZn:TotDayltgCtrlLtgPwr / TotalDaylightingControlLightingPower  Type: Float  iPropID:163  lDBID:97163001 
         Rule NEW:  ThrmlZn:RegLtgPwr / RegulatedLightingPower  Type: Float  iPropID:164  lDBID:97164001 
         Rule NEW:  ThrmlZn:DayltgRefPtRepSpc1Ref / DaylightingReferencePointRepresentativeSpace1Reference  Type: ObjectRef (Spc)  iPropID:165  lDBID:97165001 
         Rule NEW:  ThrmlZn:DayltgRefPtRepSpc2Ref / DaylightingReferencePointRepresentativeSpace2Reference  Type: ObjectRef (Spc)  iPropID:166  lDBID:97166001 
         Rule NEW:  ThrmlZn:DayltgCtrlRepSpcRef / DaylightingControlRepresentativeSpaceReference  Type: ObjectRef (Spc)  iPropID:167  lDBID:97167001 
         done.

Reading rule file: OpaqueEnvelope-UndergroundFloors.rule
         Rule NEW:  UndgrFlr:IsNew / IsNew  Type: Integer  iPropID:18  lDBID:62018001 
         Rule NEW:  UndgrFlr:IsAltered / IsAltered  Type: Integer  iPropID:19  lDBID:62019001 
         Rule NEW:  UndgrFlr:IsExisting / IsExisting  Type: Integer  iPropID:20  lDBID:62020001 
         Rule NEW:  UndgrFlr:RadSurfRef / RadiantSurfaceReference  Type: ObjectRef (UndgrFlr)  iPropID:21  lDBID:62021001 
         Rule NEW:  UndgrFlr:AreaNew / AreaNew  Type: Float  iPropID:22  lDBID:62022001 
         Rule NEW:  UndgrFlr:AreaAltered / AreaAltered  Type: Float  iPropID:23  lDBID:62023001 
         Rule NEW:  UndgrFlr:AreaExisting / AreaExisting  Type: Float  iPropID:24  lDBID:62024001 
         Rule NEW:  UndgrFlr:SlabType / SlabType  Type: Enumeration  iPropID:25  lDBID:62025001 
         Rule NEW:  UndgrFlr:SlabTypeBoolean / SlabTypeBoolean  Type: Integer  iPropID:26  lDBID:62026001 
         Rule NEW:  Spc:SlabTypeCount / SlabTypeCount  Type: Integer  iPropID:796  lDBID:53796001 
         Rule NEW:  UndgrFlr:HtdOrUnhtd / HtdOrUnhtd  Type: Enumeration  iPropID:27  lDBID:62027001 
         Rule NEW:  UndgrFlr:SlabInsOrientation / SlabInsOrientation  Type: Enumeration  iPropID:28  lDBID:62028001 
         Rule NEW:  UndgrFlr:SlabInsThrmlR / SlabInsThrmlR  Type: Enumeration  iPropID:29  lDBID:62029001 
         Rule NEW:  UndgrFlr:FFactor / FFactor  Type: Float  iPropID:30  lDBID:62030001 
         Rule NEW:  UndgrFlr:OverallFFactor / OverallFFactor  Type: Float  iPropID:31  lDBID:62031001 
         Rule NEW:  UndgrFlr:MandatoryInsComp / MandatoryInsulationCompliance  Type: String  iPropID:32  lDBID:62032001 
         Rule NEW:  Spc:MaxPerimExposed / MaximumPerimeterExposed  Type: Float  iPropID:797  lDBID:53797001 
         done.

Reading rule file: OpaqueEnvelope-UndergroundWalls.rule
         Rule NEW:  UndgrWall:IsNew / IsNew  Type: Integer  iPropID:16  lDBID:63016001 
         Rule NEW:  UndgrWall:IsAltered / IsAltered  Type: Integer  iPropID:17  lDBID:63017001 
         Rule NEW:  UndgrWall:IsExisting / IsExisting  Type: Integer  iPropID:18  lDBID:63018001 
         Rule NEW:  UndgrWall:AreaNew / AreaNew  Type: Float  iPropID:19  lDBID:63019001 
         Rule NEW:  UndgrWall:AreaAltered / AreaAltered  Type: Float  iPropID:20  lDBID:63020001 
         Rule NEW:  UndgrWall:AreaExisting / AreaExisting  Type: Float  iPropID:21  lDBID:63021001 
         Rule NEW:  UndgrWall:CFactor / CFactor  Type: Float  iPropID:22  lDBID:63022001 
         Rule NEW:  UndgrWall:MandatoryInsComp / MandatoryInsComp  Type: unknown!  iPropID:23  lDBID:63023001 
         done.

Reading rule file: OpaqueEnvelope-Walls.rule
         Rule NEW:  ExtWall:IsNew / IsNew  Type: Integer  iPropID:60  lDBID:58060001 
         Rule NEW:  ExtWall:IsAltered / IsAltered  Type: Integer  iPropID:61  lDBID:58061001 
         Rule NEW:  ExtWall:IsExisting / IsExisting  Type: Integer  iPropID:62  lDBID:58062001 
         Rule NEW:  IntWall:IsNew / IsNew  Type: Integer  iPropID:29  lDBID:60029001 
         Rule NEW:  IntWall:IsAltered / IsAltered  Type: Integer  iPropID:30  lDBID:60030001 
         Rule NEW:  IntWall:IsExisting / IsExisting  Type: Integer  iPropID:31  lDBID:60031001 
         Rule NEW:  ExtWall:HeatCapCategory / HeatCapCategory  Type: Enumeration  iPropID:63  lDBID:58063001 
         Rule NEW:  IntWall:HeatCapCategory / HeatCapCategory  Type: Enumeration  iPropID:32  lDBID:60032001 
         Rule NEW:  ExtWall:ConsType / ConstructType  Type: Enumeration  iPropID:64  lDBID:58064001 
         Rule NEW:  ExtWall:ContainsHollowCoreMasonryMaterial / ContainsHollowCoreMasonryMaterial  Type: Integer  iPropID:65  lDBID:58065001 
         Rule NEW:  IntWall:ConsType / ConstructType  Type: Enumeration  iPropID:33  lDBID:60033001 
         Rule NEW:  ExtWall:BldgTypeForExtWall / BldgTypeForExtWall  Type: Enumeration  iPropID:66  lDBID:58066001 
         Rule NEW:  IntWall:BldgTypeForExtWall / BldgTypeForExtWall  Type: Enumeration  iPropID:34  lDBID:60034001 
         Rule NEW:  ExtWall:OverallUFactor / OverallUFactor  Type: Float  iPropID:67  lDBID:58067001 
         Rule NEW:  IntWall:OverallUFactor / OverallUFactor  Type: Float  iPropID:35  lDBID:60035001 
         Rule NEW:  ExtWall:NonCompIns / NonCompliantInsulation  Type: Float  iPropID:68  lDBID:58068001 
         Rule NEW:  Spc:NonCompExtSurf / NonCompliantExteriorSurface  Type: Float  iPropID:798  lDBID:53798001 
         Rule NEW:  IntWall:NonCompIns / NonCompIns  Type: Float  iPropID:36  lDBID:60036001 
         Rule NEW:  ExtWall:MaxUFactor / MaxUFactor  Type: Float  iPropID:69  lDBID:58069001 
         Rule NEW:  IntWall:MaxUFactor / MaxUFactor  Type: Float  iPropID:37  lDBID:60037001 
         Rule NEW:  ExtWall:AreaNew / AreaNew  Type: Float  iPropID:70  lDBID:58070001 
         Rule NEW:  ExtWall:AreaAltered / AreaAltered  Type: Float  iPropID:71  lDBID:58071001 
         Rule NEW:  ExtWall:AreaExisting / AreaExisting  Type: Float  iPropID:72  lDBID:58072001 
         Rule NEW:  ExtWall:AreaNewNonResCond / AreaNewNonResCond  Type: Float  iPropID:73  lDBID:58073001 
         Rule NEW:  ExtWall:AreaNewResCond / AreaNewResCond  Type: Float  iPropID:74  lDBID:58074001 
         Rule NEW:  ExtWall:AreaNewRelocCond / AreaNewRelocCond  Type: Float  iPropID:75  lDBID:58075001 
         Rule NEW:  ExtWall:AreaAltNonResCond / AreaAltNonResCond  Type: Float  iPropID:76  lDBID:58076001 
         Rule NEW:  ExtWall:AreaAltResCond / AreaAltResCond  Type: Float  iPropID:77  lDBID:58077001 
         Rule NEW:  ExtWall:AreaAltRelocCond / AreaAltRelocCond  Type: Float  iPropID:78  lDBID:58078001 
         Rule NEW:  IntWall:AreaNew / AreaNew  Type: Float  iPropID:38  lDBID:60038001 
         Rule NEW:  IntWall:AreaAltered / AreaAltered  Type: Float  iPropID:39  lDBID:60039001 
         Rule NEW:  IntWall:AreaExisting / AreaExisting  Type: Float  iPropID:40  lDBID:60040001 
         done.

Reading rule file: OpaqueEnvelope-Roofs.rule
         Rule NEW:  Roof:IsNew / IsNew  Type: Integer  iPropID:54  lDBID:61054001 
         Rule NEW:  Roof:IsAltered / IsAltered  Type: Integer  iPropID:55  lDBID:61055001 
         Rule NEW:  Roof:IsExisting / IsExisting  Type: Integer  iPropID:56  lDBID:61056001 
         Rule NEW:  Roof:ConsType / ConstructType  Type: Enumeration  iPropID:57  lDBID:61057001 
         Rule NEW:  Roof:BldgTypeForRoof / BldgTypeForRoof  Type: unknown!  iPropID:58  lDBID:61058001 
         Rule NEW:  Roof:SlopeType / SlopeType  Type: Enumeration  iPropID:59  lDBID:61059001 
         Rule NEW:  Roof:SteepSlopeFlag / SteepSlopeFlag  Type: Integer  iPropID:60  lDBID:61060001 
         Rule NEW:  Roof:LowSlopeFlag / LowSlopeFlag  Type: Integer  iPropID:61  lDBID:61061001 
         Rule NEW:  Roof:OverallUFactor / OverallUFactor  Type: Float  iPropID:62  lDBID:61062001 
         Rule NEW:  Roof:NonCompIns / NonCompliantInsulation  Type: Float  iPropID:63  lDBID:61063001 
         Rule NEW:  Roof:MaxUFactor / MaxUFactor  Type: Float  iPropID:64  lDBID:61064001 
         Rule NEW:  Roof:AreaNew / AreaNew  Type: Float  iPropID:65  lDBID:61065001 
         Rule NEW:  Roof:AreaAltered / AreaAltered  Type: Float  iPropID:66  lDBID:61066001 
         Rule NEW:  Roof:AreaExisting / AreaExisting  Type: Float  iPropID:67  lDBID:61067001 
         Rule NEW:  Roof:AreaNewNonResCond / AreaNewNonResCond  Type: Float  iPropID:68  lDBID:61068001 
         Rule NEW:  Roof:AreaNewResCond / AreaNewResCond  Type: Float  iPropID:69  lDBID:61069001 
         Rule NEW:  Roof:AreaNewRelocCond / AreaNewRelocCond  Type: Float  iPropID:70  lDBID:61070001 
         Rule NEW:  Roof:AreaAltNonResCond / AreaAltNonResCond  Type: Float  iPropID:71  lDBID:61071001 
         Rule NEW:  Roof:AreaAltResCond / AreaAltResCond  Type: Float  iPropID:72  lDBID:61072001 
         Rule NEW:  Roof:AreaAltRelocCond / AreaAltRelocCond  Type: Float  iPropID:73  lDBID:61073001 
         done.

Reading rule file: OpaqueEnvelope-Floors.rule
         Rule NEW:  ExtFlr:IsNew / IsNew  Type: Integer  iPropID:21  lDBID:57021001 
         Rule NEW:  ExtFlr:IsAltered / IsAltered  Type: Integer  iPropID:22  lDBID:57022001 
         Rule NEW:  ExtFlr:IsExisting / IsExisting  Type: Integer  iPropID:23  lDBID:57023001 
         Rule NEW:  ExtFlr:HtCapCat / HtCapCat  Type: Enumeration  iPropID:24  lDBID:57024001 
         Rule NEW:  ExtFlr:ConsType / ConstructType  Type: Enumeration  iPropID:25  lDBID:57025001 
         Rule NEW:  ExtFlr:BldgTypeForExtFlr / BldgTypeForExtFlr  Type: Enumeration  iPropID:26  lDBID:57026001 
         Rule NEW:  ExtFlr:OverallUFactor / OverallUFactor  Type: Float  iPropID:27  lDBID:57027001 
         Rule NEW:  ExtFlr:NonCompIns / NonCompliantInsulation  Type: Float  iPropID:28  lDBID:57028001 
         Rule NEW:  ExtFlr:MaxUFactor / MaxUFactor  Type: Float  iPropID:29  lDBID:57029001 
         Rule NEW:  ExtFlr:AreaNew / AreaNew  Type: Float  iPropID:30  lDBID:57030001 
         Rule NEW:  ExtFlr:AreaAltered / AreaAltered  Type: Float  iPropID:31  lDBID:57031001 
         Rule NEW:  ExtFlr:AreaExisting / AreaExisting  Type: Float  iPropID:32  lDBID:57032001 
         Rule NEW:  ExtFlr:AreaNewNonResCond / AreaNewNonResCond  Type: Float  iPropID:33  lDBID:57033001 
         Rule NEW:  ExtFlr:AreaNewResCond / AreaNewResCond  Type: Float  iPropID:34  lDBID:57034001 
         Rule NEW:  ExtFlr:AreaNewRelocCond / AreaNewRelocCond  Type: Float  iPropID:35  lDBID:57035001 
         Rule NEW:  ExtFlr:AreaAltNonResCond / AreaAltNonResCond  Type: Float  iPropID:36  lDBID:57036001 
         Rule NEW:  ExtFlr:AreaAltResCond / AreaAltResCond  Type: Float  iPropID:37  lDBID:57037001 
         Rule NEW:  ExtFlr:AreaAltRelocCond / AreaAltRelocCond  Type: Float  iPropID:38  lDBID:57038001 
         done.

Reading rule file: OpaqueEnvelope-Doors.rule
         Rule NEW:  Dr:IsNew / IsNew  Type: Integer  iPropID:13  lDBID:67013001 
         Rule NEW:  Dr:IsAltered / IsAltered  Type: Integer  iPropID:14  lDBID:67014001 
         Rule NEW:  Dr:IsExisting / IsExisting  Type: Integer  iPropID:15  lDBID:67015001 
         Rule NEW:  Dr:BldgType / BuildingType  Type: Enumeration  iPropID:16  lDBID:67016001 
         Rule NEW:  Dr:CertificationMthd / CertificationMthd  Type: Enumeration  iPropID:17  lDBID:67017001 
         Rule NEW:  Dr:Open / Open  Type: Enumeration  iPropID:18  lDBID:67018001 
         Rule NEW:  Dr:Type / Type  Type: Enumeration  iPropID:19  lDBID:67019001 
         Rule NEW:  Dr:UFactor / UFactor  Type: Float  iPropID:20  lDBID:67020001 
         Rule NEW:  Dr:BaseUFactor / BaseUFactor  Type: Float  iPropID:21  lDBID:67021001 
         Rule NEW:  Dr:AreaNew / AreaNew  Type: Float  iPropID:22  lDBID:67022001 
         Rule NEW:  Dr:AreaAltered / AreaAltered  Type: Float  iPropID:23  lDBID:67023001 
         Rule NEW:  Dr:AreaExisting / AreaExisting  Type: Float  iPropID:24  lDBID:67024001 
         Rule NEW:  DrCons:Area / aREA  Type: Float  iPropID:14  lDBID:45014001 
         Rule NEW:  Dr:HasAutoCloser / HasAutomaticCloser  Type: Integer  iPropID:25  lDBID:67025001 
         Rule NEW:  ExtWall:DrArea / DoorArea  Type: Float  iPropID:79  lDBID:58079001 
         Rule NEW:  Spc:ExtDrArea / ExteriorDoorArea  Type: Float  iPropID:799  lDBID:53799001 
         Rule NEW:  ExtWall:NewDrArea / NewDoorArea  Type: Float  iPropID:80  lDBID:58080001 
         Rule NEW:  Spc:ExtNewDrArea / ExteriorNewDoorArea  Type: Float  iPropID:800  lDBID:53800001 
         done.

Reading rule file: OpaqueEnvelope-Doors-InsideConvCoef.rule
         Rule NEW:  Dr:UFactorLimitFlag / UFactorLimitFlag  Type: Integer  iPropID:26  lDBID:67026001 
         Rule NEW:  Dr:DebugInsideConvCoefUsed / DebugInsideConvCoefUsed  Type: Integer  iPropID:27  lDBID:67027001 
         Rule NEW:  Proj:DebugInsideConvCoefUsed / DebugInsideConvCoefUsed  Type: Integer  iPropID:862  lDBID:1862001 
         done.

Reading rule file: OpaqueEnvelope-DemisingRoofFloor.rule
         Rule NEW:  Ceiling:IsNew / IsNew  Type: Integer  iPropID:24  lDBID:56024001 
         Rule NEW:  Ceiling:IsAltered / IsAltered  Type: Integer  iPropID:25  lDBID:56025001 
         Rule NEW:  Ceiling:IsExisting / IsExisting  Type: Integer  iPropID:26  lDBID:56026001 
         Rule NEW:  IntFlr:IsNew / IsNew  Type: Integer  iPropID:22  lDBID:59022001 
         Rule NEW:  IntFlr:IsAltered / IsAltered  Type: Integer  iPropID:23  lDBID:59023001 
         Rule NEW:  IntFlr:IsExisting / IsExisting  Type: Integer  iPropID:24  lDBID:59024001 
         Rule NEW:  Ceiling:AreaNew / AreaNew  Type: Float  iPropID:27  lDBID:56027001 
         Rule NEW:  Ceiling:AreaAltered / AreaAltered  Type: Float  iPropID:28  lDBID:56028001 
         Rule NEW:  Ceiling:AreaExisting / AreaExisting  Type: Float  iPropID:29  lDBID:56029001 
         Rule NEW:  IntFlr:AreaNew / AreaNew  Type: Float  iPropID:25  lDBID:59025001 
         Rule NEW:  IntFlr:AreaAltered / AreaAltered  Type: Float  iPropID:26  lDBID:59026001 
         Rule NEW:  IntFlr:AreaExisting / AreaExisting  Type: Float  iPropID:27  lDBID:59027001 
         Rule NEW:  Ceiling:HtCapCat / HtCapCat  Type: Enumeration  iPropID:30  lDBID:56030001 
         Rule NEW:  IntFlr:HtCapCat / HtCapCat  Type: Enumeration  iPropID:28  lDBID:59028001 
         Rule NEW:  Ceiling:ConsType / ConstructType  Type: Enumeration  iPropID:31  lDBID:56031001 
         Rule NEW:  IntFlr:ConsType / ConstructType  Type: Enumeration  iPropID:29  lDBID:59029001 
         Rule NEW:  Ceiling:BldgTypeForRoof / BldgTypeForRoof  Type: Enumeration  iPropID:32  lDBID:56032001 
         Rule NEW:  IntFlr:BldgTypeForRoof / BldgTypeForRoof  Type: Enumeration  iPropID:30  lDBID:59030001 
         Rule NEW:  Ceiling:BldgTypeForExtFlr / BldgTypeForExtFlr  Type: Enumeration  iPropID:33  lDBID:56033001 
         Rule NEW:  IntFlr:BldgTypeForExtFlr / BldgTypeForExtFlr  Type: Enumeration  iPropID:31  lDBID:59031001 
         Rule NEW:  Ceiling:OverallUFactor / OverallUFactor  Type: Float  iPropID:34  lDBID:56034001 
         Rule NEW:  IntFlr:OverallUFactor / OverallUFactor  Type: Float  iPropID:32  lDBID:59032001 
         Rule NEW:  Ceiling:NonCompIns / NonCompliantInsulation  Type: Float  iPropID:35  lDBID:56035001 
         Rule NEW:  IntFlr:NonCompIns / NonCompliantInsulation  Type: Float  iPropID:33  lDBID:59033001 
         Rule NEW:  Ceiling:MaxUFactor / MaxUFactor  Type: Float  iPropID:36  lDBID:56036001 
         Rule NEW:  IntFlr:MaxUFactor / MaxUFactor  Type: Float  iPropID:34  lDBID:59034001 
         Rule NEW:  Proj:RuleEvalDuration / RuleEvalDuration  Type: Float  iPropID:714  lDBID:1714001 
         done.

Reading rule file: OpaqueEnvelope-MandatoryInsulation.rule
         Rule NEW:  Spc:NonCompExtSurf / NonCompliantExteriorSurface  Type: Float  iPropID:798  lDBID:53798001 
         Rule NEW:  Spc:NonCompIntSurf / NonCompliantInteriorSurface  Type: Float  iPropID:801  lDBID:53801001 
         Rule NEW:  IntWall:MandatoryInsComp / MandatoryInsulationCompliance  Type: String  iPropID:41  lDBID:60041001 
         Rule NEW:  Ceiling:MandatoryInsComp / MandatoryInsulationCompliance  Type: String  iPropID:37  lDBID:56037001 
         Rule NEW:  IntFlr:MandatoryInsComp / MandatoryInsulationCompliance  Type: String  iPropID:35  lDBID:59035001 
         Rule NEW:  ExtWall:MandatoryInsComp / MandatoryInsulationCompliance  Type: String  iPropID:81  lDBID:58081001 
         Rule NEW:  Roof:MandatoryInsComp / MandatoryInsulationCompliance  Type: String  iPropID:74  lDBID:61074001 
         Rule NEW:  ExtFlr:MandatoryInsComp / MandatoryInsulationCompliance  Type: String  iPropID:39  lDBID:57039001 
         done.

Reading rule file: Multifamily.rule
         Rule NEW:  Ceiling:SurfaceCount / SurfaceCount  Type: Integer  iPropID:38  lDBID:56038001 
         Rule NEW:  IntFlr:SurfaceCount / SurfaceCount  Type: Integer  iPropID:36  lDBID:59036001 
         Rule NEW:  IntWall:SurfaceCount / SurfaceCount  Type: Integer  iPropID:42  lDBID:60042001 
         Rule NEW:  Proj:SubMtrResZnGrps / SubMtrResZnGrps  Type: Integer  iPropID:863  lDBID:1863001 
         Rule NEW:  ResProj:ErrorCode / ErrorCode  Type: Integer  iPropID:575  lDBID:2575001 
         Rule NEW:  ResProj:ErrorMsg / ErrorMsg  Type: String  iPropID:576  lDBID:2576001 
         Rule NEW:  ResProj:TreeDescrip / TreeDescrip  Type: String  iPropID:577  lDBID:2577001 
         Rule NEW:  Proj:SimMFamUnits / SimMFamUnits  Type: Integer  iPropID:864  lDBID:1864001 
         Rule NEW:  Spc:CSE_ZONE / CSE_ZONE  Type: ObjectRef (cseZONE)  iPropID:802  lDBID:53802001 
         Rule NEW:  Proj:AvgFlrHgt / AverageFloorHeight  Type: Float  iPropID:865  lDBID:1865001 
         Rule NEW:  Proj:ExhVentMultLimMFCom / ExhaustVentilationMultiplierLimitMultifamilyCommon  Type: Float  iPropID:866  lDBID:1866001 
         Rule NEW:  Proj:VentTolMaxLimMFCom / VentilationToleranceMaximumLimitMultifamilyCommon  Type: Float  iPropID:867  lDBID:1867001 
         Rule NEW:  Proj:VentTolMinLimMFCom / VentilationToleranceMinimumLimitMultifamilyCommon  Type: Float  iPropID:868  lDBID:1868001 
         Rule NEW:  Proj:ExhTolMaxLimMFCom / ExhaustToleranceMaximumLimitMultifamilyCommon  Type: Float  iPropID:869  lDBID:1869001 
         Rule NEW:  Proj:ExhTolMinLimMFCom / ExhaustToleranceMinimumLimitMultifamilyCommon  Type: Float  iPropID:870  lDBID:1870001 
         Rule NEW:  cseDHWSYS:SourceSpc / SourceSpace  Type: ObjectRef (Spc)  iPropID:78  lDBID:158078001 
         Rule NEW:  ResConsAssm:MatchingConsAssmRef / MatchingConstructAssemblyReference  Type: ObjectRef (ConsAssm)  iPropID:155  lDBID:41155001 
         Rule NEW:  ResConsAssm:MatchingCavFrmMatRef / MatchingCavityFrameMaterialReference  Type: ObjectRef (Mat)  iPropID:156  lDBID:41156001 
         Rule NEW:  ResMat:MatchingMatRef / MatchingMaterialReference  Type: ObjectRef (Mat)  iPropID:12  lDBID:42012001 
         Rule NEW:  Spc:NoCompDHWArea / NoComplianceDHWArea  Type: Float  iPropID:803  lDBID:53803001 
         Rule NEW:  ResDHWSys:NoCompDHWAreaServed / NoComplianceDHWAreaServed  Type: Float  iPropID:265  lDBID:131265001 
         done.

Reading rule file: Material_Baseline.rule
         Rule NEW:  Mat:CavityInsVal / CavityInsulationValue  Type: Float  iPropID:30  lDBID:40030001 
         Rule NEW:  Mat:FrmDepthVal / FramingDepthValue  Type: Float  iPropID:31  lDBID:40031001 
         Rule NEW:  Mat:IsMetalRoof / IsMetalRoof  Type: Integer  iPropID:39  lDBID:40039001 
         Rule NEW:  Mat:IsMetalWall / IsMetalWall  Type: Integer  iPropID:34  lDBID:40034001 
         Rule NEW:  Mat:SimpleCompositeR / SimpleCompositeRValue  Type: Float  iPropID:42  lDBID:40042001 
         Rule NEW:  Mat:HeatCap / HeatCap  Type: Float  iPropID:43  lDBID:40043001 
         done.

Reading rule file: ThermalZone-General.rule
         Rule NEW:  ThrmlZn:Area / Area  Type: Float  iPropID:168  lDBID:97168001 
         Rule NEW:  ThrmlZn:DirectCondArea / DirectConditionedArea  Type: Float  iPropID:169  lDBID:97169001 
         Rule NEW:  ThrmlZn:IndirectCondArea / IndirectConditionedArea  Type: Float  iPropID:170  lDBID:97170001 
         Rule NEW:  ThrmlZn:UncondArea / UnconditionedArea  Type: Float  iPropID:171  lDBID:97171001 
         Rule NEW:  ThrmlZn:PlenumArea / PlenumArea  Type: Float  iPropID:172  lDBID:97172001 
         Rule NEW:  ThrmlZn:UnoccupiedArea / UnoccupiedArea  Type: Float  iPropID:173  lDBID:97173001 
         Rule NEW:  ThrmlZn:IsCond / IsConditioned  Type: Integer  iPropID:174  lDBID:97174001 
         Rule NEW:  ThrmlZn:PropZnSysCnt / ProposedZoneSystemCount  Type: Integer  iPropID:175  lDBID:97175001 
         Rule NEW:  ThrmlZn:NumSpcs / NumberSpaces  Type: Integer  iPropID:176  lDBID:97176001 
         Rule NEW:  ThrmlZn:HVACZnCntWithMult / HVACZoneCountWithMult  Type: Integer  iPropID:177  lDBID:97177001 
         Rule NEW:  ThrmlZn:CondHVACZnCntWithMult / ConditionedHVACZoneCountWithMult  Type: Integer  iPropID:178  lDBID:97178001 
         Rule NEW:  ThrmlZn:FlrAreaWithMult / FloorAreaWithMultiplier  Type: Float  iPropID:179  lDBID:97179001 
         Rule NEW:  ThrmlZn:CondFlrArea / ConditionedFloorArea  Type: Float  iPropID:180  lDBID:97180001 
         Rule NEW:  ThrmlZn:CondFlrAreaWithMult / ConditionedFloorAreaWithMultiplier  Type: Float  iPropID:181  lDBID:97181001 
         Rule NEW:  ThrmlZn:Vol / Volume  Type: Float  iPropID:182  lDBID:97182001 
         Rule NEW:  ThrmlZn:VolWithMult / VolumeWithMuliplier  Type: Float  iPropID:183  lDBID:97183001 
         Rule NEW:  ThrmlZn:ResCondFlrArea / ResidentialFloorArea  Type: Float  iPropID:184  lDBID:97184001 
         Rule NEW:  ThrmlZn:NonResCondFlrArea / NonresidentialFloorArea  Type: Float  iPropID:185  lDBID:97185001 
         Rule NEW:  ThrmlZn:IsRes / IsResidential  Type: Integer  iPropID:186  lDBID:97186001 
         Rule NEW:  ThrmlZn:IsHighRiseRes / IsHighRiseResidential  Type: Integer  iPropID:187  lDBID:97187001 
         Rule NEW:  ThrmlZn:IsHotelMotelGuestRm / IsHotelMotelGuestRoom  Type: Integer  iPropID:188  lDBID:97188001 
         Rule NEW:  TrmlUnit:IsUncontrolled / IsUncontrolled  Type: Integer  iPropID:40  lDBID:103040001 
         Rule NEW:  ThrmlZn:IsCtrlZn / IsControlZone  Type: Integer  iPropID:189  lDBID:97189001 
         Rule NEW:  Spc:IsCtrlZn / IsControlZone  Type: Integer  iPropID:804  lDBID:53804001 
         Rule NEW:  ThrmlZn:SlaveCtrlZnRef / SlaveControlZoneReference  Type: ObjectRef (ThrmlZn)  iPropID:190  lDBID:97190001 
         Rule NEW:  AirSys:HasClg / HasCooling  Type: Integer  iPropID:217  lDBID:98217001 
         Rule NEW:  ZnSys:HasClg / HasCooling  Type: Integer  iPropID:228  lDBID:99228001 
         Rule NEW:  AirSys:HasHtg / HasHeating  Type: Integer  iPropID:218  lDBID:98218001 
         Rule NEW:  ZnSys:HasHtg / HasHeating  Type: Integer  iPropID:229  lDBID:99229001 
         Rule NEW:  ThrmlZn:HasClg / HasCooling  Type: Integer  iPropID:191  lDBID:97191001 
         Rule NEW:  Spc:HasClg / HasCooling  Type: Integer  iPropID:805  lDBID:53805001 
         Rule NEW:  ThrmlZn:HasHtg / HasHeating  Type: Integer  iPropID:192  lDBID:97192001 
         Rule NEW:  Spc:HasHtg / HasHeating  Type: Integer  iPropID:806  lDBID:53806001 
         Rule NEW:  ThrmlZn:HasHtRcvryDOAS / HasHeatRecoveryDOAS  Type: Integer  iPropID:193  lDBID:97193001 
         Rule NEW:  AirSys:PairedWithHtRcvryDOAS / PairedWithHeatRecoveryDOAS  Type: Integer  iPropID:219  lDBID:98219001 
         Rule NEW:  ThrmlZn:NumStory / NumberBuildingStory  Type: Integer  iPropID:194  lDBID:97194001 
         Rule NEW:  ThrmlZn:SpcWithMaxAreaRef / SpaceWithMaximumArea  Type: ObjectRef (Spc)  iPropID:195  lDBID:97195001 
         Rule NEW:  ThrmlZn:StoryRef / BuildingStoryReference  Type: ObjectRef (Story)  iPropID:196  lDBID:97196001 
         Rule NEW:  ThrmlZn:NumTrmlUnitRefs / NumberTerminalUnitReferences  Type: Integer  iPropID:197  lDBID:97197001 
         Rule NEW:  ZnSys:NumAirCondgSysRefs / NumberAirConditioningSystemReferences  Type: Integer  iPropID:230  lDBID:99230001 
         Rule NEW:  ZnSys:NumVentSysRefs / NumberVentilationSystemReferences  Type: Integer  iPropID:231  lDBID:99231001 
         Rule NEW:  AirSys:NumAirCondgSysRefs / NumberAirConditioningSystemReferences  Type: Integer  iPropID:220  lDBID:98220001 
         Rule NEW:  AirSys:NumVentSysRefs / NumberVentilationSystemReferences  Type: Integer  iPropID:221  lDBID:98221001 
         Rule NEW:  ThrmlZn:ClgUMLHLimitSpcMax / CoolingUnmetLoadHourLimitSpaceMaximum  Type: Integer  iPropID:198  lDBID:97198001 
         Rule NEW:  ThrmlZn:HtgUMLHLimitSpcMax / HeatingUnmetLoadHourLimitSpaceMaximum  Type: Integer  iPropID:199  lDBID:97199001 
         Rule NEW:  ThrmlZn:ExtOperableWinArea / ExteriorOperableWindowArea  Type: Float  iPropID:200  lDBID:97200001 
         Rule NEW:  ThrmlZn:ExtNewOperableWinArea / ExteriorNewOperableWindowArea  Type: Float  iPropID:201  lDBID:97201001 
         Rule NEW:  ThrmlZn:ExtOperableSkyltArea / ExteriorOperableSkylightArea  Type: Float  iPropID:202  lDBID:97202001 
         Rule NEW:  ThrmlZn:ExtNewOperableSkyltArea / ExteriorNewOperableSkylightArea  Type: Float  iPropID:203  lDBID:97203001 
         Rule NEW:  ThrmlZn:ExtDrArea / ExteriorDoorArea  Type: Float  iPropID:204  lDBID:97204001 
         Rule NEW:  ThrmlZn:ExtNewDrArea / ExteriorNewDoorArea  Type: Float  iPropID:205  lDBID:97205001 
         Rule NEW:  ThrmlZn:OperableWinInterlockReq / OperableWindowInterlockRequired  Type: Integer  iPropID:206  lDBID:97206001 
         Rule NEW:  ThrmlZn:OperableWinInterlockWarn1 / OperableWinInterlockWarning1  Type: Integer  iPropID:207  lDBID:97207001 
         Rule NEW:  ThrmlZn:OperableWinInterlockWarn2 / OperableWinInterlockWarning2  Type: Integer  iPropID:208  lDBID:97208001 
         Rule NEW:  ThrmlZn:WinInterlockRptFlag / WindowInterlockReportFlag  Type: Integer  iPropID:209  lDBID:97209001 
         Rule NEW:  ThrmlZn:ResLivingUnitCnt / ResLivingUnitCnt  Type: Integer  iPropID:210  lDBID:97210001 
         Rule NEW:  ThrmlZn:ResLivingUnitCntWithMult / ResLivingUnitCntWithMult  Type: Integer  iPropID:211  lDBID:97211001 
         Rule NEW:  ThrmlZn:HRRVentSysRulesApply / HRRVentSysRulesApply  Type: Integer  iPropID:212  lDBID:97212001 
         Rule NEW:  ThrmlZn:ResVentEquipChkReq / ResidentialVentilationEquipmentCheckRequired  Type: Integer  iPropID:213  lDBID:97213001 
         Rule NEW:  ThrmlZn:ResVentFIDChkReq / ResidentialVentilationFaultIndicationDisplayCheckRequired  Type: Integer  iPropID:214  lDBID:97214001 
         done.

Reading rule file: ThermalZone-ScheduleGroups.rule
         Rule NEW:  ThrmlZn:FuncGrpAreaAssembly / FunctionGroupAreaAssembly  Type: Float  iPropID:215  lDBID:97215001 
         Rule NEW:  ThrmlZn:FuncGrpAreaData / FunctionGroupAreaData  Type: Float  iPropID:216  lDBID:97216001 
         Rule NEW:  ThrmlZn:FuncGrpAreaHealth / FunctionGroupAreaHealth  Type: Float  iPropID:217  lDBID:97217001 
         Rule NEW:  ThrmlZn:FuncGrpAreaLab / FunctionGroupAreaLab  Type: Float  iPropID:218  lDBID:97218001 
         Rule NEW:  ThrmlZn:FuncGrpAreaManufacturing / FunctionGroupAreaManufacturing  Type: Float  iPropID:219  lDBID:97219001 
         Rule NEW:  ThrmlZn:FuncGrpAreaOffice / FunctionGroupAreaOffice  Type: Float  iPropID:220  lDBID:97220001 
         Rule NEW:  ThrmlZn:FuncGrpAreaParking / FunctionGroupAreaParking  Type: Float  iPropID:221  lDBID:97221001 
         Rule NEW:  ThrmlZn:FuncGrpAreaResidentialCommon / FunctionGroupAreaResidentialCommon  Type: Float  iPropID:222  lDBID:97222001 
         Rule NEW:  ThrmlZn:FuncGrpAreaResidentialLiving / FunctionGroupAreaResidentialLiving  Type: Float  iPropID:223  lDBID:97223001 
         Rule NEW:  ThrmlZn:FuncGrpAreaRestaurant / FunctionGroupAreaRestaurant  Type: Float  iPropID:224  lDBID:97224001 
         Rule NEW:  ThrmlZn:FuncGrpAreaRetail / FunctionGroupAreaRetail  Type: Float  iPropID:225  lDBID:97225001 
         Rule NEW:  ThrmlZn:FuncGrpAreaSchool / FunctionGroupAreaSchool  Type: Float  iPropID:226  lDBID:97226001 
         Rule NEW:  ThrmlZn:FuncGrpAreaWarehouse / FunctionGroupAreaWarehouse  Type: Float  iPropID:227  lDBID:97227001 
         Rule NEW:  ThrmlZn:FuncGrpArea24Hr / FunctionGroupArea24Hr  Type: Float  iPropID:228  lDBID:97228001 
         Rule NEW:  ThrmlZn:FuncGrpAreaAssemblyWithMult / FunctionGroupAreaAssemblyWithMultiplier  Type: Float  iPropID:229  lDBID:97229001 
         Rule NEW:  ThrmlZn:FuncGrpAreaDataWithMult / FunctionGroupAreaDataWithMultiplier  Type: Float  iPropID:230  lDBID:97230001 
         Rule NEW:  ThrmlZn:FuncGrpAreaHealthWithMult / FunctionGroupAreaHealthWithMultiplier  Type: Float  iPropID:231  lDBID:97231001 
         Rule NEW:  ThrmlZn:FuncGrpAreaLabWithMult / FunctionGroupAreaLabWithMultiplier  Type: Float  iPropID:232  lDBID:97232001 
         Rule NEW:  ThrmlZn:FuncGrpAreaManufacturingWithMult / FunctionGroupAreaManufacturingWithMultiplier  Type: Float  iPropID:233  lDBID:97233001 
         Rule NEW:  ThrmlZn:FuncGrpAreaOfficeWithMult / FunctionGroupAreaOfficeWithMultiplier  Type: Float  iPropID:234  lDBID:97234001 
         Rule NEW:  ThrmlZn:FuncGrpAreaParkingWithMult / FunctionGroupAreaParkingWithMultiplier  Type: Float  iPropID:235  lDBID:97235001 
         Rule NEW:  ThrmlZn:FuncGrpAreaResidentialCommonWithMult / FunctionGroupAreaResidentialCommonWithMultiplier  Type: Float  iPropID:236  lDBID:97236001 
         Rule NEW:  ThrmlZn:FuncGrpAreaResidentialLivingWithMult / FunctionGroupAreaResidentialLivingWithMultiplier  Type: Float  iPropID:237  lDBID:97237001 
         Rule NEW:  ThrmlZn:FuncGrpAreaRestaurantWithMult / FunctionGroupAreaRestaurantWithMultiplier  Type: Float  iPropID:238  lDBID:97238001 
         Rule NEW:  ThrmlZn:FuncGrpAreaRetailWithMult / FunctionGroupAreaRetailWithMultiplier  Type: Float  iPropID:239  lDBID:97239001 
         Rule NEW:  ThrmlZn:FuncGrpAreaSchoolWithMult / FunctionGroupAreaSchoolWithMultiplier  Type: Float  iPropID:240  lDBID:97240001 
         Rule NEW:  ThrmlZn:FuncGrpAreaWarehouseWithMult / FunctionGroupAreaWarehouseWithMultiplier  Type: Float  iPropID:241  lDBID:97241001 
         Rule NEW:  ThrmlZn:FuncGrpArea24HrWithMult / FunctionGroupArea24HrWithMultiplier  Type: Float  iPropID:242  lDBID:97242001 
         Rule NEW:  ThrmlZn:MaxFuncGrpArea / MaxFunctionGroupArea  Type: Float  iPropID:243  lDBID:97243001 
         Rule NEW:  ThrmlZn:PredominantFuncGrp / PredominantFunctionGroup  Type: String  iPropID:244  lDBID:97244001 
         Rule NEW:  Spc:HtgOnlySysArea / HeatingOnlySystemArea  Type: Float  iPropID:429  lDBID:53429001 
         Rule NEW:  ThrmlZn:HtgOnlySysArea / HeatingOnlySystemArea  Type: Float  iPropID:245  lDBID:97245001 
         Rule NEW:  ThrmlZn:HtgOnlySysAreaNew / HeatingOnlySystemAreaNew  Type: Float  iPropID:246  lDBID:97246001 
         Rule NEW:  ThrmlZn:HtgOnlySysAreaExisting / HeatingOnlySystemAreaExisting  Type: Float  iPropID:247  lDBID:97247001 
         Rule NEW:  ThrmlZn:HtgOnlySysAreaAltered / HeatingOnlySystemAreaAltered  Type: Float  iPropID:248  lDBID:97248001 
         Rule NEW:  Story:HtgOnlySysAreaWithMult / HeatingOnlySystemAreaWithMultiplier  Type: Float  iPropID:122  lDBID:51122001 
         Rule NEW:  Story:HtgOnlySysAreaNewWithMult / HeatingOnlySystemAreaNewWithMultiplier  Type: Float  iPropID:123  lDBID:51123001 
         Rule NEW:  Story:HtgOnlySysAreaExistingWithMult / HeatingOnlySystemAreaExistingWithMultiplier  Type: Float  iPropID:124  lDBID:51124001 
         Rule NEW:  Story:HtgOnlySysAreaAlteredWithMult / HeatingOnlySystemAreaAlteredWithMultiplier  Type: Float  iPropID:125  lDBID:51125001 
         Rule NEW:  Bldg:HtgOnlySysArea / HeatingOnlySystemAreaAltered  Type: Float  iPropID:205  lDBID:50205001 
         Rule NEW:  Bldg:HtgOnlySysAreaNew / HeatingOnlySystemAreaNew  Type: Float  iPropID:206  lDBID:50206001 
         Rule NEW:  Bldg:HtgOnlySysAreaExisting / HeatingOnlySystemAreaExisting  Type: Float  iPropID:207  lDBID:50207001 
         Rule NEW:  Bldg:HtgOnlySysAreaAltered / HeatingOnlySystemAreaAltered  Type: Float  iPropID:208  lDBID:50208001 
         Rule NEW:  Spc:HasNoClg / HasNoCooling  Type: Integer  iPropID:807  lDBID:53807001 
         Rule NEW:  Spc:AddClgSys / AddCoolingSystem  Type: Integer  iPropID:808  lDBID:53808001 
         Rule NEW:  Bldg:NonResAreaForBaseSysMap / NonresidentialAreaForBaselineSystemMap  Type: Integer  iPropID:209  lDBID:50209001 
         Rule NEW:  Bldg:AboveGrdStoryCntForBaseSysMap / AboveGradeStoryCountForBaselineSystemMap  Type: Integer  iPropID:210  lDBID:50210001 
         Rule NEW:  ThrmlZn:CompRmArea / ComputerRoomArea  Type: Float  iPropID:249  lDBID:97249001 
         Rule NEW:  ThrmlZn:CompRmAreaWithMult / ComputerRoomAreaWithMultiplier  Type: Float  iPropID:250  lDBID:97250001 
         Rule NEW:  ThrmlZn:CompRmAreaNew / ComputerRoomAreaNew  Type: Float  iPropID:251  lDBID:97251001 
         Rule NEW:  ThrmlZn:CompRmAreaExisting / ComputerRoomAreaExisting  Type: Float  iPropID:252  lDBID:97252001 
         Rule NEW:  ThrmlZn:CompRmAreaAltered / ComputerRoomAreaAltered  Type: Float  iPropID:253  lDBID:97253001 
         Rule NEW:  ThrmlZn:CompRmPwr / ComputerRoomPower  Type: Float  iPropID:254  lDBID:97254001 
         Rule NEW:  ThrmlZn:CompRmPwrNew / ComputerRoomPowerNew  Type: Float  iPropID:255  lDBID:97255001 
         Rule NEW:  ThrmlZn:CompRmPwrExisting / ComputerRoomPowerExisting  Type: Float  iPropID:256  lDBID:97256001 
         Rule NEW:  ThrmlZn:CompRmPwrAltered / ComputerRoomPowerAltered  Type: Float  iPropID:257  lDBID:97257001 
         Rule NEW:  Story:CompRmAreaWithMult / ComputerRoomAreaWithMultiplier  Type: Float  iPropID:126  lDBID:51126001 
         Rule NEW:  Story:CompRmAreaNewWithMult / ComputerRoomAreaNewWithMultiplier  Type: Float  iPropID:127  lDBID:51127001 
         Rule NEW:  Story:CompRmAreaExistingWithMult / ComputerRoomAreaExistingWithMultiplier  Type: Float  iPropID:128  lDBID:51128001 
         Rule NEW:  Story:CompRmAreaAlteredWithMult / ComputerRoomAreaAlteredWithMultiplier  Type: Float  iPropID:129  lDBID:51129001 
         Rule NEW:  Story:CompRmPwrWithMult / ComputerRoomPowerWithMultiplier  Type: Float  iPropID:130  lDBID:51130001 
         Rule NEW:  Story:CompRmPwrNewWithMult / ComputerRoomPowerNewWithMultiplier  Type: Float  iPropID:131  lDBID:51131001 
         Rule NEW:  Story:CompRmPwrExistingWithMult / ComputerRoomPowerExistingWithMultiplier  Type: Float  iPropID:132  lDBID:51132001 
         Rule NEW:  Story:CompRmPwrAlteredWithMult / ComputerRoomPowerAlteredWithMultiplier  Type: Float  iPropID:133  lDBID:51133001 
         Rule NEW:  Bldg:CompRmAreaNew / ComputerRoomAreaNew  Type: Float  iPropID:211  lDBID:50211001 
         Rule NEW:  Bldg:CompRmAreaExisting / ComputerRoomAreaExisting  Type: Float  iPropID:212  lDBID:50212001 
         Rule NEW:  Bldg:CompRmAreaAltered / ComputerRoomAreaAltered  Type: Float  iPropID:213  lDBID:50213001 
         Rule NEW:  Bldg:CompRmArea / ComputerRoomArea  Type: Float  iPropID:214  lDBID:50214001 
         Rule NEW:  Bldg:CompRmPwrNew / ComputerRoomPowerNew  Type: Float  iPropID:215  lDBID:50215001 
         Rule NEW:  Bldg:CompRmPwrExisting / ComputerRoomPowerExisting  Type: Float  iPropID:216  lDBID:50216001 
         Rule NEW:  Bldg:CompRmPwrAltered / ComputerRoomPowerAltered  Type: Float  iPropID:217  lDBID:50217001 
         Rule NEW:  Bldg:CompRmPwr / ComputerRoomPower  Type: Float  iPropID:218  lDBID:50218001 
         Rule NEW:  ThrmlZn:LabArea / LaboratoryArea  Type: Float  iPropID:258  lDBID:97258001 
         Rule NEW:  ThrmlZn:LabAreaWithMult / LaboratoryAreaWithMultiplier  Type: Float  iPropID:259  lDBID:97259001 
         Rule NEW:  ThrmlZn:LabAreaNew / LaboratoryAreaNew  Type: Float  iPropID:260  lDBID:97260001 
         Rule NEW:  ThrmlZn:LabAreaExisting / LaboratoryAreaExisting  Type: Float  iPropID:261  lDBID:97261001 
         Rule NEW:  ThrmlZn:LabAreaAltered / LaboratoryAreaAltered  Type: Float  iPropID:262  lDBID:97262001 
         Rule NEW:  ThrmlZn:VivOrHiBiosftyLabArea / VivariumOrHighBiosaftyLaboratoryArea  Type: Float  iPropID:263  lDBID:97263001 
         Rule NEW:  ThrmlZn:IsVivOrHiBiosftyLab / IsVivariumOrHighBiosaftyLaboratory  Type: Integer  iPropID:264  lDBID:97264001 
         Rule NEW:  Story:LabAreaWithMult / LaboratoryAreaWithMultiplier  Type: Float  iPropID:134  lDBID:51134001 
         Rule NEW:  Story:LabAreaNewWithMult / LaboratoryAreaNewWithMultiplier  Type: Float  iPropID:135  lDBID:51135001 
         Rule NEW:  Story:LabAreaExistingWithMult / LaboratoryAreaExistingWithMultiplier  Type: Float  iPropID:136  lDBID:51136001 
         Rule NEW:  Story:LabAreaAlteredWithMult / LaboratoryAreaAlteredWithMultiplier  Type: Float  iPropID:137  lDBID:51137001 
         Rule NEW:  Bldg:LabArea / LaboratoryArea  Type: Float  iPropID:219  lDBID:50219001 
         Rule NEW:  Bldg:LabAreaNew / LaboratoryAreaNew  Type: Float  iPropID:220  lDBID:50220001 
         Rule NEW:  Bldg:LabAreaExisting / LaboratoryAreaExisting  Type: Float  iPropID:221  lDBID:50221001 
         Rule NEW:  Bldg:LabAreaAltered / LaboratoryAreaAltered  Type: Float  iPropID:222  lDBID:50222001 
         Rule NEW:  ThrmlZn:CommKitArea / CommercialKitchenArea  Type: Float  iPropID:265  lDBID:97265001 
         Rule NEW:  ThrmlZn:CommKitAreaWithMult / CommercialKitchenAreaWithMultiplier  Type: Float  iPropID:266  lDBID:97266001 
         Rule NEW:  ThrmlZn:CommKitAreaNew / CommercialKitchenAreaNew  Type: Float  iPropID:267  lDBID:97267001 
         Rule NEW:  ThrmlZn:CommKitAreaExisting / CommercialKitchenAreaExisting  Type: Float  iPropID:268  lDBID:97268001 
         Rule NEW:  ThrmlZn:CommKitAreaAltered / CommercialKitchenAreaAltered  Type: Float  iPropID:269  lDBID:97269001 
         Rule NEW:  Story:CommKitAreaWithMult / CommercialKitchenAreaWithMultiplier  Type: Float  iPropID:138  lDBID:51138001 
         Rule NEW:  Story:CommKitAreaNewWithMult / CommercialKitchenAreaNewWithMultiplier  Type: Float  iPropID:139  lDBID:51139001 
         Rule NEW:  Story:CommKitAreaExistingWithMult / CommercialKitchenAreaExistingWithMultiplier  Type: Float  iPropID:140  lDBID:51140001 
         Rule NEW:  Story:CommKitAreaAlteredWithMult / CommercialKitchenAreaAlteredWithMultiplier  Type: Float  iPropID:141  lDBID:51141001 
         Rule NEW:  Bldg:CommKitArea / CommercialKitchenArea  Type: Float  iPropID:223  lDBID:50223001 
         Rule NEW:  Bldg:CommKitAreaNew / CommercialKitchenAreaNew  Type: Float  iPropID:224  lDBID:50224001 
         Rule NEW:  Bldg:CommKitAreaExisting / CommercialKitchenAreaExisting  Type: Float  iPropID:225  lDBID:50225001 
         Rule NEW:  Bldg:CommKitAreaAltered / CommercialKitchenAreaAltered  Type: Float  iPropID:226  lDBID:50226001 
         Rule NEW:  ThrmlZn:ProcArea / ProcessArea  Type: Float  iPropID:270  lDBID:97270001 
         Rule NEW:  ThrmlZn:ProcAreaNew / ProcessAreaNew  Type: Float  iPropID:271  lDBID:97271001 
         Rule NEW:  ThrmlZn:ProcAreaExisting / ProcessAreaExisting  Type: Float  iPropID:272  lDBID:97272001 
         Rule NEW:  ThrmlZn:ProcAreaAltered / ProcessAreaAltered  Type: Float  iPropID:273  lDBID:97273001 
         Rule NEW:  ThrmlZn:PrkgGarArea / ParkingGarageArea  Type: Float  iPropID:274  lDBID:97274001 
         Rule NEW:  ThrmlZn:PrkgGarAreaWithMult / ParkingGarageAreaWithMultiplier  Type: Float  iPropID:275  lDBID:97275001 
         Rule NEW:  Story:PrkgGarAreaWithMult / ParkingGarageAreaWithMultiplier  Type: Float  iPropID:142  lDBID:51142001 
         Rule NEW:  Bldg:PrkgGarArea / ParkingGarageArea  Type: Float  iPropID:227  lDBID:50227001 
         Rule NEW:  ThrmlZn:FactoryArea / FactoryArea  Type: Float  iPropID:276  lDBID:97276001 
         Rule NEW:  ThrmlZn:FactoryAreaWithMult / FactoryAreaWithMultiplier  Type: Float  iPropID:277  lDBID:97277001 
         Rule NEW:  ThrmlZn:FactoryAreaNew / FactoryAreaNew  Type: Float  iPropID:278  lDBID:97278001 
         Rule NEW:  ThrmlZn:FactoryAreaExisting / FactoryAreaExisting  Type: Float  iPropID:279  lDBID:97279001 
         Rule NEW:  ThrmlZn:FactoryAreaAltered / FactoryAreaAltered  Type: Float  iPropID:280  lDBID:97280001 
         Rule NEW:  Story:FactoryAreaWithMult / FactoryAreaWithMultiplier  Type: Float  iPropID:143  lDBID:51143001 
         Rule NEW:  Story:FactoryAreaNewWithMult / FactoryAreaNewWithMultiplier  Type: Float  iPropID:144  lDBID:51144001 
         Rule NEW:  Story:FactoryAreaExistingWithMult / FactoryAreaExistingWithMultiplier  Type: Float  iPropID:145  lDBID:51145001 
         Rule NEW:  Story:FactoryAreaAlteredWithMult / FactoryAreaAlteredWithMultiplier  Type: Float  iPropID:146  lDBID:51146001 
         Rule NEW:  Bldg:FactoryArea / FactoryArea  Type: Float  iPropID:228  lDBID:50228001 
         Rule NEW:  Bldg:FactoryAreaNew / FactoryAreaNew  Type: Float  iPropID:229  lDBID:50229001 
         Rule NEW:  Bldg:FactoryAreaExisting / FactoryAreaExisting  Type: Float  iPropID:230  lDBID:50230001 
         Rule NEW:  Bldg:FactoryAreaAltered / FactoryAreaAltered  Type: Float  iPropID:231  lDBID:50231001 
         Rule NEW:  Story:ProcAreaWithMult / ProcAreaWithMultiplier  Type: Float  iPropID:147  lDBID:51147001 
         Rule NEW:  Story:ProcAreaNewWithMult / ProcAreaNewWithMultiplier  Type: Float  iPropID:148  lDBID:51148001 
         Rule NEW:  Story:ProcAreaExistingWithMult / ProcAreaExistingWithMultiplier  Type: Float  iPropID:149  lDBID:51149001 
         Rule NEW:  Story:ProcAreaAlteredWithMult / ProcAreaAlteredWithMultiplier  Type: Float  iPropID:150  lDBID:51150001 
         Rule NEW:  Bldg:ProcArea / ProcArea  Type: Float  iPropID:232  lDBID:50232001 
         Rule NEW:  Bldg:ProcAreaNew / ProcAreaNew  Type: Float  iPropID:233  lDBID:50233001 
         Rule NEW:  Bldg:ProcAreaExisting / ProcAreaExisting  Type: Float  iPropID:234  lDBID:50234001 
         Rule NEW:  Bldg:ProcAreaAltered / ProcAreaAltered  Type: Float  iPropID:235  lDBID:50235001 
         Rule NEW:  ThrmlZn:RetailArea / RetailArea  Type: Float  iPropID:281  lDBID:97281001 
         Rule NEW:  Spc:RetailArea / RetailArea  Type: Float  iPropID:460  lDBID:53460001 
         Rule NEW:  ThrmlZn:RetailAreaNew / RetailAreaNew  Type: Float  iPropID:282  lDBID:97282001 
         Rule NEW:  ThrmlZn:RetailAreaExisting / RetailAreaExisting  Type: Float  iPropID:283  lDBID:97283001 
         Rule NEW:  ThrmlZn:RetailAreaAltered / RetailAreaAltered  Type: Float  iPropID:284  lDBID:97284001 
         Rule NEW:  Story:RetailAreaWithMult / RetailAreaWithMultiplier  Type: Float  iPropID:151  lDBID:51151001 
         Rule NEW:  Story:RetailAreaNewWithMult / RetailAreaNewMultiplier  Type: Float  iPropID:152  lDBID:51152001 
         Rule NEW:  Story:RetailAreaExistingWithMult / RetailAreaExistingMultiplier  Type: Float  iPropID:153  lDBID:51153001 
         Rule NEW:  Story:RetailAreaAlteredWithMult / RetailAreaAlteredMultiplier  Type: Float  iPropID:154  lDBID:51154001 
         Rule NEW:  Bldg:RetailArea / RetailArea  Type: Float  iPropID:236  lDBID:50236001 
         Rule NEW:  Bldg:RetailAreaNew / RetailAreaNew  Type: Float  iPropID:237  lDBID:50237001 
         Rule NEW:  Bldg:RetailAreaExisting / RetailAreaExisting  Type: Float  iPropID:238  lDBID:50238001 
         Rule NEW:  Bldg:RetailAreaAltered / RetailAreaAltered  Type: Float  iPropID:239  lDBID:50239001 
         Rule NEW:  ThrmlZn:SchoolArea / SchoolArea  Type: Float  iPropID:285  lDBID:97285001 
         Rule NEW:  Spc:SchoolArea / SchoolArea  Type: Float  iPropID:461  lDBID:53461001 
         Rule NEW:  ThrmlZn:SchoolAreaNew / SchoolAreaNew  Type: Float  iPropID:286  lDBID:97286001 
         Rule NEW:  ThrmlZn:SchoolAreaExisting / SchoolAreaExisting  Type: Float  iPropID:287  lDBID:97287001 
         Rule NEW:  ThrmlZn:SchoolAreaAltered / SchoolAreaAltered  Type: Float  iPropID:288  lDBID:97288001 
         Rule NEW:  Story:SchoolAreaWithMult / SchoolAreaWithMultiplier  Type: Float  iPropID:155  lDBID:51155001 
         Rule NEW:  Story:SchoolAreaNewWithMult / SchoolAreaNewWithMultiplier  Type: Float  iPropID:156  lDBID:51156001 
         Rule NEW:  Story:SchoolAreaExistingWithMult / SchoolAreaExistingWithMultiplier  Type: Float  iPropID:157  lDBID:51157001 
         Rule NEW:  Story:SchoolAreaAlteredWithMult / SchoolAreaAlteredWithMultiplier  Type: Float  iPropID:158  lDBID:51158001 
         Rule NEW:  Bldg:SchoolArea / SchoolArea  Type: Float  iPropID:240  lDBID:50240001 
         Rule NEW:  Bldg:SchoolAreaNew / SchoolAreaNew  Type: Float  iPropID:241  lDBID:50241001 
         Rule NEW:  Bldg:SchoolAreaExisting / SchoolAreaExisting  Type: Float  iPropID:242  lDBID:50242001 
         Rule NEW:  Bldg:SchoolAreaAltered / SchoolAreaAltered  Type: Float  iPropID:243  lDBID:50243001 
         Rule NEW:  ThrmlZn:OfficeArea / OfficeArea  Type: Float  iPropID:289  lDBID:97289001 
         Rule NEW:  Spc:OfficeArea / OfficeArea  Type: Float  iPropID:462  lDBID:53462001 
         Rule NEW:  ThrmlZn:OfficeAreaNew / OfficeAreaNew  Type: Float  iPropID:290  lDBID:97290001 
         Rule NEW:  ThrmlZn:OfficeAreaExisting / OfficeAreaExisting  Type: Float  iPropID:291  lDBID:97291001 
         Rule NEW:  ThrmlZn:OfficeAreaAltered / OfficeAreaAltered  Type: Float  iPropID:292  lDBID:97292001 
         Rule NEW:  Story:OfficeAreaWithMult / OfficeAreaWithMultiplier  Type: Float  iPropID:159  lDBID:51159001 
         Rule NEW:  Story:OfficeAreaNewWithMult / OfficeAreaNewWithMultiplier  Type: Float  iPropID:160  lDBID:51160001 
         Rule NEW:  Story:OfficeAreaExistingWithMult / OfficeAreaExistingWithMultiplier  Type: Float  iPropID:161  lDBID:51161001 
         Rule NEW:  Story:OfficeAreaAlteredWithMult / OfficeAreaAlteredWithMultiplier  Type: Float  iPropID:162  lDBID:51162001 
         Rule NEW:  Bldg:OfficeArea / OfficeArea  Type: Float  iPropID:244  lDBID:50244001 
         Rule NEW:  Bldg:OfficeAreaNew / OfficeAreaNew  Type: Float  iPropID:245  lDBID:50245001 
         Rule NEW:  Bldg:OfficeAreaExisting / OfficeAreaExisting  Type: Float  iPropID:246  lDBID:50246001 
         Rule NEW:  Bldg:OfficeAreaAltered / OfficeAreaAltered  Type: Float  iPropID:247  lDBID:50247001 
         Rule NEW:  ThrmlZn:WarehouseOfficeArea / WarehouseOfficeArea  Type: Float  iPropID:293  lDBID:97293001 
         Rule NEW:  Spc:WarehouseOfficeArea / WarehouseOfficeArea  Type: Float  iPropID:463  lDBID:53463001 
         Rule NEW:  ThrmlZn:WarehouseOfficeAreaNew / WarehouseOfficeAreaNew  Type: Float  iPropID:294  lDBID:97294001 
         Rule NEW:  ThrmlZn:WarehouseOfficeAreaExisting / WarehouseOfficeAreaExisting  Type: Float  iPropID:295  lDBID:97295001 
         Rule NEW:  ThrmlZn:WarehouseOfficeAreaAltered / WarehouseOfficeAreaAltered  Type: Float  iPropID:296  lDBID:97296001 
         Rule NEW:  Story:WarehouseOfficeAreaWithMult / WarehouseOfficeAreaWithMultiplier  Type: Float  iPropID:163  lDBID:51163001 
         Rule NEW:  Story:WarehouseOfficeAreaNewWithMult / WarehouseOfficeAreaNewWithMultiplier  Type: Float  iPropID:164  lDBID:51164001 
         Rule NEW:  Story:WarehouseOfficeAreaExistingWithMult / WarehouseOfficeAreaExistingWithMultiplier  Type: Float  iPropID:165  lDBID:51165001 
         Rule NEW:  Story:WarehouseOfficeAreaAlteredWithMult / WarehouseOfficeAreaAlteredWithMultiplier  Type: Float  iPropID:166  lDBID:51166001 
         Rule NEW:  Bldg:WarehouseOfficeArea / WarehouseOfficeArea  Type: Float  iPropID:248  lDBID:50248001 
         Rule NEW:  Bldg:WarehouseOfficeAreaNew / WarehouseOfficeAreaNew  Type: Float  iPropID:249  lDBID:50249001 
         Rule NEW:  Bldg:WarehouseOfficeAreaExisting / WarehouseOfficeAreaExisting  Type: Float  iPropID:250  lDBID:50250001 
         Rule NEW:  Bldg:WarehouseOfficeAreaAltered / WarehouseOfficeAreaAltered  Type: Float  iPropID:251  lDBID:50251001 
         Rule NEW:  ThrmlZn:HlthCareArea / HealthCareArea  Type: Float  iPropID:297  lDBID:97297001 
         Rule NEW:  ThrmlZn:HlthCareAreaNew / HealthCareAreaNew  Type: Float  iPropID:298  lDBID:97298001 
         Rule NEW:  ThrmlZn:HlthCareAreaExisting / HealthCareAreaExisting  Type: Float  iPropID:299  lDBID:97299001 
         Rule NEW:  ThrmlZn:HlthCareAreaAltered / HealthCareAreaAltered  Type: Float  iPropID:300  lDBID:97300001 
         Rule NEW:  Story:HlthCareAreaWithMult / HealthCareAreaWithMultiplier  Type: Float  iPropID:167  lDBID:51167001 
         Rule NEW:  Story:HlthCareAreaNewWithMult / HealthCareAreaNewWithMultiplier  Type: Float  iPropID:168  lDBID:51168001 
         Rule NEW:  Story:HlthCareAreaExistingWithMult / HealthCareAreaExistingWithMultiplier  Type: Float  iPropID:169  lDBID:51169001 
         Rule NEW:  Story:HlthCareAreaAlteredWithMult / HealthCareAreaAlteredWithMultiplier  Type: Float  iPropID:170  lDBID:51170001 
         Rule NEW:  Bldg:HlthCareArea / HealthCareArea  Type: Float  iPropID:252  lDBID:50252001 
         Rule NEW:  Bldg:HlthCareAreaNew / HealthCareAreaNew  Type: Float  iPropID:253  lDBID:50253001 
         Rule NEW:  Bldg:HlthCareAreaExisting / HealthCareAreaExisting  Type: Float  iPropID:254  lDBID:50254001 
         Rule NEW:  Bldg:HlthCareAreaAltered / HealthCareAreaAltered  Type: Float  iPropID:255  lDBID:50255001 
         Rule NEW:  ThrmlZn:ResCommonArea / ResidentialCommonArea  Type: Float  iPropID:301  lDBID:97301001 
         Rule NEW:  ThrmlZn:IsResCommon / IsResidentialCommon  Type: Integer  iPropID:302  lDBID:97302001 
         Rule NEW:  Spc:LibraryArea / LibraryArea  Type: Float  iPropID:809  lDBID:53809001 
         Rule NEW:  ThrmlZn:LibraryArea / LibraryArea  Type: Float  iPropID:303  lDBID:97303001 
         done.

Reading rule file: Building-AirBalance.rule
         Rule NEW:  Spc:CommKitVentFlow / CommercialKitchenVentilationFlow  Type: Float  iPropID:810  lDBID:53810001 
         Rule NEW:  Story:CommKitVentFlow / CommericalKitchenVentilationFlow  Type: Float  iPropID:171  lDBID:51171001 
         Rule NEW:  Bldg:CommKitVentFlow / CommericalKitchenVentilationFlow  Type: Float  iPropID:256  lDBID:50256001 
         Rule NEW:  Story:TotKitExhHoodFlow / TotalKitchenExhaustHoodFlow  Type: Float  iPropID:172  lDBID:51172001 
         Rule NEW:  Bldg:TotKitExhHoodFlow / TotalKitchenExhaustHoodFlow  Type: Float  iPropID:257  lDBID:50257001 
         Rule NEW:  Story:MaxTotKitExhHoodFlow / MaximumTotalKitchenExhaustHoodFlow  Type: Float  iPropID:173  lDBID:51173001 
         Rule NEW:  Bldg:MaxTotKitExhHoodFlow / MaximumTotalKitchenExhaustHoodFlow  Type: Float  iPropID:258  lDBID:50258001 
         Rule NEW:  Story:CommKitExhFlow / CommericalKitchenExhaustFlow  Type: Float  iPropID:174  lDBID:51174001 
         Rule NEW:  Bldg:CommKitExhFlow / CommericalKitchenExhaustFlow  Type: Float  iPropID:259  lDBID:50259001 
         Rule NEW:  Story:LabVentFlow / LaboratoryVentilationFlow  Type: Float  iPropID:175  lDBID:51175001 
         Rule NEW:  Bldg:LabVentFlow / LaboratoryVentilationFlow  Type: Float  iPropID:260  lDBID:50260001 
         Rule NEW:  Story:LabExhFlow / LaboratoryExhaustFlow  Type: Float  iPropID:176  lDBID:51176001 
         Rule NEW:  Bldg:LabExhFlow / LaboratoryExhaustFlow  Type: Float  iPropID:261  lDBID:50261001 
         Rule NEW:  Story:VivOrHiBiosftyLabLabExhFlow / VivariumOrHighBiosafetyLaboratoryExhaustFlow  Type: Float  iPropID:177  lDBID:51177001 
         Rule NEW:  Bldg:VivOrHiBiosftyLabLabExhFlow / VivariumOrHighBiosafetyLaboratoryExhaustFlow  Type: Float  iPropID:262  lDBID:50262001 
         Rule NEW:  Story:PrkgGarVentFlow / ParkingGarageVentilationFlow  Type: Float  iPropID:178  lDBID:51178001 
         Rule NEW:  Bldg:PrkgGarVentFlow / ParkingGarageVentilationFlow  Type: Float  iPropID:263  lDBID:50263001 
         Rule NEW:  Story:PrkgGarExhFlow / ParkingGarageExhaustFlow  Type: Float  iPropID:179  lDBID:51179001 
         Rule NEW:  Bldg:PrkgGarExhFlow / ParkingGarageExhaustFlow  Type: Float  iPropID:264  lDBID:50264001 
         Rule NEW:  Story:VentFlow / VentilationFlow  Type: Float  iPropID:180  lDBID:51180001 
         Rule NEW:  Story:VentFlowForBal / VentilationFlowForBalance  Type: Float  iPropID:181  lDBID:51181001 
         Rule NEW:  Story:OtherVentFlowForBal / OtherVentilationFlowForBalance  Type: Float  iPropID:182  lDBID:51182001 
         Rule NEW:  ResZnGrp:VentFlow / VentilationFlow  Type: Float  iPropID:36  lDBID:52036001 
         Rule NEW:  ResZnGrp:VentFlowForBal / VentilationFlowForBalance  Type: Float  iPropID:37  lDBID:52037001 
         Rule NEW:  Bldg:VentFlow / VentilationFlow  Type: Float  iPropID:265  lDBID:50265001 
         Rule NEW:  Bldg:VentFlowForBal / VentilationFlowForBalance  Type: Float  iPropID:266  lDBID:50266001 
         Rule NEW:  Bldg:OtherVentFlowForBal / OtherVentilationFlowForBalance  Type: Float  iPropID:267  lDBID:50267001 
         Rule NEW:  Story:CodeVentFlow / CodeVentilationFlow  Type: Float  iPropID:183  lDBID:51183001 
         Rule NEW:  Story:CodeVentFlowForBal / CodeVentilationFlowForBalance  Type: Float  iPropID:184  lDBID:51184001 
         Rule NEW:  Story:CodeOtherVentFlow / CodeOtherVentilationFlow  Type: Float  iPropID:185  lDBID:51185001 
         Rule NEW:  Story:CodeOtherVentFlowForBal / CodeOtherVentilationFlowForBalance  Type: Float  iPropID:186  lDBID:51186001 
         Rule NEW:  ResZnGrp:CodeVentFlow / CodeVentilationFlow  Type: Float  iPropID:38  lDBID:52038001 
         Rule NEW:  ResZnGrp:CodeVentFlowForBal / CodeVentilationFlowForBalance  Type: Float  iPropID:39  lDBID:52039001 
         Rule NEW:  Bldg:CodeVentFlow / CodeVentilationFlow  Type: Float  iPropID:268  lDBID:50268001 
         Rule NEW:  Bldg:CodeVentFlowForBal / CodeVentilationFlowForBalance  Type: Float  iPropID:269  lDBID:50269001 
         Rule NEW:  Bldg:CodeOtherVentFlow / CodeOtherVentilationFlow  Type: Float  iPropID:270  lDBID:50270001 
         Rule NEW:  Bldg:CodeOtherVentFlowForBal / CodeOtherVentilationFlowForBalance  Type: Float  iPropID:271  lDBID:50271001 
         Rule NEW:  Story:ExhFlow / ExhaustFlow  Type: Float  iPropID:187  lDBID:51187001 
         Rule NEW:  Story:ExhFlowForBal / ExhaustFlowForBalance  Type: Float  iPropID:188  lDBID:51188001 
         Rule NEW:  Story:OtherExhFlowForBal / ExhaustOtherFlowForBalance  Type: Float  iPropID:189  lDBID:51189001 
         Rule NEW:  ResZnGrp:ExhFlow / ExhaustFlow  Type: Float  iPropID:40  lDBID:52040001 
         Rule NEW:  ResZnGrp:ExhFlowForBal / ExhaustFlowForBalance  Type: Float  iPropID:41  lDBID:52041001 
         Rule NEW:  Bldg:ExhFlow / ExhaustFlow  Type: Float  iPropID:272  lDBID:50272001 
         Rule NEW:  Bldg:ExhFlowForBal / ExhaustFlowForBalance  Type: Float  iPropID:273  lDBID:50273001 
         Rule NEW:  Bldg:OtherExhFlowForBal / ExhaustOtherFlowForBalance  Type: Float  iPropID:274  lDBID:50274001 
         Rule NEW:  Story:CodeExhFlow / CodeExhaustFlow  Type: Float  iPropID:190  lDBID:51190001 
         Rule NEW:  Story:CodeExhFlowForBal / CodeExhaustFlowForBalance  Type: Float  iPropID:191  lDBID:51191001 
         Rule NEW:  Story:CodeOtherExhFlow / CodeOtherExhaustFlow  Type: Float  iPropID:192  lDBID:51192001 
         Rule NEW:  Story:CodeOtherExhFlowForBal / CodeOtherExhaustFlowForBalance  Type: Float  iPropID:193  lDBID:51193001 
         Rule NEW:  ResZnGrp:CodeExhFlow / CodeExhaustFlow  Type: Float  iPropID:42  lDBID:52042001 
         Rule NEW:  ResZnGrp:CodeExhFlowForBal / CodeExhaustFlowForBalance  Type: Float  iPropID:43  lDBID:52043001 
         Rule NEW:  Bldg:CodeExhFlow / CodeExhaustFlow  Type: Float  iPropID:275  lDBID:50275001 
         Rule NEW:  Bldg:CodeExhFlowForBal / CodeExhaustFlowForBalance  Type: Float  iPropID:276  lDBID:50276001 
         Rule NEW:  Bldg:CodeOtherExhFlow / CodeOtherExhaustFlow  Type: Float  iPropID:277  lDBID:50277001 
         Rule NEW:  Bldg:CodeOtherExhFlowForBal / CodeOtherExhaustFlowForBalance  Type: Float  iPropID:278  lDBID:50278001 
         Rule NEW:  Story:CodeVentFlowForBalRat / CodeVentilationFlowForBalanceRatio  Type: Float  iPropID:194  lDBID:51194001 
         Rule NEW:  Story:CodeOtherVentFlowForBalRat / CodeOtherVentilationFlowForBalanceRatio  Type: Float  iPropID:195  lDBID:51195001 
         Rule NEW:  ResZnGrp:CodeVentFlowForBalRat / CodeVentilationFlowForBalanceRatio  Type: Float  iPropID:44  lDBID:52044001 
         Rule NEW:  Story:CodeVentMult / CodeVentilationMultiplier  Type: Float  iPropID:196  lDBID:51196001 
         Rule NEW:  Story:CodeOtherVentMult / CodeOtherVentilationMultiplier  Type: Float  iPropID:197  lDBID:51197001 
         Rule NEW:  Story:ExhVentMult / ExhaustVentilationMultiplier  Type: Float  iPropID:198  lDBID:51198001 
         Rule NEW:  Story:OtherExhVentMult / OtherExhaustVentilationMultiplier  Type: Float  iPropID:199  lDBID:51199001 
         Rule NEW:  ResZnGrp:CodeVentMult / CodeVentilationMultiplier  Type: Float  iPropID:45  lDBID:52045001 
         Rule NEW:  ResZnGrp:ExhVentMult / ExhaustVentilationMultiplier  Type: Float  iPropID:46  lDBID:52046001 
         Rule NEW:  Spc:MechOAFlow / MechicalOutdoorAirFlow  Type: Float  iPropID:811  lDBID:53811001 
         Rule NEW:  ThrmlZn:VentSysExhToOAFlowRat / VentilationSystemExhaustToOutdoorAirFlowRatio  Type: Float  iPropID:304  lDBID:97304001 
         Rule NEW:  Spc:TotExhFlow / TotalExhaustFlow  Type: Float  iPropID:812  lDBID:53812001 
         Rule NEW:  Spc:TotExhFlowForBal / TotalExhaustFlowForBalance  Type: Float  iPropID:813  lDBID:53813001 
         Rule NEW:  Spc:OtherTotExhFlowForBal / OtherTotalExhaustFlowForBalance  Type: Float  iPropID:814  lDBID:53814001 
         Rule NEW:  Spc:MakeupOAFlow / MakeupOutdoorAirFlow  Type: Float  iPropID:815  lDBID:53815001 
         Rule NEW:  Spc:TotOAFlow / TotalOutdoorAirFlow  Type: Float  iPropID:816  lDBID:53816001 
         Rule NEW:  Spc:TotOAFlowForBal / TotalOutdoorAirFlowForBalance  Type: Float  iPropID:817  lDBID:53817001 
         Rule NEW:  Spc:OtherTotOAFlowForBal / OtherTotalOutdoorAirFlowForBalance  Type: Float  iPropID:818  lDBID:53818001 
         Rule NEW:  ThrmlZn:MakeupAirFlow / MakeupAirFlow  Type: Float  iPropID:305  lDBID:97305001 
         Rule NEW:  ThrmlZn:MechOAExhBalRat / MechanicalOutdoorAirExhaustBalanceRatio  Type: Float  iPropID:306  lDBID:97306001 
         Rule NEW:  ThrmlZn:MakeupAirLbl / MakeupAirLabel  Type: String  iPropID:307  lDBID:97307001 
         Rule NEW:  Story:TotOAFlow / TotalOutdoorAirFlow  Type: Float  iPropID:200  lDBID:51200001 
         Rule NEW:  Story:TotOAFlowForBal / TotalOutdoorAirFlowForBalance  Type: Float  iPropID:201  lDBID:51201001 
         Rule NEW:  Story:OtherTotOAFlowForBal / OtherTotalOutdoorAirFlowForBalance  Type: Float  iPropID:202  lDBID:51202001 
         Rule NEW:  Story:TotExhFlow / TotalExhaustFlow  Type: Float  iPropID:203  lDBID:51203001 
         Rule NEW:  Story:TotExhFlowForBal / TotalExhaustFlowForBalance  Type: Float  iPropID:204  lDBID:51204001 
         Rule NEW:  Story:OtherTotExhFlowForBal / OtherTotalExhaustFlowForBalance  Type: Float  iPropID:205  lDBID:51205001 
         Rule NEW:  Story:OAExhBalRat / OutdoorAirExhaustBalanceRatio  Type: Float  iPropID:206  lDBID:51206001 
         Rule NEW:  Story:OtherOAExhBalRat / OtherOutdoorAirExhaustBalanceRatio  Type: Float  iPropID:207  lDBID:51207001 
         Rule NEW:  ResZnGrp:TotOAFlow / TotalOutdoorAirFlow  Type: Float  iPropID:47  lDBID:52047001 
         Rule NEW:  ResZnGrp:TotOAFlowForBal / TotalOutdoorAirFlowForBalance  Type: Float  iPropID:48  lDBID:52048001 
         Rule NEW:  ResZnGrp:OAExhBalRat / OutdoorAirExhaustBalanceRatio  Type: Float  iPropID:49  lDBID:52049001 
         Rule NEW:  Story:GenVentFlow / GeneralVentilationFlow  Type: Float  iPropID:208  lDBID:51208001 
         Rule NEW:  Bldg:GenVentFlow / GeneralVentilationFlow  Type: Float  iPropID:279  lDBID:50279001 
         Rule NEW:  Story:GenExhFlow / GeneralExhaustFlow  Type: Float  iPropID:209  lDBID:51209001 
         Rule NEW:  Bldg:GenExhFlow / GeneralExhaustFlow  Type: Float  iPropID:280  lDBID:50280001 
         Rule NEW:  ThrmlZn:VentSysExhFlowWithMult / VentilationSystemExhaustFlowWithMultiplier  Type: Float  iPropID:308  lDBID:97308001 
         Rule NEW:  ThrmlZn:ExhSysOAFlowWithMult / ExhaustSystemOutdoorAirWithMultiplier  Type: Float  iPropID:309  lDBID:97309001 
         Rule NEW:  Story:SupOAFlow / SupplyOutdoorAirFlow  Type: Float  iPropID:210  lDBID:51210001 
         Rule NEW:  Story:HtRcvryExhFlow / HeatRecoveryExhaustFlow  Type: Float  iPropID:211  lDBID:51211001 
         done.

Reading rule file: BaselineHVACSystems-T24N.rule
         Rule NEW:  Proj:CreateBaseHVAC / CreateBaselineHVAC  Type: Integer  iPropID:871  lDBID:1871001 
         Rule NEW:  Bldg:BaseNonResSysNum / BaselineNonresidentialSystemNumber  Type: Integer  iPropID:281  lDBID:50281001 
         Rule NEW:  Bldg:ResAreaForBaseSysMap / ResidentialAreaForBaselineSystemMap  Type: Float  iPropID:282  lDBID:50282001 
         Rule NEW:  Bldg:BaseResSysNum / BaselineResidentialSystemNumber  Type: Integer  iPropID:283  lDBID:50283001 
         Rule NEW:  Bldg:BaseCompRmSysNum / BaselineComputerRoomSystemNumber  Type: Integer  iPropID:284  lDBID:50284001 
         Rule NEW:  Bldg:LabSysExcept / LaboratorySystemException  Type: Integer  iPropID:285  lDBID:50285001 
         Rule NEW:  Bldg:BaseLabSysNum / BaselineLaboratorySystemNumber  Type: Integer  iPropID:286  lDBID:50286001 
         Rule NEW:  Bldg:BaseVivHiBiosftyLabSysNum / BaselineVivariumOrHighBiosaftyLaboratorySystemNumber  Type: Integer  iPropID:287  lDBID:50287001 
         Rule NEW:  Bldg:BaseCommKitSysNum / BaselineCommercialKitchenSystemNumber  Type: Integer  iPropID:288  lDBID:50288001 
         Rule NEW:  Proj:BaseHWFluidSysRef / BaseHotWaterFluidSystemReference  Type: ObjectRef (FluidSys)  iPropID:872  lDBID:1872001 
         Rule NEW:  Proj:BaseHPHWFluidSysRef / BaseHeatPumpHotWaterFluidSystemReference  Type: ObjectRef (FluidSys)  iPropID:873  lDBID:1873001 
         Rule NEW:  Proj:BaseCWFluidSysRef / BaseCondenserWaterFluidSystemReference  Type: ObjectRef (FluidSys)  iPropID:874  lDBID:1874001 
         Rule NEW:  Proj:BaseChWFluidSysRef / BaseChilledWaterFluidSystemReference  Type: ObjectRef (FluidSys)  iPropID:875  lDBID:1875001 
         Rule NEW:  FluidSys:CWSysRef / CondenserWaterSystemReference  Type: ObjectRef (FluidSys)  iPropID:107  lDBID:109107001 
         Rule NEW:  Proj:BaseACChWFluidSysRef / BaseChilledWaterFluidSystemReference  Type: ObjectRef (FluidSys)  iPropID:876  lDBID:1876001 
         Rule NEW:  Story:BaseHVACAreaForFlrSys / BaselineHVACAreaForFloorSystem  Type: Float  iPropID:212  lDBID:51212001 
         Rule NEW:  Story:BaseFlrSysRef / BaseFloorSystemReference  Type: ObjectRef (AirSys)  iPropID:213  lDBID:51213001 
         Rule NEW:  Spc:BaseHVACAreaForLabFlrSys / BaselineHVACAreaForLaboratoryFloorSystem  Type: Float  iPropID:819  lDBID:53819001 
         Rule NEW:  Story:BaseHVACAreaForLabFlrSys / BaselineHVACAreaForLaboratoryFloorSystem  Type: Float  iPropID:214  lDBID:51214001 
         Rule NEW:  Spc:BaseHVACAreaForVivHiBiosftyLabFlrSys / BaselineHVACAreaForVivariumOrHighBiosaftyLaboratoryFloorSystem  Type: Float  iPropID:820  lDBID:53820001 
         Rule NEW:  Story:BaseHVACAreaForVivHiBiosftyLabFlrSys / BaselineHVACAreaForVivariumOrHighBiosaftyLaboratoryFloorSystem  Type: Float  iPropID:215  lDBID:51215001 
         Rule NEW:  Story:LabFlrSysRef / LaboratoryFloorSystemReference  Type: ObjectRef (AirSys)  iPropID:216  lDBID:51216001 
         Rule NEW:  ThrmlZn:CreateBaseHVAC / CreateBaselineHVAC  Type: Integer  iPropID:310  lDBID:97310001 
         Rule NEW:  Spc:CreateBaseHVAC / CreateBaselineHVAC  Type: Integer  iPropID:821  lDBID:53821001 
         Rule NEW:  ResOtherZn:CreateBaseHVAC / CreateBaselineHVAC  Type: Integer  iPropID:435  lDBID:71435001 
         Rule NEW:  ThrmlZn:BaseZnAirSysRef / BaselineZoneAirSysReference  Type: ObjectRef (AirSys)  iPropID:311  lDBID:97311001 
         Rule NEW:  ThrmlZn:BaseZnZnSysRef / BaselineZoneZoneSystemReference  Type: ObjectRef (ZnSys)  iPropID:312  lDBID:97312001 
         Rule NEW:  ResOtherZn:BaseZnAirSysRef / BaselineZoneAirSystemReference  Type: ObjectRef (AirSys)  iPropID:436  lDBID:71436001 
         Rule NEW:  Spc:HasBaseFlrSys / HasFloorSystemReference  Type: Integer  iPropID:822  lDBID:53822001 
         Rule NEW:  Spc:BaseFlrSysRefAtSpc / BaselineFloorSystemReferenceAtSpace  Type: ObjectRef (AirSys)  iPropID:823  lDBID:53823001 
         Rule NEW:  ThrmlZn:HasBaseFlrSysSpcRef / HasBaseFloorSystemSpaceReference  Type: ObjectRef (Spc)  iPropID:313  lDBID:97313001 
         Rule NEW:  ThrmlZn:BaseFlrSysRefAtZn / BaseFloorSystemReference  Type: ObjectRef (AirSys)  iPropID:314  lDBID:97314001 
         Rule NEW:  AirSys:IsForPropHasUnknownHVAC / IsForProposedHasUnknownHVAC  Type: Integer  iPropID:222  lDBID:98222001 
         Rule NEW:  AirSys:IsBalancedVentSys / IsBalancedVentSys  Type: unknown!  iPropID:223  lDBID:98223001 
         Rule NEW:  ResOtherZn:TrmlUnitRef / TerminalUnitReference  Type: ObjectRef (TrmlUnit)  iPropID:437  lDBID:71437001 
         done.

Reading rule file: ProposedHVACSystems.rule
         Rule NEW:  ThrmlZn:AddClgToProp / AddCoolingToProposed  Type: Integer  iPropID:315  lDBID:97315001 
         Rule NEW:  ZnSys:AddClgToPropSys / AddCoolingToProposedSystem  Type: Integer  iPropID:232  lDBID:99232001 
         Rule NEW:  Proj:BaseCWFluidSysRef / BaseCondenserWaterFluidSystemReference  Type: ObjectRef (FluidSys)  iPropID:874  lDBID:1874001 
         Rule NEW:  Proj:BaseChWFluidSysRef / BaseChilledWaterFluidSystemReference  Type: ObjectRef (FluidSys)  iPropID:875  lDBID:1875001 
         Rule NEW:  TrmlUnit:IsActiveBeam / IsActiveBeam  Type: Integer  iPropID:41  lDBID:103041001 
         Rule NEW:  ZnSys:ActiveBeamTrmlUnitRef / ActiveBeamTerminalUnitReference  Type: ObjectRef (TrmlUnit)  iPropID:233  lDBID:99233001 
         Rule NEW:  ZnSys:CoilHtgCnt / CoilHtgCnt  Type: unknown!  iPropID:234  lDBID:99234001 
         Rule NEW:  ZnSys:CoilClgCnt / CoilClgCnt  Type: unknown!  iPropID:235  lDBID:99235001 
         Rule NEW:  ZnSys:FanCnt / FanCnt  Type: unknown!  iPropID:236  lDBID:99236001 
         Rule NEW:  ThrmlZn:PropVentOnlyAirSysRef / ProposedVentilationOnlyAirSystemReference  Type: ObjectRef (AirSys)  iPropID:316  lDBID:97316001 
         Rule NEW:  AirSys:PropVentOnlyThrmlZnRef / ProposedVentilationOnlyThermalZoneReference  Type: ObjectRef (ThrmlZn)  iPropID:224  lDBID:98224001 
         Rule NEW:  AirSys:PropVentOnlyZnSysRef / ProposedVentilationOnlyZoneSystemReference  Type: ObjectRef (ZnSys)  iPropID:225  lDBID:98225001 
         Rule NEW:  AirSys:IsPropVentOnlySys / IsProposedVentilationOnlySystem  Type: Integer  iPropID:226  lDBID:98226001 
         Rule NEW:  AirSys:PropVentOnlyZnSysType / ProposedVentilationOnlyZoneSystemType  Type: String  iPropID:227  lDBID:98227001 
         Rule NEW:  AirSys:IsBalancedVentSys / IsBalancedVentSys  Type: unknown!  iPropID:223  lDBID:98223001 
         Rule NEW:  AirSys:IsUnitaryHRRVentSys / IsUnitaryHRRVentSys  Type: unknown!  iPropID:228  lDBID:98228001 
         Rule NEW:  AirSys:HRRFanPwrAdj / HRRFanPwrAdj  Type: unknown!  iPropID:229  lDBID:98229001 
         Rule NEW:  HtRcvry:PropVentOnlyZnSysRef / ProposedVentilationOnlyZoneSystemReference  Type: ObjectRef (ZnSys)  iPropID:42  lDBID:108042001 
         Rule NEW:  Fan:PropVentOnlyZnSysRef / ProposedVentilationOnlyZoneSystemReference  Type: ObjectRef (ZnSys)  iPropID:48  lDBID:106048001 
         Rule NEW:  ThrmlZn:BaseSysNum / BaselineSystemNumber  Type: Integer  iPropID:128  lDBID:97128001 
         Rule NEW:  Spc:BaseSysNum / BaselineSystemNumber  Type: Integer  iPropID:324  lDBID:53324001 
         Rule NEW:  TrmlUnit:BaseSysNum / BaselineSystemNumber  Type: Integer  iPropID:42  lDBID:103042001 
         Rule NEW:  OACtrl:BaseSysNum / BaselineSystemNumber  Type: Integer  iPropID:25  lDBID:107025001 
         Rule NEW:  Fan:BaseSysNum / BaselineSystemNumber  Type: Integer  iPropID:49  lDBID:106049001 
         Rule NEW:  CoilClg:BaseSysNum / BaselineSystemNumber  Type: Integer  iPropID:53  lDBID:104053001 
         Rule NEW:  CoilHtg:BaseSysNum / BaselineSystemNumber  Type: Integer  iPropID:55  lDBID:105055001 
         Rule NEW:  AirSys:IsPropSys / IsProposedSystem  Type: Integer  iPropID:230  lDBID:98230001 
         Rule NEW:  ZnSys:IsPropSys / IsProposedSystem  Type: Integer  iPropID:237  lDBID:99237001 
         Rule NEW:  AirSys:BaseHasNoClgZns / BaselineHasNoCoolingZones  Type: Integer  iPropID:231  lDBID:98231001 
         Rule NEW:  ZnSys:BaseHasNoClgZns / BaselineHasNoCoolingZones  Type: Integer  iPropID:238  lDBID:99238001 
         Rule NEW:  AirSys:ServesThrmlZn / ServesThermalZone  Type: Integer  iPropID:211  lDBID:98211001 
         Rule NEW:  Proj:AWHPIsOnlyElecHtgSrc / AWHPIsOnlyElecHtgSrc  Type: Integer  iPropID:877  lDBID:1877001 
         Rule NEW:  FluidSys:HtPumpBlrRef / HtPumpBlrRef  Type: ObjectRef (WtrHtr)  iPropID:108  lDBID:109108001 
         Rule NEW:  FluidSys:HtPumpBlrFluidSegInRef / HtPumpBlrFluidSegInRef  Type: ObjectRef (FluidSeg)  iPropID:109  lDBID:109109001 
         Rule NEW:  FluidSys:HtPumpBlrFluidSegOutRef / HtPumpBlrFluidSegOutRef  Type: ObjectRef (FluidSeg)  iPropID:110  lDBID:109110001 
         Rule NEW:  FluidSys:DummyBlrRef / DummyBlrRef  Type: ObjectRef (Blr)  iPropID:111  lDBID:109111001 
         done.

Reading rule file: ThermalZone-Ventilation.rule
         Rule NEW:  ThrmlZn:VentIsRequired / VentilationIsRequired  Type: Integer  iPropID:317  lDBID:97317001 
         Rule NEW:  ThrmlZn:DCVIsNotAllowed / DemandControlVentilationIsNotAllowed  Type: Integer  iPropID:318  lDBID:97318001 
         Rule NEW:  Spc:DCVIsNotAllowed / DemandControlVentilationIsNotAllowed  Type: Integer  iPropID:824  lDBID:53824001 
         Rule NEW:  ThrmlZn:DCVIsRequired / DemandControlVentilationIsRequired  Type: Integer  iPropID:319  lDBID:97319001 
         Rule NEW:  Spc:DCVIsRequired / DemandControlVentilationIsRequired  Type: Integer  iPropID:825  lDBID:53825001 
         Rule NEW:  Spc:VentCtrlMthd / VentilationControlMethod  Type: Enumeration  iPropID:487  lDBID:53487001 
         Rule NEW:  Spc:HasDCV / HasDemandControlVentilation  Type: Integer  iPropID:488  lDBID:53488001 
         Rule NEW:  Spc:VentPerAreaFlowSim / VentilationPerAreaFlowSimulation  Type: Float  iPropID:826  lDBID:53826001 
         Rule NEW:  Spc:CodeVentPerPersonFlowSim / CodeVentilationPerPersonFlowSimulation  Type: Float  iPropID:827  lDBID:53827001 
         Rule NEW:  Spc:VentPerPersonFlowSim / VentilationPerPersonFlowSimulation  Type: Float  iPropID:828  lDBID:53828001 
         Rule NEW:  Spc:VentFlowSim / VentilationFlowSimulated  Type: Float  iPropID:829  lDBID:53829001 
         Rule NEW:  ThrmlZn:VentPerAreaFlowSim / MinimumVentilationFlow  Type: Float  iPropID:320  lDBID:97320001 
         Rule NEW:  ThrmlZn:VentPerPersonFlowSim / VentilationPerPersonFlowSimulated  Type: Float  iPropID:321  lDBID:97321001 
         Rule NEW:  ThrmlZn:CodeVentPerPersonSim / CodeVentilationPerPersonSimulation  Type: Float  iPropID:322  lDBID:97322001 
         Rule NEW:  ThrmlZn:CodeVentFlowWithMult / CodeVentilationFlowWithMultiplier  Type: Float  iPropID:323  lDBID:97323001 
         Rule NEW:  ThrmlZn:CodeDsgnVentACH / CodeDesignVentilationACH  Type: Float  iPropID:324  lDBID:97324001 
         Rule NEW:  ThrmlZn:VentFlowSim / VentilationFlowSimulated  Type: Float  iPropID:325  lDBID:97325001 
         Rule NEW:  ThrmlZn:VentFlowWithMult / VentilationFlowWithMultiplier  Type: Float  iPropID:326  lDBID:97326001 
         Rule NEW:  ThrmlZn:DsgnVentACH / DesignVentilationACH  Type: Float  iPropID:327  lDBID:97327001 
         Rule NEW:  ThrmlZn:DsgnVentPerArea / DesignVentilationPerArea  Type: Float  iPropID:328  lDBID:97328001 
         Rule NEW:  ThrmlZn:DsgnVentPerPerson / DesignVentilationPerPerson  Type: Float  iPropID:329  lDBID:97329001 
         Rule NEW:  ThrmlZn:MinVentFlow / MinimumVentilationFlow  Type: Float  iPropID:330  lDBID:97330001 
         Rule NEW:  ThrmlZn:MinVentACH / VentilationFlowMinimum  Type: Float  iPropID:331  lDBID:97331001 
         Rule NEW:  ThrmlZn:MinVentFlowWithMult / MinimumVentilationFlowWithMultiplier  Type: Float  iPropID:332  lDBID:97332001 
         Rule NEW:  ThrmlZn:OASupFlowWithMult / OutsideAirSupplyFlowWithMultiplier  Type: Float  iPropID:333  lDBID:97333001 
         done.

Reading rule file: ThermalZone-Exhaust.rule
         Rule NEW:  ThrmlZn:CodeExhFlow / CodeExhaustFlow  Type: Float  iPropID:334  lDBID:97334001 
         Rule NEW:  ThrmlZn:CodeExhFlowSim / CodeExhaustFlowSimulated  Type: Float  iPropID:335  lDBID:97335001 
         Rule NEW:  ThrmlZn:ExhFlowWithMult / ExhaustFlowWithMultiplier  Type: Float  iPropID:336  lDBID:97336001 
         Rule NEW:  ThrmlZn:MinExhACH / MinimumExhaustAirChangesPerHour  Type: Float  iPropID:337  lDBID:97337001 
         Rule NEW:  ThrmlZn:MinExhFlowWithMult / MinimumExhaustFlowWithMultiplier  Type: Float  iPropID:338  lDBID:97338001 
         Rule NEW:  ThrmlZn:MinExhFlowFrac / MinimumExhaustFlowFraction  Type: Float  iPropID:339  lDBID:97339001 
         Rule NEW:  ThrmlZn:LabFumeHoodLen / LabFumeHoodLength  Type: Float  iPropID:340  lDBID:97340001 
         Rule NEW:  ThrmlZn:LabFumeHoodLenWithMult / LabFumeHoodLengthWithMultiplier  Type: Float  iPropID:341  lDBID:97341001 
         Rule NEW:  ThrmlZn:LabFumeHoodVertSashExhFlow / LaboratoryFumeHoodVerticalSashExhaustFlow  Type: Float  iPropID:342  lDBID:97342001 
         Rule NEW:  ThrmlZn:LabFumeHoodVertAutoSashExhFlow / LaboratoryFumeHoodVerticalAutomaticSashExhaustFlow  Type: Float  iPropID:343  lDBID:97343001 
         Rule NEW:  ThrmlZn:LabOtherExhFlow / LaboratoryOtherExhaustFlow  Type: Float  iPropID:344  lDBID:97344001 
         Rule NEW:  ThrmlZn:LabFumeHoodVertAutoSashCtrlFrac / LaboratoryFumeHoodVerticalAutomaticSashControlFraction  Type: Float  iPropID:345  lDBID:97345001 
         Rule NEW:  ThrmlZn:LabExhFlowAutoSashCtrlFrac / LaboratoryExhaustFlowAutomaticSashControlFraction  Type: Float  iPropID:346  lDBID:97346001 
         Rule NEW:  ThrmlZn:DsgnExhACH / DesignExhaustAirChangesPerHour  Type: Float  iPropID:347  lDBID:97347001 
         Rule NEW:  ThrmlZn:CodeDsgnExhACH / CodeDesignExhaustAirChangesPerHour  Type: Float  iPropID:348  lDBID:97348001 
         Rule NEW:  ThrmlZn:DsgnExhPerArea / DesignExhaustPerArea  Type: Float  iPropID:349  lDBID:97349001 
         Rule NEW:  ThrmlZn:CodeDsgnExhPerArea / CodeDsgnExhaustPerArea  Type: Float  iPropID:350  lDBID:97350001 
         done.

Reading rule file: ThermalZone-Sizing.rule
         Rule NEW:  ThrmlZn:IsExtZn / IsExteriorZone  Type: Integer  iPropID:351  lDBID:97351001 
         Rule NEW:  ThrmlZn:HVACAutoSizing / HVACAutoSizing  Type: Integer  iPropID:352  lDBID:97352001 
         Rule NEW:  Proj:RuleEvalDuration / RuleEvalDuration  Type: Float  iPropID:714  lDBID:1714001 
         done.

Reading rule file: ResIAQFan.rule
         Rule NEW:  ResIAQFan:IAQCFMExh / IAQCFMExhaust  Type: Float  iPropID:28  lDBID:128028001 
         Rule NEW:  ResIAQFan:WperCFMExh / WattsPerCFMExhaust  Type: Float  iPropID:29  lDBID:128029001 
         Rule NEW:  ResIAQFan:IAQCFMSup / IAQCFMSupply  Type: Float  iPropID:30  lDBID:128030001 
         Rule NEW:  ResIAQFan:WperCFMSup / WattsPerCFMSupply  Type: Float  iPropID:31  lDBID:128031001 
         Rule NEW:  ResIAQFan:IAQCFMHRV / IAQCFMHRV  Type: Float  iPropID:32  lDBID:128032001 
         Rule NEW:  ResIAQFan:WperCFMHRV / WattsPerCFMHRV  Type: Float  iPropID:33  lDBID:128033001 
         Rule NEW:  ResIAQFan:IAQCFMBal / IAQCFMBalanced  Type: Float  iPropID:34  lDBID:128034001 
         Rule NEW:  ResIAQFan:WperCFMBal / WattsPerCFMBalanced  Type: Float  iPropID:35  lDBID:128035001 
         Rule NEW:  ResIAQFan:IAQHRVCFMxRcvEff / IAQHRVCFMxRcvEff  Type: Float  iPropID:36  lDBID:128036001 
         Rule NEW:  ResIAQFan:IAQHRVCFMxSRE / IAQHRVCFMxSRE  Type: Float  iPropID:37  lDBID:128037001 
         Rule NEW:  ResIAQFan:IAQHRVCFMxASRE / IAQHRVCFMxASRE  Type: Float  iPropID:38  lDBID:128038001 
         done.

Reading rule file: ResOtherZn-General.rule
         done.

Reading rule file: ResOtherZn-Occupants.rule
         Rule NEW:  ResOtherZn:OccNum / OccupancyNumber  Type: Float  iPropID:438  lDBID:71438001 
         Rule NEW:  ResOtherZn:MinOccNumSim / MinOccNumSim  Type: Float  iPropID:439  lDBID:71439001 
         done.

Reading rule file: ResOtherZn-Ventilation.rule
         Rule NEW:  ResOtherZn:CentralSupplyCFMWithMult / CentralSupplyCFMWithMult  Type: Float  iPropID:440  lDBID:71440001 
         Rule NEW:  ResOtherZn:CentralExhaustCFMWithMult / CentralExhaustCFMWithMult  Type: Float  iPropID:441  lDBID:71441001 
         Rule NEW:  ResOtherZn:SupplyFanPwr / SupplyFanPwr  Type: Float  iPropID:442  lDBID:71442001 
         Rule NEW:  ResOtherZn:ExhaustFanPwr / ExhaustFanPwr  Type: Float  iPropID:443  lDBID:71443001 
         Rule NEW:  ResOtherZn:SupplyFanPwrWithMult / SupplyFanPwrWithMult  Type: Float  iPropID:444  lDBID:71444001 
         Rule NEW:  ResOtherZn:ExhaustFanPwrWithMult / ExhaustFanPwrWithMult  Type: Float  iPropID:445  lDBID:71445001 
         Rule NEW:  ResOtherZn:CentralSupplyCFMHasPropFanPwrIdx / CentralSupplyCFMHasPropFanPwrIdx  Type: Float  iPropID:446  lDBID:71446001 
         Rule NEW:  ResOtherZn:CentralExhaustCFMHasPropFanPwrIdx / CentralExhaustCFMHasPropFanPwrIdx  Type: Float  iPropID:447  lDBID:71447001 
         Rule NEW:  ResOtherZn:VentFlowWithMult / VentilationFlowWithMultiplier  Type: Float  iPropID:448  lDBID:71448001 
         done.

Reading rule file: ResOtherZn-Exhaust.rule
         done.

Reading rule file: ResOtherZn-RecepProcess.rule
         done.

Reading rule file: ResOtherZn-ElevatorEscalator.rule
         done.

Reading rule file: HVACSecondary-General.rule
         Rule NEW:  AirSys:BypassCheckCode / BypassCheckCode  Type: Integer  iPropID:232  lDBID:98232001 
         Rule NEW:  ZnSys:BypassCheckCode / BypassCheckCode  Type: Integer  iPropID:239  lDBID:99239001 
         Rule NEW:  AirSys:BypassCheckSim / BypassCheckSim  Type: Integer  iPropID:233  lDBID:98233001 
         Rule NEW:  ZnSys:BypassCheckSim / BypassCheckSim  Type: Integer  iPropID:240  lDBID:99240001 
         Rule NEW:  AirSys:IsExhSys / IsExhaustSystem  Type: Integer  iPropID:234  lDBID:98234001 
         Rule NEW:  ZnSys:IsExhSys / IsExhaustSystem  Type: Integer  iPropID:241  lDBID:99241001 
         Rule NEW:  AirSys:IsResExhSys / IsResidentialExhaustSystem  Type: Integer  iPropID:235  lDBID:98235001 
         Rule NEW:  ZnSys:IsResExhSys / IsResidentialExhaustSystem  Type: Integer  iPropID:242  lDBID:99242001 
         Rule NEW:  AirSys:IsHRRVentSys / IsHighRiseResidentialVentilationSystem  Type: Integer  iPropID:236  lDBID:98236001 
         Rule NEW:  ZnSys:IsHRRVentSys / IsHighRiseResidentialVentilationSystem  Type: Integer  iPropID:243  lDBID:99243001 
         Rule NEW:  AirSys:IsUnitaryHRRVentSys / UnitaryHighRiseResidentialVentilationSystem  Type: Integer  iPropID:228  lDBID:98228001 
         Rule NEW:  ZnSys:IsUnitaryHRRVentSys / UnitaryHighRiseResidentialVentilationSystem  Type: Integer  iPropID:244  lDBID:99244001 
         Rule NEW:  AirSys:IsResSys / IsResidentialSystem  Type: Integer  iPropID:237  lDBID:98237001 
         Rule NEW:  ZnSys:IsResSys / IsResidentialSystem  Type: Integer  iPropID:245  lDBID:99245001 
         Rule NEW:  AirSys:IsVentOnlySys / IsVentilationOnlySystem  Type: Integer  iPropID:238  lDBID:98238001 
         Rule NEW:  ZnSys:IsVentOnlySys / IsVentilationOnlySystem  Type: Integer  iPropID:246  lDBID:99246001 
         Rule NEW:  AirSys:IsBalancedVentSys / IsBalancedVentilationSystem  Type: Integer  iPropID:223  lDBID:98223001 
         Rule NEW:  ZnSys:IsBalancedVentSys / IsBalancedVentilationSystem  Type: Integer  iPropID:247  lDBID:99247001 
         Rule NEW:  AirSys:IsMultiZnSys / IsMultiZoneSystem  Type: Integer  iPropID:239  lDBID:98239001 
         Rule NEW:  ZnSys:IsMultiZnSys / IsMultiZoneSystem  Type: Integer  iPropID:248  lDBID:99248001 
         Rule NEW:  AirSys:IsSglZnSys / IsSingleZoneSystem  Type: Integer  iPropID:240  lDBID:98240001 
         Rule NEW:  ZnSys:IsSglZnSys / IsSingleZoneSystem  Type: Integer  iPropID:249  lDBID:99249001 
         Rule NEW:  AirSys:IsVAVSys / IsVariableAirVolumeSystem  Type: Integer  iPropID:241  lDBID:98241001 
         Rule NEW:  ZnSys:IsVAVSys / IsVariableAirVolumeSystem  Type: Integer  iPropID:250  lDBID:99250001 
         Rule NEW:  AirSys:IsBaseHlthCareSys / IsBaselineHealthcareSystem  Type: Integer  iPropID:242  lDBID:98242001 
         Rule NEW:  ZnSys:IsBaseHlthCareSys / IsBaselineHealthcareSystem  Type: Integer  iPropID:251  lDBID:99251001 
         Rule NEW:  AirSys:IsLrgHlthCareFanSys / IsLargeHealthcareFanSystem  Type: Integer  iPropID:243  lDBID:98243001 
         Rule NEW:  ZnSys:IsLrgHlthCareFanSys / IsLargeHealthcareFanSystem  Type: Integer  iPropID:252  lDBID:99252001 
         Rule NEW:  AirSys:IsHlthCareDOAS / IsHealthcareDOAS  Type: Integer  iPropID:244  lDBID:98244001 
         Rule NEW:  ZnSys:IsHlthCareDOAS / IsHealthcareDOAS  Type: Integer  iPropID:253  lDBID:99253001 
         Rule NEW:  AirSys:IsLabBaseSys / IsLaboratoryBaselineSystem  Type: Integer  iPropID:245  lDBID:98245001 
         Rule NEW:  AirSys:IsVivOrHiBiosftyLabSys / IsVivOrHiBiosftyLabSys  Type: Integer  iPropID:246  lDBID:98246001 
         Rule NEW:  AirSys:IsRetailBaseSys / IsRetailBaselineSystem  Type: Integer  iPropID:247  lDBID:98247001 
         Rule NEW:  AirSys:IsSchoolBaseSys / IsSchoolBaselineSystem  Type: Integer  iPropID:248  lDBID:98248001 
         Rule NEW:  AirSys:IsOfficeBaseSys / IsOfficeBaselineSystem  Type: Integer  iPropID:249  lDBID:98249001 
         Rule NEW:  AirSys:IsLibraryBaseSys / IsLibraryBaselineSystem  Type: Integer  iPropID:250  lDBID:98250001 
         Rule NEW:  AirSys:IsWarehouseOfficeBaseSys / IsWarehouseOfficeBaselineSystem  Type: Integer  iPropID:251  lDBID:98251001 
         Rule NEW:  AirSys:IsFuture / IsFuture  Type: Integer  iPropID:252  lDBID:98252001 
         Rule NEW:  AirSys:IsPartFuture / IsPartialFuture  Type: Integer  iPropID:253  lDBID:98253001 
         Rule NEW:  AirSys:IsCondgSys / ConditioningSystem  Type: Integer  iPropID:254  lDBID:98254001 
         Rule NEW:  AirSys:IsExisting / IsExisting  Type: Integer  iPropID:255  lDBID:98255001 
         Rule NEW:  AirSys:IsAltered / IsAltered  Type: Integer  iPropID:256  lDBID:98256001 
         Rule NEW:  AirSys:IsNew / IsNew  Type: Integer  iPropID:257  lDBID:98257001 
         Rule NEW:  ZnSys:IsFuture / IsFuture  Type: Integer  iPropID:254  lDBID:99254001 
         Rule NEW:  ZnSys:IsCondgSys / ConditioningSystem  Type: Integer  iPropID:255  lDBID:99255001 
         Rule NEW:  ZnSys:IsExisting / IsExisting  Type: Integer  iPropID:256  lDBID:99256001 
         Rule NEW:  ZnSys:IsAltered / IsAltered  Type: Integer  iPropID:257  lDBID:99257001 
         Rule NEW:  ZnSys:IsNew / IsNew  Type: Integer  iPropID:258  lDBID:99258001 
         Rule NEW:  AirSys:CntSim / CntSim  Type: Integer  iPropID:258  lDBID:98258001 
         Rule NEW:  ZnSys:CntSim / CntSim  Type: Integer  iPropID:259  lDBID:99259001 
         Rule NEW:  AirSys:AirDistType / AirDistributionType  Type: Enumeration  iPropID:259  lDBID:98259001 
         Rule NEW:  ZnSys:AirDistType / AirDistributionType  Type: Enumeration  iPropID:260  lDBID:99260001 
         Rule NEW:  AirSys:SysVentFlowUncorrected / SystemVentilationFlowUncorrected  Type: Float  iPropID:260  lDBID:98260001 
         Rule NEW:  AirSys:SysMinVentFlow / SystemMinimumVentilationFlow  Type: Float  iPropID:261  lDBID:98261001 
         Rule NEW:  AirSys:SysCodeVentFlow / SystemCodeVentilationFlow  Type: Float  iPropID:262  lDBID:98262001 
         Rule NEW:  AirSys:OAFlowRat / OutsideAirFlowRatio  Type: Float  iPropID:263  lDBID:98263001 
         Rule NEW:  ZnSys:SysVentFlowUncorrected / SystemVentilationFlowUncorrected  Type: Float  iPropID:261  lDBID:99261001 
         Rule NEW:  ZnSys:SysMinVentFlow / SystemMinimumVentilationFlow  Type: Float  iPropID:262  lDBID:99262001 
         Rule NEW:  ZnSys:SysCodeVentFlow / SystemCodeVentilationFlow  Type: Float  iPropID:263  lDBID:99263001 
         Rule NEW:  ZnSys:OAFlowRat / OutsideAirFlowRatio  Type: Float  iPropID:264  lDBID:99264001 
         Rule NEW:  AirSeg:DXCap / DirectExpansionCapacity  Type: Float  iPropID:7  lDBID:101007001 
         Rule NEW:  AirSeg:ClgCap / CoolingCapacity  Type: Float  iPropID:8  lDBID:101008001 
         Rule NEW:  AirSeg:ElecResHtgCap / ElectricResistanceHeatingCapacity  Type: Float  iPropID:9  lDBID:101009001 
         Rule NEW:  AirSeg:HtPumpCap / HeatPumpCapacity  Type: Float  iPropID:10  lDBID:101010001 
         Rule NEW:  AirSeg:NonElecHtgCap / NonElectricHeatingCapacity  Type: Float  iPropID:11  lDBID:101011001 
         Rule NEW:  AirSeg:HtgCap / HeatingCapacity  Type: Float  iPropID:12  lDBID:101012001 
         Rule NEW:  ZnSys:HtPumpCap / HeatPumpCapacity  Type: Float  iPropID:265  lDBID:99265001 
         Rule NEW:  ZnSys:DXCap / DirectExpansionCapacity  Type: Float  iPropID:266  lDBID:99266001 
         Rule NEW:  ZnSys:VRFNetClgCap / VariableRefrigerantFlowNetCoolingCapacity  Type: Float  iPropID:267  lDBID:99267001 
         Rule NEW:  ZnSys:VRFNetClgCapSim / VariableRefrigerantFlowNetCoolingCapacitySimulated  Type: Float  iPropID:268  lDBID:99268001 
         Rule NEW:  ZnSys:VRFHlthCareNetClgCapSim / VariableRefrigerantFlowHealthCareNetCoolingCapacitySimulated  Type: Float  iPropID:269  lDBID:99269001 
         Rule NEW:  ZnSys:NonElecHtgCap / NonElectricHeatingCapacity  Type: Float  iPropID:270  lDBID:99270001 
         Rule NEW:  ZnSys:VRFNetHtgCap / VariableRefrigerantFlowNetHeatingCapacity  Type: Float  iPropID:271  lDBID:99271001 
         Rule NEW:  ZnSys:VRFNetHtgCapSim / VariableRefrigerantFlowNetHeatingCapacitySimulated  Type: Float  iPropID:272  lDBID:99272001 
         Rule NEW:  ZnSys:VRFHlthCareNetHtgCapSim / VariableRefrigerantFlowHealthCareNetHeatingCapacitySimulated  Type: Float  iPropID:273  lDBID:99273001 
         Rule NEW:  AirSys:UnitaryCat / UnitaryCategory  Type: Enumeration  iPropID:264  lDBID:98264001 
         Rule NEW:  ZnSys:UnitaryCat / UnitaryCategory  Type: Enumeration  iPropID:274  lDBID:99274001 
         Rule NEW:  ThrmlZn:StdIsSEER2 / StdIsSEER2  Type: Integer  iPropID:353  lDBID:97353001 
         Rule NEW:  Proj:StdIsSEER2 / StdIsSEER2  Type: Integer  iPropID:878  lDBID:1878001 
         Rule NEW:  AirSys:SEER2IsValid / SEER2IsValid  Type: Integer  iPropID:265  lDBID:98265001 
         Rule NEW:  AirSys:HSPF2IsValid / HSPF2IsValid  Type: Integer  iPropID:266  lDBID:98266001 
         Rule NEW:  AirSys:EER2IsValid / EER22IsValid  Type: Integer  iPropID:267  lDBID:98267001 
         Rule NEW:  ZnSys:SEER2IsValid / SEER2IsValid  Type: Integer  iPropID:275  lDBID:99275001 
         Rule NEW:  ZnSys:HSPF2IsValid / HSPF2IsValid  Type: Integer  iPropID:276  lDBID:99276001 
         Rule NEW:  ZnSys:EER2IsValid / EER2IsValid  Type: Integer  iPropID:277  lDBID:99277001 
         Rule NEW:  AirSys:EERDeduction / EERDeduction  Type: Float  iPropID:268  lDBID:98268001 
         Rule NEW:  ZnSys:EERDeduction / EERDeduction  Type: Float  iPropID:278  lDBID:99278001 
         Rule NEW:  AirSys:TotCondFlrArea / TotalConditionedFloorArea  Type: Float  iPropID:269  lDBID:98269001 
         Rule NEW:  ZnSys:TotCondFlrArea / TotalConditionedFloorArea  Type: Float  iPropID:279  lDBID:99279001 
         Rule NEW:  CoilClg:CoilClgIdx / CoilCoolingIndex  Type: Integer  iPropID:54  lDBID:104054001 
         Rule NEW:  CoilHtg:CoilHtgIdx / CoilHeatingIndex  Type: Integer  iPropID:56  lDBID:105056001 
         Rule NEW:  Fan:FanIdx / FanIndex  Type: Integer  iPropID:50  lDBID:106050001 
         Rule NEW:  AirSeg:CoilHtgHtPumpRef / CoilHeatingHeatPumpReference  Type: ObjectRef (CoilHtg)  iPropID:13  lDBID:101013001 
         Rule NEW:  AirSys:NumThrmlZnCond / NumberThermalZoneConditioned  Type: Integer  iPropID:270  lDBID:98270001 
         Rule NEW:  AirSys:NumThrmlZnWithDCV / NumberThermalZoneConditioned  Type: Integer  iPropID:271  lDBID:98271001 
         Rule NEW:  AirSys:NumThrmlZnVent / NumberThermalZoneVentilated  Type: Integer  iPropID:272  lDBID:98272001 
         Rule NEW:  AirSys:CondHVACZnCntWithMult / ConditionedHVACZoneCountWithMultiplier  Type: Integer  iPropID:273  lDBID:98273001 
         Rule NEW:  ZnSys:CondHVACZnCntWithMult / ConditionedHVACZoneCountWithMultiplier  Type: Integer  iPropID:280  lDBID:99280001 
         Rule NEW:  AirSys:AirSegCnt / AirSegmentCount  Type: Integer  iPropID:274  lDBID:98274001 
         Rule NEW:  AirSys:OACtrlCnt / OutsideAirControlCount  Type: Integer  iPropID:275  lDBID:98275001 
         Rule NEW:  AirSeg:CoilClgCnt / CoilCoolingCount  Type: Integer  iPropID:14  lDBID:101014001 
         Rule NEW:  AirSeg:CoilHtgCnt / CoilHeatingCount  Type: Integer  iPropID:15  lDBID:101015001 
         Rule NEW:  AirSeg:FanCnt / FanCount  Type: Integer  iPropID:16  lDBID:101016001 
         Rule NEW:  ZnSys:CoilClgCnt / CoilCoolingCount  Type: Integer  iPropID:235  lDBID:99235001 
         Rule NEW:  ZnSys:CoilHtgCnt / CoilHeatingCount  Type: Integer  iPropID:234  lDBID:99234001 
         Rule NEW:  ZnSys:FanCnt / FanCount  Type: Integer  iPropID:236  lDBID:99236001 
         Rule NEW:  AirSys:WinInterlockRptFlag / WindowInterlockReportFlag  Type: Integer  iPropID:276  lDBID:98276001 
         Rule NEW:  ZnSys:WinInterlockRptFlag / WindowInterlockReportFlag  Type: Integer  iPropID:281  lDBID:99281001 
         done.

Reading rule file: HVACSecondary-VRFSys.rule
         Rule NEW:  VRFSys:BypassCheckCode / BypassCheckCode  Type: Integer  iPropID:120  lDBID:100120001 
         Rule NEW:  VRFSys:HasHtRcvry / HasHtRcvry  Type: Integer  iPropID:121  lDBID:100121001 
         Rule NEW:  VRFSys:IsSglZnSys / IsSglZnSys  Type: Integer  iPropID:122  lDBID:100122001 
         Rule NEW:  VRFSys:IsExisting / IsExisting  Type: Integer  iPropID:123  lDBID:100123001 
         Rule NEW:  VRFSys:IsAltered / IsAltered  Type: Integer  iPropID:124  lDBID:100124001 
         Rule NEW:  VRFSys:IsNew / IsNew  Type: Integer  iPropID:125  lDBID:100125001 
         Rule NEW:  VRFSys:IsCondgSys / IsConditioningSystem  Type: Integer  iPropID:126  lDBID:100126001 
         Rule NEW:  VRFSys:IsBaseHlthCareSys / IsBaselineHealthcareSystem  Type: Integer  iPropID:127  lDBID:100127001 
         Rule NEW:  VRFSys:IsMFamSys / IsMFamSys  Type: Integer  iPropID:128  lDBID:100128001 
         Rule NEW:  VRFSys:CombRat / CombinationRatio  Type: Float  iPropID:129  lDBID:100129001 
         Rule NEW:  Proj:ResZnHVACSysCreated / ResidentialZoneHVACSystemsCreated  Type: Integer  iPropID:879  lDBID:1879001 
         Rule NEW:  VRFSys:NonCoincidentClgCapSum / NonCoincidentCoolingCapacitySum  Type: Float  iPropID:130  lDBID:100130001 
         Rule NEW:  VRFSys:NonCoincidentHtgCapSum / NonCoincidentHeatingCapacitySum  Type: Float  iPropID:131  lDBID:100131001 
         Rule NEW:  VRFSys:NonCoincidentHlthCareClgCapSum / NonCoincidentCoolingHealthCareCapacitySum  Type: Float  iPropID:132  lDBID:100132001 
         Rule NEW:  VRFSys:NonCoincidentHlthCareHtgCapSum / NonCoincidentHeatingHealthCareCapacitySum  Type: Float  iPropID:133  lDBID:100133001 
         Rule NEW:  VRFSys:ClgCombRat / CoolingCombinationRatio  Type: Float  iPropID:134  lDBID:100134001 
         Rule NEW:  VRFSys:HtgCombRat / HeatingCombinationRatio  Type: Float  iPropID:135  lDBID:100135001 
         Rule NEW:  VRFSys:FanHtRtd / FanHeatRated  Type: Float  iPropID:136  lDBID:100136001 
         Rule NEW:  VRFSys:ScalingForHlthCareReq / ScalingForHealthCareRequired  Type: Integer  iPropID:137  lDBID:100137001 
         Rule NEW:  VRFSys:ClgHlthCareScalar / CoolingHealthCareScalar  Type: Float  iPropID:138  lDBID:100138001 
         Rule NEW:  VRFSys:HtgHlthCareScalar / HeatingHealthCareScalar  Type: Float  iPropID:139  lDBID:100139001 
         Rule NEW:  VRFSys:VRF2023Factor / VRF2023Factor  Type: Float  iPropID:140  lDBID:100140001 
         Rule NEW:  VRFSys:CodeMinSEER / CodeMinimumSEER  Type: Float  iPropID:141  lDBID:100141001 
         Rule NEW:  VRFSys:EERDeduction / EERDeduction  Type: Float  iPropID:142  lDBID:100142001 
         Rule NEW:  VRFSys:CodeMinEER / CodeMinimumEER  Type: Float  iPropID:143  lDBID:100143001 
         Rule NEW:  VRFSys:CodeMinIEER / CodeMinimumIEER  Type: Float  iPropID:144  lDBID:100144001 
         Rule NEW:  VRFSys:EER2023Rpt / EER2023Rpt  Type: Float  iPropID:145  lDBID:100145001 
         Rule NEW:  VRFSys:IEER / IEER  Type: Float  iPropID:146  lDBID:100146001 
         Rule NEW:  VRFSys:ClgRndFact / EERRoundingFactor  Type: Float  iPropID:147  lDBID:100147001 
         Rule NEW:  VRFSys:SEERRnd / EERRound  Type: Float  iPropID:148  lDBID:100148001 
         Rule NEW:  VRFSys:EERRnd / EERRound  Type: Float  iPropID:149  lDBID:100149001 
         Rule NEW:  VRFSys:EERAdj / EERAdjusted  Type: Float  iPropID:150  lDBID:100150001 
         Rule NEW:  VRFSys:CodeMinHSPF / CodeMinimumHSPF  Type: Float  iPropID:151  lDBID:100151001 
         Rule NEW:  VRFSys:CodeMinCOP / CodeMinimumCOP  Type: Float  iPropID:152  lDBID:100152001 
         Rule NEW:  VRFSys:HtgRndFact / HeatingRoundingFactor  Type: Float  iPropID:153  lDBID:100153001 
         Rule NEW:  VRFSys:HSPFRnd / HSPFRound  Type: Float  iPropID:154  lDBID:100154001 
         Rule NEW:  VRFSys:COPRnd / COPRound  Type: Float  iPropID:155  lDBID:100155001 
         Rule NEW:  VRFSys:COPAdj / COPAdjusted  Type: Float  iPropID:156  lDBID:100156001 
         Rule NEW:  VRFSys:IsLessThanMinEff / IsLessThanMinimumEfficiency  Type: Integer  iPropID:157  lDBID:100157001 
         Rule NEW:  VRFSys:WinInterlockRptFlag / WindowInterlockReportFlag  Type: Integer  iPropID:158  lDBID:100158001 
         done.

Reading rule file: HVACSecondary-ScheduleGroups.rule
         Rule NEW:  AirSys:CompRmArea / ComputerRoomArea  Type: Float  iPropID:277  lDBID:98277001 
         Rule NEW:  ZnSys:CompRmArea / ComputerRoomArea  Type: Float  iPropID:282  lDBID:99282001 
         Rule NEW:  AirSys:LabArea / LaboratoryArea  Type: Float  iPropID:278  lDBID:98278001 
         Rule NEW:  ZnSys:LabArea / LaboratoryArea  Type: Float  iPropID:283  lDBID:99283001 
         Rule NEW:  AirSys:CommKitArea / CommercialKitchenArea  Type: Float  iPropID:279  lDBID:98279001 
         Rule NEW:  ZnSys:CommKitArea / CommercialKitchenArea  Type: Float  iPropID:284  lDBID:99284001 
         Rule NEW:  AirSys:PrkgGarArea / ParkingGarageArea  Type: Float  iPropID:280  lDBID:98280001 
         Rule NEW:  ZnSys:PrkgGarArea / ParkingGarageArea  Type: Float  iPropID:285  lDBID:99285001 
         Rule NEW:  AirSys:FactoryArea / FactoryArea  Type: Float  iPropID:281  lDBID:98281001 
         Rule NEW:  ZnSys:FactoryArea / FactoryArea  Type: Float  iPropID:286  lDBID:99286001 
         Rule NEW:  AirSys:Is24HrSys / Is24HourSystem  Type: Float  iPropID:282  lDBID:98282001 
         Rule NEW:  ZnSys:Is24HrSys / Is24HourSystem  Type: Float  iPropID:287  lDBID:99287001 
         Rule NEW:  AirSys:ProcArea / ProcessArea  Type: Float  iPropID:283  lDBID:98283001 
         Rule NEW:  AirSys:FuncGrpAreaAssembly / FunctionGroupAreaAssembly  Type: Float  iPropID:284  lDBID:98284001 
         Rule NEW:  AirSys:FuncGrpAreaData / FunctionGroupAreaData  Type: Float  iPropID:285  lDBID:98285001 
         Rule NEW:  AirSys:FuncGrpAreaHealth / FunctionGroupAreaHealth  Type: Float  iPropID:286  lDBID:98286001 
         Rule NEW:  AirSys:FuncGrpAreaLab / FunctionGroupAreaLab  Type: Float  iPropID:287  lDBID:98287001 
         Rule NEW:  AirSys:FuncGrpAreaManufacturing / FunctionGroupAreaManufacturing  Type: Float  iPropID:288  lDBID:98288001 
         Rule NEW:  AirSys:FuncGrpAreaOffice / FunctionGroupAreaOffice  Type: Float  iPropID:289  lDBID:98289001 
         Rule NEW:  AirSys:FuncGrpAreaParking / FunctionGroupAreaParking  Type: Float  iPropID:290  lDBID:98290001 
         Rule NEW:  AirSys:FuncGrpAreaResidentialCommon / FunctionGroupAreaResidentialCommon  Type: Float  iPropID:291  lDBID:98291001 
         Rule NEW:  AirSys:FuncGrpAreaResidentialLiving / FunctionGroupAreaResidentialLiving  Type: Float  iPropID:292  lDBID:98292001 
         Rule NEW:  AirSys:FuncGrpAreaRestaurant / FunctionGroupAreaRestaurant  Type: Float  iPropID:293  lDBID:98293001 
         Rule NEW:  AirSys:FuncGrpAreaRetail / FunctionGroupAreaRetail  Type: Float  iPropID:294  lDBID:98294001 
         Rule NEW:  AirSys:FuncGrpAreaSchool / FunctionGroupAreaSchool  Type: Float  iPropID:295  lDBID:98295001 
         Rule NEW:  AirSys:FuncGrpAreaWarehouse / FunctionGroupAreaWarehouse  Type: Float  iPropID:296  lDBID:98296001 
         Rule NEW:  ZnSys:FuncGrpAreaAssembly / FunctionGroupAreaAssembly  Type: Float  iPropID:288  lDBID:99288001 
         Rule NEW:  ZnSys:FuncGrpAreaData / FunctionGroupAreaData  Type: Float  iPropID:289  lDBID:99289001 
         Rule NEW:  ZnSys:FuncGrpAreaHealth / FunctionGroupAreaHealth  Type: Float  iPropID:290  lDBID:99290001 
         Rule NEW:  ZnSys:FuncGrpAreaLab / FunctionGroupAreaLab  Type: Float  iPropID:291  lDBID:99291001 
         Rule NEW:  ZnSys:FuncGrpAreaManufacturing / FunctionGroupAreaManufacturing  Type: Float  iPropID:292  lDBID:99292001 
         Rule NEW:  ZnSys:FuncGrpAreaOffice / FunctionGroupAreaOffice  Type: Float  iPropID:293  lDBID:99293001 
         Rule NEW:  ZnSys:FuncGrpAreaParking / FunctionGroupAreaParking  Type: Float  iPropID:294  lDBID:99294001 
         Rule NEW:  ZnSys:FuncGrpAreaResidentialCommon / FunctionGroupAreaResidentialCommon  Type: Float  iPropID:295  lDBID:99295001 
         Rule NEW:  ZnSys:FuncGrpAreaResidentialLiving / FunctionGroupAreaResidentialLiving  Type: Float  iPropID:296  lDBID:99296001 
         Rule NEW:  ZnSys:FuncGrpAreaRestaurant / FunctionGroupAreaRestaurant  Type: Float  iPropID:297  lDBID:99297001 
         Rule NEW:  ZnSys:FuncGrpAreaRetail / FunctionGroupAreaRetail  Type: Float  iPropID:298  lDBID:99298001 
         Rule NEW:  ZnSys:FuncGrpAreaSchool / FunctionGroupAreaSchool  Type: Float  iPropID:299  lDBID:99299001 
         Rule NEW:  ZnSys:FuncGrpAreaWarehouse / FunctionGroupAreaWarehouse  Type: Float  iPropID:300  lDBID:99300001 
         Rule NEW:  AirSys:MaxFuncGrpArea / MaxFunctionGroupArea  Type: Float  iPropID:297  lDBID:98297001 
         Rule NEW:  AirSys:PredominantFuncGrp / PredominantFunctionGroup  Type: String  iPropID:298  lDBID:98298001 
         Rule NEW:  ZnSys:MaxFuncGrpArea / MaxFunctionGroupArea  Type: Float  iPropID:301  lDBID:99301001 
         Rule NEW:  ZnSys:PredominantFuncGrp / PredominantFunctionGroup  Type: String  iPropID:302  lDBID:99302001 
         Rule NEW:  AirSys:MaxAreaThrmlZnRef / MaximumAreaThermalZoneRef  Type: ObjectRef (ThrmlZn)  iPropID:299  lDBID:98299001 
         Rule NEW:  ZnSys:MaxAreaThrmlZnRef / MaximumAreaThermalZoneRef  Type: ObjectRef (ThrmlZn)  iPropID:303  lDBID:99303001 
         Rule NEW:  AirSys:ServeMultSetptZn / ServeMultSetptZn  Type: Integer  iPropID:300  lDBID:98300001 
         Rule NEW:  ThrmlZn:PropPriAvailSchRef / ProposedPrimaryAvailabilityScheduleRef  Type: ObjectRef (Sch)  iPropID:354  lDBID:97354001 
         done.

Reading rule file: HVACSecondary-AirSegment.rule
         Rule NEW:  AirSeg:IsNew / IsNew  Type: Integer  iPropID:17  lDBID:101017001 
         Rule NEW:  AirSeg:IsExisting / IsExisting  Type: Integer  iPropID:18  lDBID:101018001 
         Rule NEW:  AirSeg:IsFuture / IsFuture  Type: Integer  iPropID:19  lDBID:101019001 
         Rule NEW:  AirSeg:SupAirSegIdx / SupplyAirSegmentIndex  Type: Integer  iPropID:20  lDBID:101020001 
         Rule NEW:  AirSeg:RetAirSegIdx / SupplyAirSegmentIndex  Type: Integer  iPropID:21  lDBID:101021001 
         Rule NEW:  AirSeg:ParentAirSysRef / ParentAirSystemReference  Type: ObjectRef (AirSys)  iPropID:22  lDBID:101022001 
         done.

Reading rule file: ThermalZone-Controls.rule
         Rule NEW:  ThrmlZn:IsServedByRadSys / IsServedByRadiantSystem  Type: Integer  iPropID:355  lDBID:97355001 
         Rule NEW:  ThrmlZn:RadSysClgTstatDeltaT / RadiantSystemCoolingThermostatDeltaT  Type: Float  iPropID:356  lDBID:97356001 
         Rule NEW:  ThrmlZn:RadSysHtgTstatDeltaT / RadiantSystemHeatingThermostatDeltaT  Type: Float  iPropID:357  lDBID:97357001 
         Rule NEW:  ThrmlZn:ClgSetback / ClgSetback  Type: Float  iPropID:358  lDBID:97358001 
         Rule NEW:  ThrmlZn:HtgSetback / HtgSetback  Type: Float  iPropID:359  lDBID:97359001 
         Rule NEW:  ThrmlZn:TstatOnSchRef / HeatingThermostatOnScheduleReference  Type: ObjectRef (Sch)  iPropID:360  lDBID:97360001 
         Rule NEW:  ThrmlZn:ClgTstatDeltaTSchRef / CoolingThermostatDeltaTScheduleReference  Type: ObjectRef (Sch)  iPropID:361  lDBID:97361001 
         Rule NEW:  ThrmlZn:HtgTstatDeltaTSchRef / HeatingThermostatDeltaTScheduleReference  Type: ObjectRef (Sch)  iPropID:362  lDBID:97362001 
         Rule NEW:  ThrmlZn:HtgTstatSchMaxVal / HeatingThermostatScheduleReferenceMaximumValue  Type: Float  iPropID:363  lDBID:97363001 
         Rule NEW:  ThrmlZn:ClgTstatSchMinVal / CoolingThermostatScheduleReferenceMinimumValue  Type: Float  iPropID:364  lDBID:97364001 
         Rule NEW:  ThrmlZn:UniqueVentSysAssigned / UniqueVentilationSystemAssigned  Type: Float  iPropID:365  lDBID:97365001 
         done.

Reading rule file: HVACSecondary-Sizing.rule
         done.

Reading rule file: HVACSecondary-TerminalUnit-General.rule
         Rule NEW:  TrmlUnit:ServesThrmlZn / ServesThermalZone  Type: Integer  iPropID:43  lDBID:103043001 
         Rule NEW:  TrmlUnit:ServesResZn / ServesResidentialZone  Type: Integer  iPropID:44  lDBID:103044001 
         Rule NEW:  TrmlUnit:FlrAreaServed / FloorAreaServed  Type: Float  iPropID:45  lDBID:103045001 
         Rule NEW:  TrmlUnit:VolServed / VolumeServed  Type: Float  iPropID:46  lDBID:103046001 
         Rule NEW:  TrmlUnit:ParentAirSysRef / ParentAirSystemReference  Type: ObjectRef (AirSys)  iPropID:47  lDBID:103047001 
         Rule NEW:  TrmlUnit:IsVAVSys / IsVAVSys  Type: Integer  iPropID:48  lDBID:103048001 
         Rule NEW:  TrmlUnit:IsNew / IsNew  Type: Integer  iPropID:49  lDBID:103049001 
         Rule NEW:  TrmlUnit:IsExisting / IsExisting  Type: Integer  iPropID:50  lDBID:103050001 
         Rule NEW:  TrmlUnit:IsFuture / IsFuture  Type: Integer  iPropID:51  lDBID:103051001 
         Rule NEW:  TrmlUnit:SysCntSim / SysCntSim  Type: Integer  iPropID:52  lDBID:103052001 
         Rule NEW:  TrmlUnit:SysCntControlledWithMult / SystemCountControlledWithMult  Type: Integer  iPropID:53  lDBID:103053001 
         Rule NEW:  TrmlUnit:HVACZnCnt / HVACZoneCount  Type: Integer  iPropID:54  lDBID:103054001 
         Rule NEW:  TrmlUnit:PriAirFLowMaxNoExhZnSim / PriAirFLowMaxNoExhZnSim  Type: Float  iPropID:55  lDBID:103055001 
         Rule NEW:  AirSys:NumTrmlUnitAllTypes / NumberTerminalUnitAllTypes  Type: Integer  iPropID:301  lDBID:98301001 
         Rule NEW:  AirSys:NumTrmlUnitNonFanPowered / NumberTerminalUnitNonFanPowered  Type: Integer  iPropID:302  lDBID:98302001 
         Rule NEW:  AirSys:NumTrmlUnitFanPowered / NumberTerminalUnitFanPowered  Type: Integer  iPropID:303  lDBID:98303001 
         Rule NEW:  Bldg:NumTrmlUnit / NumberTerminalUnit  Type: Integer  iPropID:289  lDBID:50289001 
         Rule NEW:  TrmlUnit:PriAirFlowMaxPerArea / PrimaryAirFlowMaximumPerArea  Type: Float  iPropID:56  lDBID:103056001 
         Rule NEW:  TrmlUnit:PriAirFlowMaxACH / PrimaryAirFlowMaximumACH  Type: Float  iPropID:57  lDBID:103057001 
         Rule NEW:  TrmlUnit:PriAirFlowMinPerArea / PrimaryAirFlowMinimumPerArea  Type: Float  iPropID:58  lDBID:103058001 
         Rule NEW:  TrmlUnit:PriAirFlowMinACH / PrimaryAirFlowMinimumACH  Type: Float  iPropID:59  lDBID:103059001 
         Rule NEW:  TrmlUnit:OASupFlowWithMult / OutsideAirSupplyFlowWithMultiplier  Type: Float  iPropID:60  lDBID:103060001 
         done.

Reading rule file: HVACSecondary-ChilledBeams.rule
         Rule NEW:  CoilClg:ChBeamInducedFlow / ChilledBeamInducedFlow  Type: Float  iPropID:55  lDBID:104055001 
         Rule NEW:  TrmlUnit:TotAirFlowPerArea / TotalZoneAirFlowPerArea  Type: Float  iPropID:61  lDBID:103061001 
         Rule NEW:  TrmlUnit:TotAirFlowACH / TotalZoneAirFlowAirChangesPerHour  Type: Float  iPropID:62  lDBID:103062001 
         Rule NEW:  TrmlUnit:TransferEff / TransferEfficiency  Type: Float  iPropID:63  lDBID:103063001 
         done.

Reading rule file: HVACSecondary-Fan-General.rule
         Rule NEW:  Fan:ServesResZn / ServesResidentialZone  Type: Integer  iPropID:51  lDBID:106051001 
         Rule NEW:  Fan:SysCntSim / SysCntSim  Type: Integer  iPropID:52  lDBID:106052001 
         Rule NEW:  Fan:SysType / SystemType  Type: String  iPropID:53  lDBID:106053001 
         Rule NEW:  Fan:IsSupFan / IsSupplyFan  Type: Integer  iPropID:54  lDBID:106054001 
         Rule NEW:  Proj:UseLegacyFanObj / UseLegacyFanObj  Type: Integer  iPropID:880  lDBID:1880001 
         Rule NEW:  Fan:BypassCheckCode / BypassCheckCode  Type: Integer  iPropID:55  lDBID:106055001 
         Rule NEW:  Fan:BypassCheckSim / BypassCheckSim  Type: Integer  iPropID:56  lDBID:106056001 
         Rule NEW:  Fan:IsNew / IsNew  Type: Integer  iPropID:57  lDBID:106057001 
         Rule NEW:  Fan:IsExisting / IsExisting  Type: Integer  iPropID:58  lDBID:106058001 
         Rule NEW:  Fan:IsHlthCare / IsHlthCare  Type: Integer  iPropID:59  lDBID:106059001 
         Rule NEW:  Fan:IsBaseHlthCare / IsBaselineHealthCare  Type: Integer  iPropID:60  lDBID:106060001 
         Rule NEW:  Fan:SizingRat / SizingRatio  Type: Float  iPropID:61  lDBID:106061001 
         Rule NEW:  AirSys:TotTrmlPriAirFlowMaxSim / TotalTerminalPrimaryAirFlowMaximumSimulated  Type: Float  iPropID:304  lDBID:98304001 
         Rule NEW:  AirSys:TotTrmlPriAirFlowMaxNoExhZnSim / TotalTerminalPrimaryAirFlowMaximumSimulated  Type: Float  iPropID:305  lDBID:98305001 
         Rule NEW:  AirSys:TotTrmlPriAirFlowMinSim / TotalTerminalPrimaryAirFlowMinimumSimulated  Type: Float  iPropID:306  lDBID:98306001 
         Rule NEW:  ZnSys:HasSysFlowProp / HasSystemFlowProperty  Type: Integer  iPropID:304  lDBID:99304001 
         Rule NEW:  AirSeg:FanFlowCap / FanFlowCapacity  Type: Float  iPropID:23  lDBID:101023001 
         Rule NEW:  AirSeg:FanFlowMinCap / FanFlowMinimumCapacity  Type: Float  iPropID:24  lDBID:101024001 
         Rule NEW:  AirSys:RetFanCap / ReturnFanCapacity  Type: Float  iPropID:307  lDBID:98307001 
         Rule NEW:  AirSys:ReliefFanCap / ReliefFanCapacity  Type: Float  iPropID:308  lDBID:98308001 
         Rule NEW:  AirSys:SupFanFlowMin / SupplyFanFlowMinimum  Type: Float  iPropID:309  lDBID:98309001 
         Rule NEW:  AirSys:SupFanFlowMinRat / SupplyFanFlowMinimumRatio  Type: Float  iPropID:310  lDBID:98310001 
         Rule NEW:  AirSeg:IsCVSupFan / IsConstantVolumeSupplyFan  Type: Integer  iPropID:25  lDBID:101025001 
         Rule NEW:  AirSys:SysOARat / SystemOutsideAirRatio  Type: Float  iPropID:311  lDBID:98311001 
         Rule NEW:  ZnSys:IsCVSupFan / IsConstantVolumeSupplyFan  Type: Integer  iPropID:305  lDBID:99305001 
         Rule NEW:  ZnSys:SysOARat / SystemOutsideAirRatio  Type: Float  iPropID:306  lDBID:99306001 
         Rule NEW:  ZnSys:ClgSupFanCap / CoolingSupplyFanCapacity  Type: Float  iPropID:307  lDBID:99307001 
         Rule NEW:  ZnSys:HtgSupFanCap / HeatingSupplyFanCapacity  Type: Float  iPropID:308  lDBID:99308001 
         Rule NEW:  ZnSys:NoClgSupFanCap / NoCoolingSupplyFanCapacity  Type: Float  iPropID:309  lDBID:99309001 
         Rule NEW:  ZnSys:NoHtgSupFanCap / NoHeatingSupplyFanCapacity  Type: Float  iPropID:310  lDBID:99310001 
         Rule NEW:  ZnSys:NoClgHtgSupFanCap / NoCoolingHeatingSupplyFanCapacity  Type: Float  iPropID:311  lDBID:99311001 
         Rule NEW:  ThrmlZn:BaseAirSys14SupFanCap / TotalBaselineAirSystem14SupplyFanCapacity  Type: Float  iPropID:366  lDBID:97366001 
         Rule NEW:  Story:TotalBaseAirSys14SupFanCap / TotalBaselineAirSystem14SupplyFanCapacity  Type: Float  iPropID:217  lDBID:51217001 
         Rule NEW:  ThrmlZn:TotalBaseAirSys14SupFanCap / TotalBaselineAirSystem14SupplyFanCapacity  Type: Float  iPropID:367  lDBID:97367001 
         Rule NEW:  ThrmlZn:BaseAirSys14VentFlow / TotalBaselineAirSystem14VentilationFlow  Type: Float  iPropID:368  lDBID:97368001 
         Rule NEW:  Story:TotalBaseAirSys14VentFlow / TotalBaselineAirSystem14VentilationFlow  Type: Float  iPropID:218  lDBID:51218001 
         Rule NEW:  ThrmlZn:TotalBaseAirSys14VentFlow / TotalBaselineAirSystem14VentilationFlow  Type: Float  iPropID:369  lDBID:97369001 
         done.

Reading rule file: HVACSecondary-Fan-FanRatios.rule
         Rule NEW:  ThrmlZn:PriAirCondgSysDsgnFlow / PrimaryAirConditioningSystemDesignFlow  Type: Float  iPropID:370  lDBID:97370001 
         Rule NEW:  ThrmlZn:VentSysDsgnFlow / VentilationSystemDesignAirFlow  Type: Float  iPropID:371  lDBID:97371001 
         Rule NEW:  ThrmlZn:MaxDsgnFlow / MaximumDesignAirFlow  Type: Float  iPropID:372  lDBID:97372001 
         Rule NEW:  ThrmlZn:BaseToPropDsgnSupFlowRat / BaselineToProposedDesignFlowRatio  Type: Float  iPropID:373  lDBID:97373001 
         Rule NEW:  ThrmlZn:PriZnToSysFlowRat / PrimaryZoneToSystemFlowRatio  Type: Float  iPropID:374  lDBID:97374001 
         Rule NEW:  ThrmlZn:VentZnToSysFlowRat / VentilationZoneToSystemFlowRatio  Type: Float  iPropID:375  lDBID:97375001 
         Rule NEW:  ThrmlZn:ExhZnToSysFlowRat / ExhaustZoneToSystemFlowRatio  Type: Float  iPropID:376  lDBID:97376001 
         Rule NEW:  AirSys:ZnExhFlow / ZoneExhaustFlow  Type: Float  iPropID:312  lDBID:98312001 
         Rule NEW:  ZnSys:ZnExhFlow / ZoneExhaustFlow  Type: Float  iPropID:312  lDBID:99312001 
         Rule NEW:  ThrmlZn:PriSysPropSupFanPwr / PrimarySystemProposedSupplyFanPower  Type: Float  iPropID:377  lDBID:97377001 
         Rule NEW:  ThrmlZn:VentSysPropSupFanPwr / VentilationSystemProposedSupplyFanPower  Type: Float  iPropID:378  lDBID:97378001 
         Rule NEW:  ThrmlZn:TotPropSupFanPwr / TotalProposedSupplyFanPower  Type: Float  iPropID:379  lDBID:97379001 
         Rule NEW:  ThrmlZn:PriSysPropRetFanPwr / PrimarySystemProposedReturnFanPower  Type: Float  iPropID:380  lDBID:97380001 
         Rule NEW:  ThrmlZn:VentSysPropRetFanPwr / VentilationSystemProposedReturnFanPower  Type: Float  iPropID:381  lDBID:97381001 
         Rule NEW:  ThrmlZn:TotPropRetFanPwr / TotalProposedReturnFanPower  Type: Float  iPropID:382  lDBID:97382001 
         Rule NEW:  ThrmlZn:PriSysPropReliefFanPwr / PrimarySystemProposedReliefFanPower  Type: Float  iPropID:383  lDBID:97383001 
         Rule NEW:  ThrmlZn:VentSysPropReliefFanPwr / VentilationSystemProposedReliefFanPower  Type: Float  iPropID:384  lDBID:97384001 
         Rule NEW:  ThrmlZn:TotPropReliefFanPwr / TotalProposedReliefFanPower  Type: Float  iPropID:385  lDBID:97385001 
         Rule NEW:  ThrmlZn:TotPriSysPropFanPwr / TotalPrimarySystemProposedFanPower  Type: Float  iPropID:386  lDBID:97386001 
         Rule NEW:  ThrmlZn:TotVentSysPropFanPwr / TotalVentilationSystemProposedFanPower  Type: Float  iPropID:387  lDBID:97387001 
         Rule NEW:  ThrmlZn:PropExhFanPwr / ProposedExhaustFanPower  Type: Float  iPropID:388  lDBID:97388001 
         Rule NEW:  ThrmlZn:TotPropFanPwr / TotalProposedFanPower  Type: Float  iPropID:389  lDBID:97389001 
         Rule NEW:  AirSys:TotPropSysFanPwr / TotalSystemFanPower  Type: Float  iPropID:313  lDBID:98313001 
         Rule NEW:  AirSys:PropExhFanPwr / ProposedExhaustFanPower  Type: Float  iPropID:314  lDBID:98314001 
         Rule NEW:  AirSys:SupFanPwrRat / SupplyFanPowerRatio  Type: Float  iPropID:315  lDBID:98315001 
         Rule NEW:  AirSys:RetFanPwrRat / ReturnFanPowerRatio  Type: Float  iPropID:316  lDBID:98316001 
         Rule NEW:  AirSys:ReliefFanPwrRat / ReliefFanPowerRatio  Type: Float  iPropID:317  lDBID:98317001 
         Rule NEW:  AirSys:ExhFanPwrRat / ExhaustFanPowerRatio  Type: Float  iPropID:318  lDBID:98318001 
         Rule NEW:  AirSys:TotFanPwrRat / TotalFanPowerRatio  Type: Float  iPropID:319  lDBID:98319001 
         Rule NEW:  ZnSys:TotPropSysFanPwr / TotalSystemFanPower  Type: Float  iPropID:313  lDBID:99313001 
         Rule NEW:  ZnSys:PropExhFanPwr / ProposedExhaustFanPower  Type: Float  iPropID:314  lDBID:99314001 
         Rule NEW:  ZnSys:SupFanPwrRat / SupplyFanPowerRatio  Type: Float  iPropID:315  lDBID:99315001 
         Rule NEW:  ZnSys:RetFanPwrRat / ReturnFanPowerRatio  Type: Float  iPropID:316  lDBID:99316001 
         Rule NEW:  ZnSys:ReliefFanPwrRat / ReliefFanPowerRatio  Type: Float  iPropID:317  lDBID:99317001 
         Rule NEW:  ZnSys:ExhFanPwrRat / ExhaustFanPowerRatio  Type: Float  iPropID:318  lDBID:99318001 
         Rule NEW:  ZnSys:TotFanPwrRat / TotalFanPowerRatio  Type: Float  iPropID:319  lDBID:99319001 
         Rule NEW:  ThrmlZn:ZnToSysPropExhFanPwrRat / ZoneToSystemProposedExhaustFanPowerRatio  Type: Float  iPropID:390  lDBID:97390001 
         Rule NEW:  ThrmlZn:ZnToSysExhFlowRat / ZoneToSystemExhaustFlowRatio  Type: Float  iPropID:391  lDBID:97391001 
         Rule NEW:  ThrmlZn:PropResVentSysPwrIdx / ProposedResidentialVentilationSystemPowerIndex  Type: Float  iPropID:392  lDBID:97392001 
         done.

Reading rule file: HVACSecondary-Fan-ResFanRatios.rule
         Rule NEW:  ResOtherZn:PriAirCondgSysDsgnFlow / PrimaryAirConditioningSystemDesignFlow  Type: Float  iPropID:449  lDBID:71449001 
         Rule NEW:  ResOtherZn:VentSysDsgnFlow / VentilationSystemDesignAirFlow  Type: Float  iPropID:450  lDBID:71450001 
         Rule NEW:  ResOtherZn:MaxDsgnFlow / MaximumDesignAirFlow  Type: Float  iPropID:451  lDBID:71451001 
         Rule NEW:  ResOtherZn:BaseToPropDsgnSupFlowRat / BaselineToProposedDesignFlowRatio  Type: Float  iPropID:452  lDBID:71452001 
         Rule NEW:  ResOtherZn:PriZnToSysFlowRat / PrimaryZoneToSystemFlowRatio  Type: Float  iPropID:453  lDBID:71453001 
         Rule NEW:  ResOtherZn:VentZnToSysFlowRat / VentilationZoneToSystemFlowRatio  Type: Float  iPropID:454  lDBID:71454001 
         Rule NEW:  ResOtherZn:ExhZnToSysFlowRat / ExhaustZoneToSystemFlowRatio  Type: Float  iPropID:455  lDBID:71455001 
         Rule NEW:  ResOtherZn:PriSysPropSupFanPwr / PrimarySystemProposedSupplyFanPower  Type: Float  iPropID:456  lDBID:71456001 
         Rule NEW:  ResOtherZn:VentSysPropSupFanPwr / VentilationSystemProposedSupplyFanPower  Type: Float  iPropID:457  lDBID:71457001 
         Rule NEW:  ResOtherZn:TotPropSupFanPwr / TotalProposedSupplyFanPower  Type: Float  iPropID:458  lDBID:71458001 
         Rule NEW:  ResOtherZn:PriSysPropRetFanPwr / PrimarySystemProposedReturnFanPower  Type: Float  iPropID:459  lDBID:71459001 
         Rule NEW:  ResOtherZn:VentSysPropRetFanPwr / VentilationSystemProposedReturnFanPower  Type: Float  iPropID:460  lDBID:71460001 
         Rule NEW:  ResOtherZn:TotPropRetFanPwr / TotalProposedReturnFanPower  Type: Float  iPropID:461  lDBID:71461001 
         Rule NEW:  ResOtherZn:PriSysPropReliefFanPwr / PrimarySystemProposedReliefFanPower  Type: Float  iPropID:462  lDBID:71462001 
         Rule NEW:  ResOtherZn:VentSysPropReliefFanPwr / VentilationSystemProposedReliefFanPower  Type: Float  iPropID:463  lDBID:71463001 
         Rule NEW:  ResOtherZn:TotPropReliefFanPwr / TotalProposedReliefFanPower  Type: Float  iPropID:464  lDBID:71464001 
         Rule NEW:  ResOtherZn:TotPriSysPropFanPwr / TotalPrimarySystemProposedFanPower  Type: Float  iPropID:465  lDBID:71465001 
         Rule NEW:  ResOtherZn:TotVentSysPropFanPwr / TotalVentilationSystemProposedFanPower  Type: Float  iPropID:466  lDBID:71466001 
         Rule NEW:  ResOtherZn:PropExhFanPwr / ProposedExhaustFanPower  Type: Float  iPropID:467  lDBID:71467001 
         Rule NEW:  ResOtherZn:TotPropFanPwr / TotalProposedFanPower  Type: Float  iPropID:468  lDBID:71468001 
         Rule NEW:  AirSys:TotPropSysFanPwr / TotalSystemFanPower  Type: Float  iPropID:313  lDBID:98313001 
         Rule NEW:  AirSys:PropExhFanPwr / ProposedExhaustFanPower  Type: Float  iPropID:314  lDBID:98314001 
         Rule NEW:  AirSys:SupFanPwrRat / SupplyFanPowerRatio  Type: Float  iPropID:315  lDBID:98315001 
         Rule NEW:  AirSys:RetFanPwrRat / ReturnFanPowerRatio  Type: Float  iPropID:316  lDBID:98316001 
         Rule NEW:  AirSys:ReliefFanPwrRat / ReliefFanPowerRatio  Type: Float  iPropID:317  lDBID:98317001 
         Rule NEW:  AirSys:ExhFanPwrRat / ExhaustFanPowerRatio  Type: Float  iPropID:318  lDBID:98318001 
         Rule NEW:  AirSys:TotFanPwrRat / TotalFanPowerRatio  Type: Float  iPropID:319  lDBID:98319001 
         Rule NEW:  ResOtherZn:ZnToSysPropExhFanPwrRat / ZoneToSystemProposedExhaustFanPowerRatio  Type: Float  iPropID:469  lDBID:71469001 
         done.

Reading rule file: HVACSecondary-Fan-Pressure Credits-T24N.rule
         Rule NEW:  Proj:PDDevFlowTol / PressureDropDeviceFlowTolerance  Type: Float  iPropID:881  lDBID:1881001 
         Rule NEW:  Proj:FanPwrIdxAdjNormPD / FanPowerIndexAdjustmentNormalizedPressureDrop  Type: Float  iPropID:882  lDBID:1882001 
         Rule NEW:  AirSys:FanSysType / FanSystemType  Type: Enumeration  iPropID:320  lDBID:98320001 
         Rule NEW:  ZnSys:FanSysType / FanSystemType  Type: Enumeration  iPropID:320  lDBID:99320001 
         Rule NEW:  AirSys:AnnualOperHrs / AnnualOperHrs  Type: Float  iPropID:321  lDBID:98321001 
         Rule NEW:  AirSys:HtRcvryReqThreshold / HtRcvryReqThreshold  Type: Float  iPropID:322  lDBID:98322001 
         Rule NEW:  AirSys:PrescriptiveHtRcvryReq / PrescriptiveHtRcvryReq  Type: Integer  iPropID:323  lDBID:98323001 
         Rule NEW:  AirSys:BaseERVSupPwrAdj / BaselineEnergyRecoveryVentilatorSupplyPowerAdjustment  Type: Float  iPropID:324  lDBID:98324001 
         Rule NEW:  AirSys:BaseERVRetPwrAdj / BaselineEnergyRecoveryVentilatorReturnPowerAdjustment  Type: Float  iPropID:325  lDBID:98325001 
         Rule NEW:  AirSys:BaseERVPwrAdj / BaselineEnergyRecoveryVentilatorPowerAdjustment  Type: Float  iPropID:326  lDBID:98326001 
         Rule NEW:  ZnSys:BaseERVPwrAdj / BaselineEnergyRecoveryVentilatorPowerAdjustment  Type: Float  iPropID:321  lDBID:99321001 
         Rule NEW:  AirSys:NonExhPDAdjAllowed / NonExhaustPressureDropAdjustmentAllowed  Type: Integer  iPropID:327  lDBID:98327001 
         Rule NEW:  AirSys:ExhPDAdjAllowed / ExhaustPressureDropAdjustmentAllowed  Type: Integer  iPropID:328  lDBID:98328001 
         Rule NEW:  ZnSys:NonExhPDAdjAllowed / NonExhaustPressureDropAdjustmentAllowed  Type: Integer  iPropID:322  lDBID:99322001 
         Rule NEW:  ZnSys:ExhPDAdjAllowed / ExhaustPressureDropAdjustmentAllowed  Type: Integer  iPropID:323  lDBID:99323001 
         Rule NEW:  AirSys:MERVGTE16AdjAllowed / MERVGreaterThan16AdjustmentAllowed  Type: Integer  iPropID:329  lDBID:98329001 
         Rule NEW:  AirSys:FullyDuctedExhAdjAllowed / FullyDuctedExhaustAdjustmentAllowed  Type: Integer  iPropID:330  lDBID:98330001 
         Rule NEW:  AirSys:BiosftyCabExhAdjAllowed / BiosafetyCabinetAdjustmentAllowed  Type: Integer  iPropID:331  lDBID:98331001 
         Rule NEW:  ZnSys:MERVGTE16AdjAllowed / MERVGreaterThan16AdjustmentAllowed  Type: Integer  iPropID:324  lDBID:99324001 
         Rule NEW:  ZnSys:FullyDuctedExhAdjAllowed / FullyDuctedExhaustAdjustmentAllowed  Type: Integer  iPropID:325  lDBID:99325001 
         Rule NEW:  ZnSys:BiosftyCabExhAdjAllowed / BiosafetyCabinetAdjustmentAllowed  Type: Integer  iPropID:326  lDBID:99326001 
         Rule NEW:  AirSys:FullyDuctedExhPDAdj / FullyDuctedExhaustPressureDropAdjustment  Type: Float  iPropID:332  lDBID:98332001 
         Rule NEW:  AirSys:FullyDuctedExhPwrIdxAdj / FullyDuctedExhaustPowerIndexAdjustment  Type: Float  iPropID:333  lDBID:98333001 
         Rule NEW:  AirSys:ExhCtrlPDAdj / ExhaustControlPressureDropAdjustment  Type: Float  iPropID:334  lDBID:98334001 
         Rule NEW:  AirSys:ExhCtrlPwrIdxAdj / ExhaustControlPowerIndexAdjustment  Type: Float  iPropID:335  lDBID:98335001 
         Rule NEW:  AirSys:FullyDuctedExhLabOrVivPDAdj / FullyDuctedExhaustLabOrVivariumPressureDropAdjustment  Type: Float  iPropID:336  lDBID:98336001 
         Rule NEW:  AirSys:FullyDuctedExhLabOrVivPwrIdxAdj / FullyDuctedExhaustLabOrVivariumPowerIndexAdjustment  Type: Float  iPropID:337  lDBID:98337001 
         Rule NEW:  AirSys:ExhFiltersPDAdj / ExhaustFiltersPressureDropAdjustment  Type: Float  iPropID:338  lDBID:98338001 
         Rule NEW:  AirSys:ExhFiltersPwrIdxAdj / ExhaustFiltersPowerIndexAdjustment  Type: Float  iPropID:339  lDBID:98339001 
         Rule NEW:  AirSys:ExhFiltersPwrAdj / ExhaustFiltersPowerAdjustment  Type: Float  iPropID:340  lDBID:98340001 
         Rule NEW:  AirSys:BiosftyCabExhPDAdj / BiosafetyCabinetExhaustPressureDropAdjustment  Type: Float  iPropID:341  lDBID:98341001 
         Rule NEW:  AirSys:BiosftyCabExhPwrIdxAdj / BiosafetyCabinetExhaustPowerIndexAdjustment  Type: Float  iPropID:342  lDBID:98342001 
         Rule NEW:  AirSys:FumeHoodExhPDAdj / FumeHoodExhaustPressureDropAdjustment  Type: Float  iPropID:343  lDBID:98343001 
         Rule NEW:  AirSys:FumeHoodExhPwrIdxAdj / FumeHoodExhaustPowerIndexAdjustment  Type: Float  iPropID:344  lDBID:98344001 
         Rule NEW:  AirSys:LabOrVivExhHiRisePDAdj / LabOrVivariumExhaustHighRisePressureDropAdjustment  Type: Float  iPropID:345  lDBID:98345001 
         Rule NEW:  AirSys:LabOrVivExhHiRisePwrIdxAdj / LabOrVivariumExhaustHighRisePowerIndexAdjustment  Type: Float  iPropID:346  lDBID:98346001 
         Rule NEW:  AirSys:SndAttnExhPDAdj / SoundAttenuationExhaustPressureDropAdjustment  Type: Float  iPropID:347  lDBID:98347001 
         Rule NEW:  AirSys:SndAttnExhPwrIdxAdj / SoundAttenuationExhaustPowerIndexAdjustment  Type: Float  iPropID:348  lDBID:98348001 
         Rule NEW:  AirSys:FullyDuctedRetPDAdj / FullyDuctedExhaustPressureDropAdjustment  Type: Float  iPropID:349  lDBID:98349001 
         Rule NEW:  AirSys:FullyDuctedRetPwrIdxAdj / FullyDuctedReturnPowerIndexAdjustment  Type: Float  iPropID:350  lDBID:98350001 
         Rule NEW:  AirSys:FullyDuctedRetFlowRat / FullyDuctedExhaustFlowRatio  Type: Float  iPropID:351  lDBID:98351001 
         Rule NEW:  AirSys:RetCtrlPDAdj / ReturnControlPressureDropAdjustment  Type: Float  iPropID:352  lDBID:98352001 
         Rule NEW:  AirSys:RetCtrlPwrIdxAdj / ReturnControlPowerIndexAdjustment  Type: Float  iPropID:353  lDBID:98353001 
         Rule NEW:  AirSys:RetCtrlDevFlowRat / ReturnControlDeviceFlowRatio  Type: Float  iPropID:354  lDBID:98354001 
         Rule NEW:  AirSys:FullyDuctedRetLabOrVivPDAdj / FullyDuctedReturnLabOrVivariumPressureDropAdjustment  Type: Float  iPropID:355  lDBID:98355001 
         Rule NEW:  AirSys:FullyDuctedRetLabOrVivFlowRat / FullyDuctedReturnLabOrVivariumFlowRatio  Type: Float  iPropID:356  lDBID:98356001 
         Rule NEW:  AirSys:FullyDuctedRetLabOrVivPwrIdxAdj / FullyDuctedReturnLabOrVivariumPowerIndexAdjustment  Type: Float  iPropID:357  lDBID:98357001 
         Rule NEW:  AirSys:MERV9To12PDAdj / MERV9To12PDPressureDropAdjustment  Type: Float  iPropID:358  lDBID:98358001 
         Rule NEW:  AirSys:MERV9To12FlowRat / MERV9To12PDPressureDropAdjustment  Type: Float  iPropID:359  lDBID:98359001 
         Rule NEW:  AirSys:MERV9To12PwrIdxAdj / MERV9To12PowerIndexAdjustment  Type: Float  iPropID:360  lDBID:98360001 
         Rule NEW:  AirSys:MERV13To15PDAdj / MERV13To15PressureDropAdjustment  Type: Float  iPropID:361  lDBID:98361001 
         Rule NEW:  AirSys:MERV13To15FlowRat / MERV13To15FlowRatio  Type: Float  iPropID:362  lDBID:98362001 
         Rule NEW:  AirSys:MERV13To15PwrIdxAdj / MERV13To15PowerIndexAdjustment  Type: Float  iPropID:363  lDBID:98363001 
         Rule NEW:  AirSys:MERVGTE16PDAdj / MERVGreaterThanOrEqualTo16PressureDropAdjustment  Type: Float  iPropID:364  lDBID:98364001 
         Rule NEW:  AirSys:MERVGTE16PwrIdxAdj / MERVGreaterThanOrEqualTo16PowerIndexAdjustment  Type: Float  iPropID:365  lDBID:98365001 
         Rule NEW:  AirSys:MERVGTE16FlowRat / MERVGreaterThanOrEqualTo16FlowRatio  Type: Float  iPropID:366  lDBID:98366001 
         Rule NEW:  AirSys:GasPhaseAirCleanersPDAdj / GasPhaseAirCleanersPressureDropAdjustment  Type: Float  iPropID:367  lDBID:98367001 
         Rule NEW:  AirSys:GasPhaseAirCleanersPwrIdxAdj / GasPhaseAirCleanersPowerIndexAdjustment  Type: Float  iPropID:368  lDBID:98368001 
         Rule NEW:  AirSys:GasPhaseAirCleanersFlowRat / GasPhaseAirCleanersFlowRatio  Type: Float  iPropID:369  lDBID:98369001 
         Rule NEW:  AirSys:ERVPDAdj / EnergyRecoveryVentilatorPressureDropAdjustment  Type: Float  iPropID:370  lDBID:98370001 
         Rule NEW:  AirSys:ERVFlowRat / EnergyRecoveryVentilatiorFlowRatio  Type: Float  iPropID:371  lDBID:98371001 
         Rule NEW:  AirSys:ERVPwrIdxAdj / EnergyRecoveryVentilatorPowerIndexAdjustment  Type: Float  iPropID:372  lDBID:98372001 
         Rule NEW:  AirSys:EvapHumOrClrPDAdj / EvaporativeHumidifierOrCoolerPressureDropAdjustment  Type: Float  iPropID:373  lDBID:98373001 
         Rule NEW:  AirSys:EvapHumOrClrFlowRat / EvaporativeHumidifierOrCoolerFlowRatio  Type: Float  iPropID:374  lDBID:98374001 
         Rule NEW:  AirSys:EvapHumOrClrPwrIdxAdj / EvaporativeHumidifierOrCoolerPowerIndexAdjustment  Type: Float  iPropID:375  lDBID:98375001 
         Rule NEW:  AirSys:SndAttnPDAdj / SoundAttenuationPressureDropAdjustment  Type: Float  iPropID:376  lDBID:98376001 
         Rule NEW:  AirSys:SndAttnFlowRat / SoundAttenuationFlowRatio  Type: Float  iPropID:377  lDBID:98377001 
         Rule NEW:  AirSys:SndAttnPwrIdxAdj / SoundAttenuationPowerIndexAdjustment  Type: Float  iPropID:378  lDBID:98378001 
         Rule NEW:  ZnSys:FullyDuctedExhPDAdj / FullyDuctedExhaustPressureDropAdjustment  Type: Float  iPropID:327  lDBID:99327001 
         Rule NEW:  ZnSys:FullyDuctedExhPwrIdxAdj / FullyDuctedExhaustPowerIndexAdjustment  Type: Float  iPropID:328  lDBID:99328001 
         Rule NEW:  ZnSys:ExhCtrlPDAdj / FullyDuctedExhaustPressureDropAdjustment  Type: Float  iPropID:329  lDBID:99329001 
         Rule NEW:  ZnSys:ExhCtrlPwrIdxAdj / ExhaustControlPowerIndexAdjustment  Type: Float  iPropID:330  lDBID:99330001 
         Rule NEW:  ZnSys:FullyDuctedExhLabOrVivPDAdj / FullyDuctedExhaustLabOrVivariumPressureDropAdjustment  Type: Float  iPropID:331  lDBID:99331001 
         Rule NEW:  ZnSys:FullyDuctedExhLabOrVivPwrIdxAdj / FullyDuctedExhaustLabOrVivariumPowerIndexAdjustment  Type: Float  iPropID:332  lDBID:99332001 
         Rule NEW:  ZnSys:ExhFiltersPDAdj / ExhaustFiltersPressureDropAdjustment  Type: Float  iPropID:333  lDBID:99333001 
         Rule NEW:  ZnSys:ExhFiltersPwrIdxAdj / ExhaustFiltersPowerIndexAdjustment  Type: Float  iPropID:334  lDBID:99334001 
         Rule NEW:  ZnSys:ExhFiltersPwrAdj / ExhaustFiltersPowerAdjustment  Type: Float  iPropID:335  lDBID:99335001 
         Rule NEW:  ZnSys:BiosftyCabExhPDAdj / BiosafetyCabinetPressureDropAdjustment  Type: Float  iPropID:336  lDBID:99336001 
         Rule NEW:  ZnSys:BiosftyCabExhPwrIdxAdj / BiosafetyCabinetExhaustPowerIndexAdjustment  Type: Float  iPropID:337  lDBID:99337001 
         Rule NEW:  ZnSys:FumeHoodExhPDAdj / FumeHoodExhaustPressureDropAdjustment  Type: Float  iPropID:338  lDBID:99338001 
         Rule NEW:  ZnSys:FumeHoodExhPwrIdxAdj / FumeHoodExhaustPowerIndexAdjustment  Type: Float  iPropID:339  lDBID:99339001 
         Rule NEW:  ZnSys:LabOrVivExhHiRisePDAdj / LabOrVivariumExhaustHighRisePressureDropAdjustment  Type: Float  iPropID:340  lDBID:99340001 
         Rule NEW:  ZnSys:LabOrVivExhHiRisePwrIdxAdj / LabOrVivariumExhaustHighRisePowerIndexAdjustment  Type: Float  iPropID:341  lDBID:99341001 
         Rule NEW:  ZnSys:SndAttnExhPDAdj / SoundAttenuationExhaustPressureDropAdjustment  Type: Float  iPropID:342  lDBID:99342001 
         Rule NEW:  ZnSys:SndAttnExhPwrIdxAdj / SoundAttenuationExhaustPowerIndexAdjustment  Type: Float  iPropID:343  lDBID:99343001 
         Rule NEW:  ZnSys:FullyDuctedRetPDAdj / FullyDuctedExhaustPressureDropAdjustment  Type: Float  iPropID:344  lDBID:99344001 
         Rule NEW:  ZnSys:FullyDuctedRetPwrIdxAdj / FullyDuctedReturnPowerIndexAdjustment  Type: Float  iPropID:345  lDBID:99345001 
         Rule NEW:  ZnSys:FullyDuctedRetFlowRat / FullyDuctedExhaustFlowRatio  Type: Float  iPropID:346  lDBID:99346001 
         Rule NEW:  ZnSys:RetCtrlPDAdj / FullyDuctedReturnPressureDropAdjustment  Type: Float  iPropID:347  lDBID:99347001 
         Rule NEW:  ZnSys:RetCtrlPwrIdxAdj / ReturnControlPowerIndexAdjustment  Type: Float  iPropID:348  lDBID:99348001 
         Rule NEW:  ZnSys:RetCtrlDevFlowRat / ReturnControlDeviceFlowRatio  Type: Float  iPropID:349  lDBID:99349001 
         Rule NEW:  ZnSys:FullyDuctedRetLabOrVivPDAdj / FullyDuctedReturnLabOrVivariumPressureDropAdjustment  Type: Float  iPropID:350  lDBID:99350001 
         Rule NEW:  ZnSys:FullyDuctedRetLabOrVivPwrIdxAdj / FullyDuctedReturnLabOrVivariumPowerIndexAdjustment  Type: Float  iPropID:351  lDBID:99351001 
         Rule NEW:  ZnSys:FullyDuctedRetLabOrVivFlowRat / FullyDuctedReturnLabOrVivariumFlowRatio  Type: Float  iPropID:352  lDBID:99352001 
         Rule NEW:  ZnSys:MERV9To12PDAdj / MERV9To12PDPressureDropAdjustment  Type: Float  iPropID:353  lDBID:99353001 
         Rule NEW:  ZnSys:MERV9To12PwrIdxAdj / MERV9To12PowerIndexAdjustment  Type: Float  iPropID:354  lDBID:99354001 
         Rule NEW:  ZnSys:MERV9To12FlowRat / MERV9To12PDPressureDropAdjustment  Type: Float  iPropID:355  lDBID:99355001 
         Rule NEW:  ZnSys:MERV13To15PDAdj / MERV13To15PressureDropAdjustment  Type: Float  iPropID:356  lDBID:99356001 
         Rule NEW:  ZnSys:MERV13To15FlowRat / MERV13To15FlowRatio  Type: Float  iPropID:357  lDBID:99357001 
         Rule NEW:  ZnSys:MERV13To15PwrIdxAdj / MERV13To15PowerIndexAdjustment  Type: Float  iPropID:358  lDBID:99358001 
         Rule NEW:  ZnSys:MERVGTE16PDAdj / MERVGreaterThanOrEqualTo16PressureDropAdjustment  Type: Float  iPropID:359  lDBID:99359001 
         Rule NEW:  ZnSys:MERVGTE16PwrIdxAdj / MERVGreaterThanOrEqualTo16PowerIndexAdjustment  Type: Float  iPropID:360  lDBID:99360001 
         Rule NEW:  ZnSys:MERVGTE16FlowRat / MERVGreaterThanOrEqualTo16FlowRatio  Type: Float  iPropID:361  lDBID:99361001 
         Rule NEW:  ZnSys:GasPhaseAirCleanersPDAdj / GasPhaseAirCleanersPressureDropAdjustment  Type: Float  iPropID:362  lDBID:99362001 
         Rule NEW:  ZnSys:GasPhaseAirCleanersPwrIdxAdj / GasPhaseAirCleanersPowerIndexAdjustment  Type: Float  iPropID:363  lDBID:99363001 
         Rule NEW:  ZnSys:GasPhaseAirCleanersFlowRat / GasPhaseAirCleanersFlowRatio  Type: Float  iPropID:364  lDBID:99364001 
         Rule NEW:  ZnSys:ERVPDAdj / EnergyRecoveryVentilatiorPressureDropAdjustment  Type: Float  iPropID:365  lDBID:99365001 
         Rule NEW:  ZnSys:ERVPwrIdxAdj / EnergyRecoveryVentilatorPowerIndexAdjustment  Type: Float  iPropID:366  lDBID:99366001 
         Rule NEW:  ZnSys:ERVFlowRat / EnergyRecoveryVentilatorFlowRatio  Type: Float  iPropID:367  lDBID:99367001 
         Rule NEW:  ZnSys:EvapHumOrClrPDAdj / EvaporativeHumidifierOrCoolerPressureDropAdjustment  Type: Float  iPropID:368  lDBID:99368001 
         Rule NEW:  ZnSys:EvapHumOrClrFlowRat / EvaporativeHumidifierOrCoolerFlowRatio  Type: Float  iPropID:369  lDBID:99369001 
         Rule NEW:  ZnSys:EvapHumOrClrPwrIdxAdj / EvaporativeHumidifierOrCoolerPowerIndexAdjustment  Type: Float  iPropID:370  lDBID:99370001 
         Rule NEW:  ZnSys:SndAttnPDAdj / SoundAttenuationPressureDropAdjustment  Type: Float  iPropID:371  lDBID:99371001 
         Rule NEW:  ZnSys:SndAttnPwrIdxAdj / SoundAttenuationPowerIndexAdjustment  Type: Float  iPropID:372  lDBID:99372001 
         Rule NEW:  ZnSys:SndAttnFlowRat / SoundAttenuationFlowRatio  Type: Float  iPropID:373  lDBID:99373001 
         Rule NEW:  ThrmlZn:FullyDuctedExhPwrAdjAllowed / FullyDuctedExhaustPwrAdjustmentAllowed  Type: Float  iPropID:393  lDBID:97393001 
         Rule NEW:  ThrmlZn:FullyDuctedExhPwrAdj / FullyDuctedExhaustPowerAdjustment  Type: Float  iPropID:394  lDBID:97394001 
         Rule NEW:  ThrmlZn:ExhCtrlPwrAdjAllowed / ExhaustControlFanPowerAdjustmentAllowed  Type: Float  iPropID:395  lDBID:97395001 
         Rule NEW:  ThrmlZn:ExhCtrlPwrAdj / ExhaustControlFanPowerAdjustment  Type: Float  iPropID:396  lDBID:97396001 
         Rule NEW:  ThrmlZn:FullyDuctedExhLabOrVivPwrAdjAllowed / FullyDuctedExhaustLabOrVivariumFanPowerAdjustmentAllowed  Type: Float  iPropID:397  lDBID:97397001 
         Rule NEW:  ThrmlZn:FullyDuctedExhLabOrVivPwrAdj / FullyDuctedExhaustLabOrVivariumPowerAdjustment  Type: Float  iPropID:398  lDBID:97398001 
         Rule NEW:  ThrmlZn:ExhFiltersPwrAdjAllowed / ExhaustFiltersPowerAdjustmentAllowed  Type: Float  iPropID:399  lDBID:97399001 
         Rule NEW:  ThrmlZn:ExhFiltersPwrAdj / ExhaustFiltersPowerAdjustment  Type: Float  iPropID:400  lDBID:97400001 
         Rule NEW:  ThrmlZn:BiosftyCabExhPwrAdjAllowed / BiosafetyCabinetExhaustPowerAdjustmentAllowed  Type: Float  iPropID:401  lDBID:97401001 
         Rule NEW:  ThrmlZn:BiosftyCabExhPwrAdj / BiosafetyCabinetExhaustPowerAdjustment  Type: Float  iPropID:402  lDBID:97402001 
         Rule NEW:  ThrmlZn:FumeHoodExhPwrAdjAllowed / FumeHoodExhaustPowerAdjustmentAllowed  Type: Float  iPropID:403  lDBID:97403001 
         Rule NEW:  ThrmlZn:FumeHoodExhPwrAdj / FumeHoodExhaustPowerAdjustment  Type: Float  iPropID:404  lDBID:97404001 
         Rule NEW:  ThrmlZn:LabOrVivExhHiRisePwrAdjAllowed / LabOrVivariumExhaustHighRisePowerAdjustmentAllowed  Type: Float  iPropID:405  lDBID:97405001 
         Rule NEW:  ThrmlZn:LabOrVivExhHiRisePwrAdj / LabOrVivariumExhaustHighRisePowerAdjustment  Type: Float  iPropID:406  lDBID:97406001 
         Rule NEW:  ThrmlZn:SndAttnExhPwrAdjAllowed / SoundAttenuationExhaustPowerAdjustmentAllowed  Type: Float  iPropID:407  lDBID:97407001 
         Rule NEW:  ThrmlZn:SndAttnExhPwrAdj / SoundAttenuationExhaustPowerAdjustment  Type: Float  iPropID:408  lDBID:97408001 
         Rule NEW:  ThrmlZn:FullyDuctedRetPwrAdjAllowed / FullyDuctedReturnPowerAdjustmentAllowed  Type: Float  iPropID:409  lDBID:97409001 
         Rule NEW:  ThrmlZn:FullyDuctedRetPwrAdj / FullyDuctedReturnPowerAdjustment  Type: Float  iPropID:410  lDBID:97410001 
         Rule NEW:  ThrmlZn:RetCtrlPwrAdjAllowed / ReturnControlPowerAdjustmentAllowed  Type: Float  iPropID:411  lDBID:97411001 
         Rule NEW:  ThrmlZn:RetCtrlPwrAdj / ReturnControlPowerAdjustment  Type: Float  iPropID:412  lDBID:97412001 
         Rule NEW:  ThrmlZn:FullyDuctedRetLabOrVivPwrAdjAllowed / FullyDuctedExhaustLabOrVivariumPowerAdjustmentAllowed  Type: Float  iPropID:413  lDBID:97413001 
         Rule NEW:  ThrmlZn:FullyDuctedRetLabOrVivPwrAdj / FullyDuctedExhaustLabOrVivariumPowerAdjustment  Type: Float  iPropID:414  lDBID:97414001 
         Rule NEW:  ThrmlZn:MERV9To12PwrAdjAllowed / MERV9To12PDPressurePowerAdjustmentAllowed  Type: Float  iPropID:415  lDBID:97415001 
         Rule NEW:  ThrmlZn:MERV9To12PwrAdj / MERV9To12PowerAdjustment  Type: Float  iPropID:416  lDBID:97416001 
         Rule NEW:  ThrmlZn:MERV13To15PwrAdjAllowed / MERV13To15PowerAdjustmentAllowed  Type: Float  iPropID:417  lDBID:97417001 
         Rule NEW:  ThrmlZn:MERV13To15PwrAdj / MERV13To15PowerAdjustment  Type: Float  iPropID:418  lDBID:97418001 
         Rule NEW:  ThrmlZn:MERVGTE16PwrAdjAllowed / MERVGreaterThanOrEqualTo16PowerAdjustmentAllowed  Type: Float  iPropID:419  lDBID:97419001 
         Rule NEW:  ThrmlZn:MERVGTE16PwrAdj / MERVGreaterThanOrEqualTo16PowerAdjustment  Type: Float  iPropID:420  lDBID:97420001 
         Rule NEW:  ThrmlZn:GasPhaseAirCleanersPwrAdjAllowed / GasPhaseAirCleanersPowerAdjustmentAllowed  Type: Float  iPropID:421  lDBID:97421001 
         Rule NEW:  ThrmlZn:GasPhaseAirCleanersPwrAdj / GasPhaseAirCleanersPowerAdjustment  Type: Float  iPropID:422  lDBID:97422001 
         Rule NEW:  ThrmlZn:ERVPwrAdjAllowed / EnergyRecoveryVentilatorPowerAdjustmentAllowed  Type: Float  iPropID:423  lDBID:97423001 
         Rule NEW:  ThrmlZn:ERVPwrAdj / EnergyRecoveryVentilatorFanPowerAdjustment  Type: Float  iPropID:424  lDBID:97424001 
         Rule NEW:  ThrmlZn:EvapHumOrClrPwrAdjAllowed / EvaporativeHumidifierOrCoolerPowerAdjustmentAllowed  Type: Float  iPropID:425  lDBID:97425001 
         Rule NEW:  ThrmlZn:EvapHumOrClrPwrAdj / EvaporativeHumidifierOrCoolerPowerAdjustment  Type: Float  iPropID:426  lDBID:97426001 
         Rule NEW:  ThrmlZn:SndAttnPwrAdjAllowed / SoundAttenuationPowerAdjustmentAllowed  Type: Float  iPropID:427  lDBID:97427001 
         Rule NEW:  ThrmlZn:SndAttnPwrAdj / SoundAttenuationPowerAdjustment  Type: Float  iPropID:428  lDBID:97428001 
         Rule NEW:  ThrmlZn:TotExhFanPwrAdj / TotalExhaustFanPowerAdjustment  Type: Float  iPropID:429  lDBID:97429001 
         Rule NEW:  ThrmlZn:TotNonExhFanPwrAdj / TotalNonExhaustFanPowerAdjustment  Type: Float  iPropID:430  lDBID:97430001 
         Rule NEW:  ThrmlZn:TotFanPwrAdj / TotalFanPowerAdjustment  Type: Float  iPropID:431  lDBID:97431001 
         Rule NEW:  AirSys:TotExhSysFanPwrAdj / TotalExhaustSystemFanPowerAdjustment  Type: Float  iPropID:379  lDBID:98379001 
         Rule NEW:  AirSys:TotNonExhSysFanPwrAdj / TotalNonExhaustSystemFanPowerAdjustment  Type: Float  iPropID:380  lDBID:98380001 
         Rule NEW:  AirSys:TotSysFanPwrAdj / TotalSystemFanPowerAdjustment  Type: Float  iPropID:381  lDBID:98381001 
         Rule NEW:  ZnSys:TotExhSysFanPwrAdj / TotalExhaustSystemFanPowerAdjustment  Type: Float  iPropID:374  lDBID:99374001 
         Rule NEW:  ZnSys:TotNonExhSysFanPwrAdj / TotalNonExhaustSystemFanPowerAdjustment  Type: Float  iPropID:375  lDBID:99375001 
         Rule NEW:  ZnSys:TotSysFanPwrAdj / TotalSystemFanPowerAdjustment  Type: Float  iPropID:376  lDBID:99376001 
         done.

Reading rule file: HVACSecondary-Fan-Supply-T24N.rule
         Rule NEW:  AirSys:BaseFanModelingMthd / BaselineFanModelingMethod  Type: Enumeration  iPropID:382  lDBID:98382001 
         Rule NEW:  AirSys:BaseFanPwrIdx / BaselineFanPowerIndex  Type: Float  iPropID:383  lDBID:98383001 
         Rule NEW:  AirSys:BaseFanPwrAllowance / BaselineFanPowerAllowance  Type: Float  iPropID:384  lDBID:98384001 
         Rule NEW:  AirSys:BaseSys15FanPwrAdj / BaselineFanPowerIndex  Type: Float  iPropID:385  lDBID:98385001 
         Rule NEW:  AirSys:BaseFanPwrWithAdj / BaselineFanPowerAllowance  Type: Float  iPropID:386  lDBID:98386001 
         Rule NEW:  AirSys:SupFanPwrRat / SupplyFanPowerRatio  Type: Float  iPropID:315  lDBID:98315001 
         Rule NEW:  AirSys:RetFanPwrRat / ReturnFanPowerRatio  Type: Float  iPropID:316  lDBID:98316001 
         Rule NEW:  ZnSys:BaseFanModelingMthd / BaselineFanModelingMethod  Type: Enumeration  iPropID:377  lDBID:99377001 
         Rule NEW:  ZnSys:BaseFanPwrIdx / BaselineFanPowerIndex  Type: Float  iPropID:378  lDBID:99378001 
         Rule NEW:  ZnSys:BaseFanPwrAllowance / BaselineFanPowerAllowance  Type: Float  iPropID:379  lDBID:99379001 
         Rule NEW:  ZnSys:BaseFanPwrWithAdj / BaselineFanPowerAllowance  Type: Float  iPropID:380  lDBID:99380001 
         Rule NEW:  AirSys:HRRFanPwrAdj / HighRiseResidentialFanPowerAdjustment  Type: Float  iPropID:229  lDBID:98229001 
         Rule NEW:  ZnSys:HRRFanPwrAdj / HighRiseResidentialFanPowerAdjustment  Type: Float  iPropID:381  lDBID:99381001 
         Rule NEW:  Fan:DefRetFanPwrRat / DefaultReturnFanPowerRatio  Type: Float  iPropID:62  lDBID:106062001 
         Rule NEW:  Fan:DefReliefFanPwrRat / DefaultReturnFanPowerRatio  Type: Float  iPropID:63  lDBID:106063001 
         Rule NEW:  Fan:UserMtrBHP / UserMtrBHP  Type: Float  iPropID:64  lDBID:106064001 
         Rule NEW:  Fan:MtrBHPStart / MotorBHPStart  Type: Float  iPropID:65  lDBID:106065001 
         Rule NEW:  Fan:MtrHPIdxStart / MotorHPIndexStart  Type: Integer  iPropID:66  lDBID:106066001 
         Rule NEW:  Fan:MtrEffStart / MotorEfficiencyStart  Type: Float  iPropID:67  lDBID:106067001 
         Rule NEW:  Fan:MtrBHPGuess1 / MotorBHPGuess1  Type: Float  iPropID:68  lDBID:106068001 
         Rule NEW:  Fan:MtrHPIdxGuess1 / MotorHPIndexGuess1  Type: Integer  iPropID:69  lDBID:106069001 
         Rule NEW:  Fan:MtrEffGuess1 / MotorEfficiencyGuess1  Type: Float  iPropID:70  lDBID:106070001 
         Rule NEW:  Fan:MtrHPIdxFinal / MotorHPIndexFinal  Type: Integer  iPropID:71  lDBID:106071001 
         Rule NEW:  Fan:MtrEffFinal / MotorEfficiencyFinal  Type: Float  iPropID:72  lDBID:106072001 
         Rule NEW:  Fan:MtrPerfIdx / MotorPerformanceIndex  Type: Integer  iPropID:73  lDBID:106073001 
         Rule NEW:  Fan:MtrHPIdx_i / MotorHPIndex_i  Type: Integer  iPropID:74  lDBID:106074001 
         Rule NEW:  Fan:MtrHPIdx_iminus1 / MotorHPIndex_iminus1  Type: Integer  iPropID:75  lDBID:106075001 
         Rule NEW:  Fan:MinMtrBHP / MinimumMotorBHP  Type: Float  iPropID:76  lDBID:106076001 
         Rule NEW:  Fan:MtrBHPIdx / MotorBrakeHorsepowerIndex  Type: Float  iPropID:77  lDBID:106077001 
         Rule NEW:  Fan:FanHtDsgn / FanHeatDsgn  Type: Float  iPropID:78  lDBID:106078001 
         Rule NEW:  Fan:DuctLeakAdjReq / DuctLeakageAdjustmentRequired  Type: Integer  iPropID:79  lDBID:106079001 
         done.

Reading rule file: HVACSecondary-Fan-Exhaust-T24N.rule
         Rule NEW:  AirSeg:FanMtrHP / FanMotorHP  Type: Float  iPropID:26  lDBID:101026001 
         Rule NEW:  AirSys:PropExhSysTotFanMtrHP / ProposedExhaustSystemTotalFanMotorHP  Type: Float  iPropID:387  lDBID:98387001 
         Rule NEW:  ZnSys:PropExhSysTotFanMtrHP / ProposedExhaustSystemTotalFanMotorHP  Type: Float  iPropID:382  lDBID:99382001 
         Rule NEW:  ThrmlZn:PropExhSysTotFanMtrHP / ProposedExhaustSystemTotalFanMotorHP  Type: Float  iPropID:432  lDBID:97432001 
         Rule NEW:  ThrmlZn:TotSysZnExhFlowSim / TotalSystemZoneExhaustFlowSimulated  Type: Float  iPropID:433  lDBID:97433001 
         Rule NEW:  ThrmlZn:TotSysZnCodeExhFlowSim / TotalSystemZoneCodeExhaustFlowSimulated  Type: Float  iPropID:434  lDBID:97434001 
         Rule NEW:  ThrmlZn:HasBaseHlthCareExh / HasBaselineHealthcareExhaust  Type: Integer  iPropID:435  lDBID:97435001 
         Rule NEW:  ThrmlZn:ExhLabCtrlPwrIdxAdj / ExhaustLaboratoryControlPowerIndexAdjustment  Type: Float  iPropID:436  lDBID:97436001 
         Rule NEW:  ThrmlZn:ExhFanFlowEff / ExhaustFanFlowEfficiency  Type: Float  iPropID:437  lDBID:97437001 
         Rule NEW:  ThrmlZn:BaseLabExhHtRcvryPwrAdj / BaselineLabExhaustHeatRecoveryPowerAdjustment  Type: Float  iPropID:438  lDBID:97438001 
         Rule NEW:  ThrmlZn:ExhSysPwrIdx / ExhaustSystemPowerIndex  Type: Float  iPropID:439  lDBID:97439001 
         Rule NEW:  ThrmlZn:ExhFanMtrBHPStart / ExhaustFanMotorBrakeHorsePowerStart  Type: Float  iPropID:440  lDBID:97440001 
         Rule NEW:  ThrmlZn:ExhFanMtrHPIdxStart / ExhaustFanMotorMotorHorsePowerIndexStart  Type: Integer  iPropID:441  lDBID:97441001 
         Rule NEW:  ThrmlZn:ExhFanMtrEffStart / ExhaustFanMotorEfficiencyStart  Type: Float  iPropID:442  lDBID:97442001 
         Rule NEW:  ThrmlZn:ExhFanMtrBHPGuess1 / ExhaustFanMotorBrakeHorsePowerGuess1  Type: Float  iPropID:443  lDBID:97443001 
         Rule NEW:  ThrmlZn:ExhFanMtrHPIdxGuess1 / ExhaustFanMotorMotorHorsePowerIndexGuess1  Type: Integer  iPropID:444  lDBID:97444001 
         Rule NEW:  ThrmlZn:ExhFanMtrEffGuess1 / ExhaustFanMotorEfficiencyGuess1  Type: Float  iPropID:445  lDBID:97445001 
         Rule NEW:  ThrmlZn:ExhFanMtrHPIdxFinal / ExhaustFanMotorMotorHorsePowerIndexFinal  Type: Integer  iPropID:446  lDBID:97446001 
         Rule NEW:  ThrmlZn:ExhFanMtrEffFinal / ExhaustFanMotorEfficiencyStart  Type: Float  iPropID:447  lDBID:97447001 
         Rule NEW:  ThrmlZn:ExhFanMtrPerfIdx / ExhaustFanMotorPerformanceIndex  Type: Integer  iPropID:448  lDBID:97448001 
         Rule NEW:  ThrmlZn:ExhFanMtrEff / ExhaustFanMotorEfficiency  Type: Float  iPropID:449  lDBID:97449001 
         Rule NEW:  ThrmlZn:ExhFanMtrBHP / ExhaustFanMotorBrakeHorsePower  Type: Float  iPropID:450  lDBID:97450001 
         Rule NEW:  ThrmlZn:ExhPwrSim / ExhaustPowerSimulated  Type: Float  iPropID:451  lDBID:97451001 
         Rule NEW:  ThrmlZn:ExhPwrIdxSim / ExhaustPowerIndexSimulated  Type: Float  iPropID:452  lDBID:97452001 
         done.

Reading rule file: HVACSecondary-CoilCooling-Capacity.rule
         Rule NEW:  CoilClg:ParentComp / ParentComponent  Type: Enumeration  iPropID:56  lDBID:104056001 
         Rule NEW:  CoilClg:ServesResZn / ServesResidentialZone  Type: Integer  iPropID:57  lDBID:104057001 
         Rule NEW:  CoilClg:SysType / SystemType  Type: String  iPropID:58  lDBID:104058001 
         Rule NEW:  CoilClg:SysUnitaryCat / SystemUnitaryCategory  Type: String  iPropID:59  lDBID:104059001 
         Rule NEW:  CoilClg:IsCRAC / IsCRAC  Type: Integer  iPropID:60  lDBID:104060001 
         Rule NEW:  CoilClg:FluidSysRef / FluidSystemReference  Type: ObjectRef (FluidSys)  iPropID:61  lDBID:104061001 
         Rule NEW:  CoilClg:BypassCheckCode / BypassCheckCode  Type: Integer  iPropID:62  lDBID:104062001 
         Rule NEW:  CoilClg:BypassCheckSim / BypassCheckSim  Type: Integer  iPropID:63  lDBID:104063001 
         Rule NEW:  CoilClg:SysCntSim / SysCntSim  Type: Integer  iPropID:64  lDBID:104064001 
         Rule NEW:  CoilClg:CondHVACZnCntWithMult / ConditionedHVACZoneCountWithMult  Type: Integer  iPropID:65  lDBID:104065001 
         Rule NEW:  CoilHtg:CoilClgRef / CoilClgRef  Type: ObjectRef (CoilClg)  iPropID:57  lDBID:105057001 
         Rule NEW:  CoilClg:CoilHtgRef / CoilHtgRef  Type: ObjectRef (CoilHtg)  iPropID:66  lDBID:104066001 
         Rule NEW:  AirSys:PropSupFanHtDsgn / ProposedSupplyFanHeatDesign  Type: Float  iPropID:388  lDBID:98388001 
         Rule NEW:  AirSys:SupFanHtDsgn / SupplyFanHeatDesign  Type: Float  iPropID:389  lDBID:98389001 
         Rule NEW:  AirSys:BaseSupFanHtDsgnChange / BaselineSupplyFanHeatDesignChange  Type: Float  iPropID:390  lDBID:98390001 
         Rule NEW:  ZnSys:PropSupFanHtDsgn / ProposedSupplyFanHeatDesign  Type: Float  iPropID:383  lDBID:99383001 
         Rule NEW:  ZnSys:SupFanHtDsgn / SupplyFanHeatDesign  Type: Float  iPropID:384  lDBID:99384001 
         Rule NEW:  ZnSys:BaseSupFanHtDsgnChange / BaselineSupplyFanHeatDesignChange  Type: Float  iPropID:385  lDBID:99385001 
         Rule NEW:  CoilClg:SupFanHtDsgn / FanHeatDesign  Type: Float  iPropID:67  lDBID:104067001 
         Rule NEW:  CoilHtg:SupFanHtDsgn / FanHeatDesign  Type: Float  iPropID:58  lDBID:105058001 
         Rule NEW:  CoilClg:BaseSupFanHtDsgnChange / BaselineSupplyFanHeatDesignChange  Type: Float  iPropID:68  lDBID:104068001 
         Rule NEW:  CoilHtg:BaseSupFanHtDsgnChange / BaselineSupplyFanHeatDesignChange  Type: Float  iPropID:59  lDBID:105059001 
         Rule NEW:  CoilClg:IsNew / IsNew  Type: Integer  iPropID:69  lDBID:104069001 
         Rule NEW:  CoilClg:IsExisting / IsExisting  Type: Integer  iPropID:70  lDBID:104070001 
         Rule NEW:  CoilClg:IsHlthCare / IsHlthCare  Type: Integer  iPropID:71  lDBID:104071001 
         Rule NEW:  CoilClg:IsBaseHlthCare / IsBaselineHealthCare  Type: Integer  iPropID:72  lDBID:104072001 
         Rule NEW:  CoilClg:FanHtRtd / FanHeatRated  Type: Float  iPropID:73  lDBID:104073001 
         Rule NEW:  CoilClg:FanPwrRtd / FanPwrRtd  Type: Float  iPropID:74  lDBID:104074001 
         Rule NEW:  CoilClg:PumpPwrRtd / PumpPowerRated  Type: Float  iPropID:75  lDBID:104075001 
         Rule NEW:  CoilHtg:HtPumpCap47Rat / HeatPumpCapacity47Ratio  Type: Float  iPropID:60  lDBID:105060001 
         Rule NEW:  CoilHtg:HtPumpSizingCapTotGrossRtd / HeatPumpCapacityTotalGrossRated  Type: Float  iPropID:61  lDBID:105061001 
         Rule NEW:  CoilHtg:HtPumpSizingCapTotGrossRtd47 / HeatPumpCapacityTotalGrossRated47  Type: Float  iPropID:62  lDBID:105062001 
         Rule NEW:  CoilClg:HtPumpSizingCriteria / HeatPumpSizingCriteria  Type: String  iPropID:76  lDBID:104076001 
         Rule NEW:  CoilClg:BaseCapTotGrossRtdRatio / BaseCapTotGrossRtdRatio  Type: Float  iPropID:77  lDBID:104077001 
         Rule NEW:  CoilClg:FanHtRtd / FanHeatRated  Type: Float  iPropID:73  lDBID:104073001 
         Rule NEW:  CoilClg:SysClgCap / SystemCoolingCapacity  Type: Float  iPropID:78  lDBID:104078001 
         Rule NEW:  CoilClg:SysType / SystemType  Type: String  iPropID:58  lDBID:104058001 
         Rule NEW:  CoilHtg:SysType / SysType  Type: unknown!  iPropID:63  lDBID:105063001 
         Rule NEW:  Fan:SysType / SystemType  Type: String  iPropID:53  lDBID:106053001 
         Rule NEW:  AirSys:UnitaryCat / UnitaryCategory  Type: Enumeration  iPropID:264  lDBID:98264001 
         Rule NEW:  CoilClg:SysUnitaryCat / SystemUnitaryCategory  Type: String  iPropID:59  lDBID:104059001 
         Rule NEW:  AirSys:IsVAVSys / IsVariableAirVolumeSystem  Type: Integer  iPropID:241  lDBID:98241001 
         Rule NEW:  AirSys:SupFanFlowMin / SupplyFanFlowMinimum  Type: Float  iPropID:309  lDBID:98309001 
         Rule NEW:  CoilClg:HasPRE / HasPRE  Type: Integer  iPropID:79  lDBID:104079001 
         Rule NEW:  CoilClg:PumpPwrRtd / PumpPowerRated  Type: Float  iPropID:75  lDBID:104075001 
         Rule NEW:  CoilClg:IndoorWBTRtd / IndoorWBTRtd  Type: Float  iPropID:80  lDBID:104080001 
         Rule NEW:  CoilClg:CapAdjFactor / CapAdjFactor  Type: Float  iPropID:81  lDBID:104081001 
         Rule NEW:  CoilClg:CapTotNetRtdSim / CapacityTotalNewRatedSimulated  Type: Float  iPropID:82  lDBID:104082001 
         Rule NEW:  CoilClg:IsLessThanMinEff / IsLessThanMinimumEfficiency  Type: Integer  iPropID:83  lDBID:104083001 
         Rule NEW:  CoilClg:CapNonHydronic / CapacityNonHydronic  Type: Float  iPropID:84  lDBID:104084001 
         Rule NEW:  CoilClg:CapHydronic / CapacityHydronic  Type: Float  iPropID:85  lDBID:104085001 
         Rule NEW:  CoilClg:PlantIsNew / PlantIsNew  Type: Integer  iPropID:86  lDBID:104086001 
         Rule NEW:  CoilClg:CapWSHP / CapacityWaterSourceHeatPump  Type: Float  iPropID:87  lDBID:104087001 
         Rule NEW:  AirSys:FanHtRtd / FanHeatRated  Type: Float  iPropID:391  lDBID:98391001 
         Rule NEW:  AirSys:PumpPwrRtd / PumpPwrRated  Type: Float  iPropID:392  lDBID:98392001 
         Rule NEW:  AirSys:CoilClgCapNonHydronic / CoilCoolingCapacityAdditionsAlterations  Type: Float  iPropID:393  lDBID:98393001 
         Rule NEW:  ZnSys:FanHtRtd / FanHeatRated  Type: Float  iPropID:386  lDBID:99386001 
         Rule NEW:  ZnSys:PumpPwrRtd / PumpPwrRated  Type: Float  iPropID:387  lDBID:99387001 
         Rule NEW:  ZnSys:CoilClgCapNonHydronic / CoilCoolingCapacityAdditionsAlterations  Type: Float  iPropID:388  lDBID:99388001 
         done.

Reading rule file: HVACSecondary-CoilCooling-DX.rule
         Rule NEW:  CoilClg:EERSEERRndFact / EERSEERRoundingFactor  Type: Float  iPropID:88  lDBID:104088001 
         Rule NEW:  CoilClg:EERSEERRndScl / EERSEERRoundingScale  Type: Integer  iPropID:89  lDBID:104089001 
         Rule NEW:  AirSys:StdIsSEER2 / StandardIsSEER2  Type: Integer  iPropID:394  lDBID:98394001 
         Rule NEW:  ZnSys:StdIsSEER2 / StandardIsSEER2  Type: Integer  iPropID:389  lDBID:99389001 
         Rule NEW:  CoilClg:StdIsSEER2 / StandardIsSEER2  Type: Integer  iPropID:90  lDBID:104090001 
         Rule NEW:  CoilClg:CodeMinSEER / CodeMinimumSEER  Type: Float  iPropID:91  lDBID:104091001 
         Rule NEW:  CoilClg:CodeMinSEER2 / CodeMinimumSEER2  Type: Float  iPropID:92  lDBID:104092001 
         Rule NEW:  CoilClg:SEERToSEER2Rat / SEERToSEER2Ratio  Type: Float  iPropID:93  lDBID:104093001 
         Rule NEW:  CoilClg:CodeMinEER2 / CodeMinimumEER2  Type: Float  iPropID:94  lDBID:104094001 
         Rule NEW:  CoilClg:CodeMinEER / CodeMinimumEER  Type: Float  iPropID:95  lDBID:104095001 
         Rule NEW:  CoilClg:CodeMinIEER / CodeMinimumIEER  Type: Float  iPropID:96  lDBID:104096001 
         Rule NEW:  CoilClg:CodeMinNSenCOP / CodeMinimumNSenCOP  Type: Float  iPropID:97  lDBID:104097001 
         Rule NEW:  CoilClg:CodeMinEERCndsr / CodeMinEERCondenser  Type: Float  iPropID:98  lDBID:104098001 
         Rule NEW:  CoilClg:EERToEER2Rat / EERToEER2Ratio  Type: Float  iPropID:99  lDBID:104099001 
         Rule NEW:  CoilClg:ShowEER / ShowEER  Type: Integer  iPropID:100  lDBID:104100001 
         Rule NEW:  CoilClg:DXSEERRnd / DXSEERRound  Type: Float  iPropID:101  lDBID:104101001 
         Rule NEW:  CoilClg:UserDefEER / UserDefinedEER  Type: Float  iPropID:102  lDBID:104102001 
         Rule NEW:  CoilClg:DXEERRnd / DXEERRound  Type: Float  iPropID:103  lDBID:104103001 
         Rule NEW:  CoilClg:COPAdjFactor / COPAdjFactor  Type: Float  iPropID:104  lDBID:104104001 
         Rule NEW:  CoilClg:GrossSenCOP / GrossSenCOP  Type: Float  iPropID:105  lDBID:104105001 
         Rule NEW:  CoilClg:HtRejLdSim / HeatRejectionLoadSimulated  Type: Float  iPropID:106  lDBID:104106001 
         done.

Reading rule file: HVACSecondary-CoilCooling-SEEREIR_fTEMPCrv.rule
         Rule NEW:  CrvMapDblVar:CoilClgRef / CoilCoolingReference  Type: ObjectRef (CoilClg)  iPropID:16  lDBID:143016001 
         Rule NEW:  CrvMapDblVar:EERRtd / EERRtd  Type: Float  iPropID:17  lDBID:143017001 
         Rule NEW:  CrvMapDblVar:EIRRtdnf / EIRRtdnf  Type: Float  iPropID:18  lDBID:143018001 
         Rule NEW:  CrvMapDblVar:EERfT67_82 / EERfT67_82  Type: Float  iPropID:19  lDBID:143019001 
         Rule NEW:  CrvMapDblVar:EERfT67_110 / EERfT67_110  Type: Float  iPropID:20  lDBID:143020001 
         Rule NEW:  CrvMapDblVar:EERfT57_95 / EERfT57_95  Type: Float  iPropID:21  lDBID:143021001 
         Rule NEW:  CrvMapDblVar:EERT57_82 / EERT57_82  Type: Float  iPropID:22  lDBID:143022001 
         Rule NEW:  CrvMapDblVar:EERT57_110 / EERT57_110  Type: Float  iPropID:23  lDBID:143023001 
         Rule NEW:  CrvMapDblVar:EERT77_95 / EERT77_95  Type: Float  iPropID:24  lDBID:143024001 
         Rule NEW:  CrvMapDblVar:EERT77_82 / EERT77_82  Type: Float  iPropID:25  lDBID:143025001 
         Rule NEW:  CrvMapDblVar:EERT77_110 / EERT77_110  Type: Float  iPropID:26  lDBID:143026001 
         done.

Reading rule file: HVACSecondary-CoilHeating-Capacity.rule
         Rule NEW:  CoilHtg:BaseSysNum / BaselineSystemNumber  Type: Integer  iPropID:55  lDBID:105055001 
         Rule NEW:  CoilHtg:ParentComp / ParentComponent  Type: Enumeration  iPropID:64  lDBID:105064001 
         Rule NEW:  CoilHtg:ServesResZn / ServesResidentialZone  Type: Integer  iPropID:65  lDBID:105065001 
         Rule NEW:  CoilHtg:SysType / SystemType  Type: String  iPropID:63  lDBID:105063001 
         Rule NEW:  CoilHtg:SysUnitaryCat / SystemUnitaryCategory  Type: String  iPropID:66  lDBID:105066001 
         Rule NEW:  CoilHtg:FluidSysRef / FluidSystemReference  Type: ObjectRef (FluidSys)  iPropID:67  lDBID:105067001 
         Rule NEW:  CoilHtg:SysCntSim / SysCntSim  Type: Integer  iPropID:68  lDBID:105068001 
         Rule NEW:  CoilHtg:BypassCheckCode / BypassCheckCode  Type: Integer  iPropID:69  lDBID:105069001 
         Rule NEW:  CoilHtg:BypassCheckSim / BypassCheckSim  Type: Integer  iPropID:70  lDBID:105070001 
         Rule NEW:  CoilHtg:SysClgCap / SystemCoolingCapacity  Type: Float  iPropID:71  lDBID:105071001 
         Rule NEW:  CoilHtg:CondHVACZnCntWithMult / ConditionedHVACZoneCountWithMult  Type: Integer  iPropID:72  lDBID:105072001 
         Rule NEW:  CoilHtg:IsNew / IsNew  Type: Integer  iPropID:73  lDBID:105073001 
         Rule NEW:  CoilHtg:IsExisting / IsExisting  Type: Integer  iPropID:74  lDBID:105074001 
         Rule NEW:  CoilHtg:IsHlthCare / IsHlthCare  Type: Integer  iPropID:75  lDBID:105075001 
         Rule NEW:  CoilHtg:IsBaseHlthCare / IsBaselineHealthCare  Type: Integer  iPropID:76  lDBID:105076001 
         Rule NEW:  CoilHtg:FanHtRtd / FanHeatRated  Type: Float  iPropID:77  lDBID:105077001 
         Rule NEW:  CoilHtg:PumpPwrRtd / PumpPwrRated  Type: Float  iPropID:78  lDBID:105078001 
         Rule NEW:  CoilHtg:HtPumpCprsrHt / HeatPumpCompressorHeat  Type: Float  iPropID:79  lDBID:105079001 
         Rule NEW:  CoilHtg:BaseCapTotGrossRtdRatio / BaseCapTotGrossRtdRatio  Type: Float  iPropID:80  lDBID:105080001 
         Rule NEW:  CoilHtg:CapTotGrossRtd17 / CapacityTotalGrossRated17  Type: Float  iPropID:81  lDBID:105081001 
         Rule NEW:  CoilHtg:CapTotNetRtdSim / CapacityTotalNetRatedSimulated  Type: Float  iPropID:82  lDBID:105082001 
         Rule NEW:  CoilHtg:PriElecResisHtCapWithMult / PrimaryElectricResistantHeatCapacityWithMultiplier  Type: Float  iPropID:83  lDBID:105083001 
         Rule NEW:  CoilHtg:PriCapTotNetRtdWithMult / PrimaryCapacityTotalNetRatedWithMultiplier  Type: Float  iPropID:84  lDBID:105084001 
         Rule NEW:  Proj:TotPriElecResisHtCap / TotalPrimaryElectricResistantHeatCapacity  Type: Float  iPropID:883  lDBID:1883001 
         Rule NEW:  Proj:TotPriCoilHtgCap / TotaPrimarylCoilHeatingCapacity  Type: Float  iPropID:884  lDBID:1884001 
         Rule NEW:  CoilHtg:CapTotGrossRtd17Sim / CapacityTotalGrossRated17Simulated  Type: Float  iPropID:85  lDBID:105085001 
         Rule NEW:  CoilHtg:IsLessThanMinEff / IsLessThanMinimumEfficiency  Type: Integer  iPropID:86  lDBID:105086001 
         Rule NEW:  CoilHtg:CapNonHydronic / CapacityNonHydronic  Type: Float  iPropID:87  lDBID:105087001 
         Rule NEW:  CoilHtg:CapHydronic / CapacityHydronic  Type: Float  iPropID:88  lDBID:105088001 
         Rule NEW:  CoilHtg:PlantIsNew / PlantIsNew  Type: Integer  iPropID:89  lDBID:105089001 
         Rule NEW:  CoilHtg:CapWSHP / CapacityWaterSourceHeatPump  Type: Float  iPropID:90  lDBID:105090001 
         Rule NEW:  CoilHtg:HtgFuelSrc / HeatingFuelSource  Type: Integer  iPropID:91  lDBID:105091001 
         Rule NEW:  AirSys:HtgFuelSrc / HeatingFuelSource  Type: Integer  iPropID:395  lDBID:98395001 
         Rule NEW:  ZnSys:HtgFuelSrc / HeatingFuelSource  Type: Integer  iPropID:390  lDBID:99390001 
         done.

Reading rule file: HVACSecondary-CoilHeating-HeatPump.rule
         Rule NEW:  CoilHtg:HSPFCOPRndFact / HSPFCOPRoundingFactor  Type: Float  iPropID:92  lDBID:105092001 
         Rule NEW:  CoilHtg:HSPFCOPRndScl / HSPFCOPRoundingScale  Type: Integer  iPropID:93  lDBID:105093001 
         Rule NEW:  CoilHtg:StdIsSEER2 / StandardIsSEER2  Type: Integer  iPropID:94  lDBID:105094001 
         Rule NEW:  CoilHtg:CodeMinHSPF / CodeMinimumHSPF  Type: Float  iPropID:95  lDBID:105095001 
         Rule NEW:  CoilHtg:CodeMinHSPF2 / CodeMinimumHSPF2  Type: Float  iPropID:96  lDBID:105096001 
         Rule NEW:  CoilHtg:HSPFToHSPF2Rat / HSPFToHSPF2Ratio  Type: Float  iPropID:97  lDBID:105097001 
         Rule NEW:  CoilHtg:CodeMinCOP / CodeMinimumCOP  Type: Float  iPropID:98  lDBID:105098001 
         Rule NEW:  CoilHtg:HtPumpHSPFRnd / HeatPumpHSPFRound  Type: Float  iPropID:99  lDBID:105099001 
         Rule NEW:  CoilHtg:UserDefCOP / UserDefinedCOP  Type: Float  iPropID:100  lDBID:105100001 
         Rule NEW:  CoilHtg:HtPumpCOPRnd / HeatPumpCOPRound  Type: Float  iPropID:101  lDBID:105101001 
         Rule NEW:  CoilHtg:HtPumpCOP17Adj / HeatPumpCOP17Adjusted  Type: Float  iPropID:102  lDBID:105102001 
         Rule NEW:  CoilHtg:HtPumpCanHaveSuppHtg / HeatPumpCanHaveSupplementalHeating  Type: Integer  iPropID:103  lDBID:105103001 
         Rule NEW:  CoilHtg:IsHtPumpSuppCoilHtg / IsHeatPumpSupplementalCoilHeating  Type: Integer  iPropID:104  lDBID:105104001 
         Rule NEW:  CoilHtg:SuppHtgCap / SupplementalCoilHeatingCapacity  Type: Float  iPropID:105  lDBID:105105001 
         Rule NEW:  CoilHtg:HtExtractionLdSim / HeatExtractionLoadSimulated  Type: Float  iPropID:106  lDBID:105106001 
         done.

Reading rule file: HVACSecondary-CoilHeating-Furnace.rule
         Rule NEW:  CoilHtg:CapTotInpRtd / CapacityTotalInputRated  Type: Float  iPropID:107  lDBID:105107001 
         Rule NEW:  CoilHtg:CodeMinAFUE / CodeMinimumAFUE  Type: Float  iPropID:108  lDBID:105108001 
         Rule NEW:  CoilHtg:CodeMinThrmlEff / CodeMinimumThrmlEff  Type: Float  iPropID:109  lDBID:105109001 
         done.

Reading rule file: HVACSecondary-SystemControls.rule
         Rule NEW:  AirSys:DDCIsRequired / DirectDigitalControlIsRequired  Type: Integer  iPropID:396  lDBID:98396001 
         Rule NEW:  AirSys:CertG36LibIsRequired / CertifiedGuideline36LibraryIsRequired  Type: Integer  iPropID:397  lDBID:98397001 
         Rule NEW:  AirSys:UseCertG36Lib / UseCertifiedGhideline36Library  Type: Integer  iPropID:398  lDBID:98398001 
         Rule NEW:  AirSys:IsWarmestCtrl / IsWarmestControl  Type: Integer  iPropID:399  lDBID:98399001 
         done.

Reading rule file: HVACSecondary-ExhaustControls.rule
         Rule NEW:  AirSys:LabExhSysVentFlow / LaboratoryExhaustSystemVentilationFlow  Type: Float  iPropID:400  lDBID:98400001 
         Rule NEW:  AirSys:LabExhSysVentACH / LaboratoryExhaustSystemVentilationACH  Type: Float  iPropID:401  lDBID:98401001 
         Rule NEW:  AirSys:LabExhSysMinVentFlow / LaboratoryExhaustSystemMinimumVentilationFlow  Type: Float  iPropID:402  lDBID:98402001 
         Rule NEW:  AirSys:LabExhSysMinVentACH / LaboratoryExhaustSystemMinimumVentilationACH  Type: Float  iPropID:403  lDBID:98403001 
         Rule NEW:  AirSys:LabExhSysExhFlow / LaboratoryExhaustSystemExhaustFlow  Type: Float  iPropID:404  lDBID:98404001 
         Rule NEW:  AirSys:LabExhSysExhACH / LaboratoryExhaustSystemExhaustACH  Type: Float  iPropID:405  lDBID:98405001 
         Rule NEW:  AirSys:LabExhSysMinExhFlow / LaboratoryExhaustSystemMinimumExhaustFlow  Type: Float  iPropID:406  lDBID:98406001 
         Rule NEW:  AirSys:LabExhSysMinExhACH / LaboratoryExhaustSystemMinimumExhaustACH  Type: Float  iPropID:407  lDBID:98407001 
         Rule NEW:  AirSys:LabFumeHoodIntensiveDens / LaboratoryFumeHoodIntensiveDensity  Type: Integer  iPropID:408  lDBID:98408001 
         Rule NEW:  ZnSys:LabExhSysVentFlow / LaboratoryExhaustSystemVentilationFlow  Type: Float  iPropID:391  lDBID:99391001 
         Rule NEW:  ZnSys:LabExhSysVentACH / LaboratoryExhaustSystemVentilationACH  Type: Float  iPropID:392  lDBID:99392001 
         Rule NEW:  ZnSys:LabExhSysMinVentFlow / LaboratoryExhaustSystemMinimumVentilationFlow  Type: Float  iPropID:393  lDBID:99393001 
         Rule NEW:  ZnSys:LabExhSysMinVentACH / LaboratoryExhaustSystemMinimumVentilationACH  Type: Float  iPropID:394  lDBID:99394001 
         Rule NEW:  ZnSys:LabExhSysExhFlow / LaboratoryExhaustSystemExhaustFlow  Type: Float  iPropID:395  lDBID:99395001 
         Rule NEW:  ZnSys:LabExhSysExhACH / LaboratoryExhaustSystemExhaustACH  Type: Float  iPropID:396  lDBID:99396001 
         Rule NEW:  ZnSys:LabExhSysMinExhFlow / LaboratoryExhaustSystemMinimumExhaustFlow  Type: Float  iPropID:397  lDBID:99397001 
         Rule NEW:  ZnSys:LabExhSysMinExhACH / LaboratoryExhaustSystemMinimumExhaustACH  Type: Float  iPropID:398  lDBID:99398001 
         Rule NEW:  ZnSys:LabFumeHoodIntensiveDens / LaboratoryFumeHoodIntensiveDensity  Type: Integer  iPropID:399  lDBID:99399001 
         Rule NEW:  ThrmlZn:PropLabExhSysMinExhACH / ProposedSystemLabExhaustMinimumExhaustACH  Type: Float  iPropID:453  lDBID:97453001 
         Rule NEW:  ThrmlZn:PropLabExhSysMinVentACH / ProposedSystemLabExhaustMinimumVentilationACH  Type: Float  iPropID:454  lDBID:97454001 
         Rule NEW:  ThrmlZn:IsLabFumeHoodIntensive / IsLaboratoryFumeHoodIntensive  Type: Float  iPropID:455  lDBID:97455001 
         Rule NEW:  Bldg:PrkgGarExhFlowCap / ParkingGarageExhaustFlowCapacity  Type: Float  iPropID:290  lDBID:50290001 
         Rule NEW:  Proj:LabExhVAVManualSashCtrlMinFrac / LaboratoryExhaustVAVManualSashControlMinimumFraction  Type: Float  iPropID:885  lDBID:1885001 
         Rule NEW:  Proj:LabExhVAVAutoSashCtrlMinFrac / LaboratoryExhaustVAVAutomaticSashControlMinimumFraction  Type: Float  iPropID:886  lDBID:1886001 
         Rule NEW:  Proj:LabExhCAVMinFrac / LaboratoryExhaustCAVMinimumFraction  Type: Float  iPropID:887  lDBID:1887001 
         Rule NEW:  ThrmlZn:ExhCtrlSch1Ref / ExhaustControlSchedule1Reference  Type: ObjectRef (Sch)  iPropID:456  lDBID:97456001 
         Rule NEW:  ThrmlZn:ExhCtrlSch2Ref / ExhaustControlSchedule2Reference  Type: ObjectRef (Sch)  iPropID:457  lDBID:97457001 
         Rule NEW:  ThrmlZn:ExhCtrlFlowSchRef / ExhaustControlFlowScheduleReference  Type: ObjectRef (Sch)  iPropID:458  lDBID:97458001 
         Rule NEW:  ThrmlZn:ExhCtrlPwrSchRef / ExhaustControlPowerScheduleReference  Type: ObjectRef (Sch)  iPropID:459  lDBID:97459001 
         Rule NEW:  ThrmlZn:IsVarFlowExh / IsVariableFlowExhaust  Type: Integer  iPropID:460  lDBID:97460001 
         done.

Reading rule file: HVACSecondary-OutsideAirControl.rule
         Rule NEW:  Proj:OATolLim / OutsideAirToleranceLimit  Type: Float  iPropID:888  lDBID:1888001 
         Rule NEW:  OACtrl:OACtrlIdx / OutsideAirControlIndex  Type: Integer  iPropID:26  lDBID:107026001 
         Rule NEW:  OACtrl:ServesResZn / ServesResidentialZone  Type: Integer  iPropID:27  lDBID:107027001 
         Rule NEW:  OACtrl:IsNew / IsNew  Type: Integer  iPropID:28  lDBID:107028001 
         Rule NEW:  OACtrl:IsExisting / IsExisting  Type: Integer  iPropID:29  lDBID:107029001 
         Rule NEW:  ThrmlZn:PropSysOARat / ProposedSystemOutsideAirRatio  Type: Float  iPropID:461  lDBID:97461001 
         Rule NEW:  AirSys:PropSysOARat / ProposedSystemOutsideAirRatio  Type: Float  iPropID:409  lDBID:98409001 
         Rule NEW:  AirSys:VarFlowExhZnRef / VariableFlowExhaustZoneReference  Type: ObjectRef (ThrmlZn)  iPropID:410  lDBID:98410001 
         Rule NEW:  AirSys:CompRmPwr / ComputerRoomPower  Type: Float  iPropID:411  lDBID:98411001 
         Rule NEW:  AirSys:HasAirEcono / HasAirEconomizer  Type: Integer  iPropID:412  lDBID:98412001 
         Rule NEW:  Bldg:PropHasAirEcono / ProposedHasAirEconomizer  Type: Integer  iPropID:291  lDBID:50291001 
         Rule NEW:  AirSys:HasPumpedRfrgtEcono / HasPumpedRefrigerantEconomizer  Type: Integer  iPropID:413  lDBID:98413001 
         Rule NEW:  AirSys:AirEconoTypeCode / AirEconomizerTypeCode  Type: Integer  iPropID:414  lDBID:98414001 
         Rule NEW:  Spc:HasDCV / HasDemandControlVentilation  Type: Integer  iPropID:488  lDBID:53488001 
         Rule NEW:  ZnSys:ClgOAFlowCap / CoolingOutsideAirFlowCapacity  Type: Float  iPropID:400  lDBID:99400001 
         Rule NEW:  ZnSys:HtgOAFlowCap / HeatingOutsideAirFlowCapacity  Type: Float  iPropID:401  lDBID:99401001 
         Rule NEW:  ZnSys:NoClgHtgOAFlowCap / NoCoolingHeatingOutsideAirFlowCapacity  Type: Float  iPropID:402  lDBID:99402001 
         done.

Reading rule file: HVACSecondary-HeatRecovery.rule
         Rule NEW:  HtRcvry:HtRcvryIdx / HeatRecoveryIndex  Type: Integer  iPropID:43  lDBID:108043001 
         Rule NEW:  AirSys:HasHtRcvry / HasHeatRecovery  Type: Integer  iPropID:415  lDBID:98415001 
         Rule NEW:  HtRcvry:ServesResZn / ServesResidentialZone  Type: Integer  iPropID:44  lDBID:108044001 
         Rule NEW:  ZnSys:HasHtRecvry / HasHeatRecovery  Type: Float  iPropID:403  lDBID:99403001 
         Rule NEW:  ZnSys:HRRHtRcvryFlowAdj / HighRiseResidentialHeatRecoveryFlowAdjustment  Type: Float  iPropID:404  lDBID:99404001 
         Rule NEW:  ZnSys:HRRHtRcvryEffAdj / HighRiseResidentialHeatRecoveryDerating  Type: Float  iPropID:405  lDBID:99405001 
         Rule NEW:  AirSys:HRRHtRcvryFlowAdj / HighRiseResidentialHeatRecoveryFlowAdjustment  Type: Float  iPropID:416  lDBID:98416001 
         Rule NEW:  AirSys:HRRHtRcvryEffAdj / HighRiseResidentialHeatRecoveryEffectivenessAdjustment  Type: Float  iPropID:417  lDBID:98417001 
         Rule NEW:  HtRcvry:RcvryFromExhSys / RecoveryFromExhaustSystem  Type: Integer  iPropID:45  lDBID:108045001 
         Rule NEW:  ThrmlZn:HtRcvryExhFlowWithMult / HeatRecoveryExhaustFlowWithMultiplier  Type: Float  iPropID:462  lDBID:97462001 
         Rule NEW:  ZnSys:HtRcvryEffSim / HeatRecoveryEffectivenessSimulated  Type: Float  iPropID:406  lDBID:99406001 
         Rule NEW:  HtRcvry:HtRcvryEffSim / HeatRecoveryEffectivenessSimulated  Type: Float  iPropID:46  lDBID:108046001 
         Rule NEW:  HtRcvry:OACtrlRef / OutsideAirControlReference  Type: ObjectRef (OACtrl)  iPropID:47  lDBID:108047001 
         Rule NEW:  HtRcvry:SysCntSim / SysCntSim  Type: Integer  iPropID:48  lDBID:108048001 
         Rule NEW:  HtRcvry:SupFlow / SupplyFlow  Type: Float  iPropID:49  lDBID:108049001 
         Rule NEW:  HtRcvry:ExhFlow / ExhaustFlow  Type: Float  iPropID:50  lDBID:108050001 
         Rule NEW:  HtRcvry:ImbalFlowWarn / ImbalanceFlowWarning  Type: String  iPropID:51  lDBID:108051001 
         Rule NEW:  HtRcvry:TempSetptRstSupLowSim / TempSetptRstSupLowSim  Type: Float  iPropID:52  lDBID:108052001 
         Rule NEW:  HtRcvry:TempSetptRstSupHiSim / TempSetptRstSupHiSim  Type: Float  iPropID:53  lDBID:108053001 
         Rule NEW:  HtRcvry:TempSetptRstRetHiSim / TempSetptRstRetHiSim  Type: Float  iPropID:54  lDBID:108054001 
         Rule NEW:  HtRcvry:TempSetptRstRetLowSim / TempSetptRstRetLowSim  Type: Float  iPropID:55  lDBID:108055001 
         Rule NEW:  HtRcvry:HtRcvryRpt / HeatRecoveryReport  Type: String  iPropID:56  lDBID:108056001 
         done.

Reading rule file: HVACSecondary-Fan-ReturnRelief-T24N.rule
         Rule NEW:  AirSys:BaseReliefAirSegRef / BaselineReliefAirSegmentReference  Type: ObjectRef (AirSeg)  iPropID:418  lDBID:98418001 
         Rule NEW:  Fan:BaseSysNum / BaselineSystemNumber  Type: Integer  iPropID:49  lDBID:106049001 
         Rule NEW:  Fan:ServesResZn / ServesResidentialZone  Type: Integer  iPropID:51  lDBID:106051001 
         Rule NEW:  Fan:SysType / SystemType  Type: String  iPropID:53  lDBID:106053001 
         Rule NEW:  Fan:IsBaseHlthCare / IsBaselineHealthCare  Type: Integer  iPropID:60  lDBID:106060001 
         Rule NEW:  Fan:MtrBHPStart / MotorBHPStart  Type: Float  iPropID:65  lDBID:106065001 
         Rule NEW:  Fan:MtrHPIdxStart / MotorHPIndexStart  Type: Integer  iPropID:66  lDBID:106066001 
         Rule NEW:  Fan:MtrEffStart / MotorEfficiencyStart  Type: Float  iPropID:67  lDBID:106067001 
         Rule NEW:  Fan:MtrBHPGuess1 / MotorBHPGuess1  Type: Float  iPropID:68  lDBID:106068001 
         Rule NEW:  Fan:MtrHPIdxGuess1 / MotorHPIndexGuess1  Type: Integer  iPropID:69  lDBID:106069001 
         Rule NEW:  Fan:MtrEffGuess1 / MotorEfficiencyGuess1  Type: Float  iPropID:70  lDBID:106070001 
         Rule NEW:  Fan:MtrHPIdxFinal / MotorHPIndexFinal  Type: Integer  iPropID:71  lDBID:106071001 
         Rule NEW:  Fan:MtrEffFinal / MotorEfficiencyFinal  Type: Float  iPropID:72  lDBID:106072001 
         Rule NEW:  Fan:MtrPerfIdx / MotorPerformanceIndex  Type: Integer  iPropID:73  lDBID:106073001 
         Rule NEW:  Fan:MtrBHPIdx / MotorBrakeHorsepowerIndex  Type: Float  iPropID:77  lDBID:106077001 
         Rule NEW:  AirSeg:FanFlowCap / FanFlowCapacity  Type: Float  iPropID:23  lDBID:101023001 
         Rule NEW:  AirSys:RetFanCap / ReturnFanCapacity  Type: Float  iPropID:307  lDBID:98307001 
         Rule NEW:  AirSys:ReliefFanCap / ReliefFanCapacity  Type: Float  iPropID:308  lDBID:98308001 
         done.

Reading rule file: HVACSecondary-TerminalUnit-VAVBoxes.rule
         Rule NEW:  TrmlUnit:HtgAirFlowMaxFrac / HeatingAirFlowMaximumFraction  Type: Float  iPropID:64  lDBID:103064001 
         Rule NEW:  AirSys:TotTrmlHtgAirFlowMaxSim / TotalTerminalHeatingAirFlowMaximumSimulated  Type: Float  iPropID:419  lDBID:98419001 
         Rule NEW:  TrmlUnit:HasHotWtrCoil / HasHotWaterCoil  Type: Float  iPropID:65  lDBID:103065001 
         Rule NEW:  TrmlUnit:CapTotNetRtdHotWtr / CapacityTotalNetRatedHotWater  Type: Float  iPropID:66  lDBID:103066001 
         Rule NEW:  TrmlUnit:CapTotNetRtdOther / CapacityTotalNetRatedOther  Type: Float  iPropID:67  lDBID:103067001 
         Rule NEW:  TrmlUnit:CoilHtgCap / CoilHeatingCapacity  Type: Float  iPropID:68  lDBID:103068001 
         Rule NEW:  ThrmlZn:LabExhFlowMinSchFrac / LaboratoryExhaustFlowMinimumScheduleFraction  Type: Float  iPropID:463  lDBID:97463001 
         Rule NEW:  TrmlUnit:LabExhToTrmlUnitFlowMaxFrac / LaboratoryExhaustToTerminalUnitFlowMaximumFraction  Type: Float  iPropID:69  lDBID:103069001 
         Rule NEW:  TrmlUnit:LabExhToTrmlUnitFlowMinFrac / LaboratoryExhaustToTerminalUnitFlowMinimumFraction  Type: Float  iPropID:70  lDBID:103070001 
         Rule NEW:  TrmlUnit:LabTrmlUnitFlowMinFrac / LaboratoryTerminalUnitFlowMinFraction  Type: Float  iPropID:71  lDBID:103071001 
         Rule NEW:  TrmlUnit:ZnExhCtrlFlowSchRef / ZoneExhaustControlFlowScheduleReference  Type: ObjectRef (Sch)  iPropID:72  lDBID:103072001 
         Rule NEW:  TrmlUnit:LabTrmlUnitOnSchRef / LaboratoryTerminalUnitOnScheduleReference  Type: ObjectRef (Sch)  iPropID:73  lDBID:103073001 
         Rule NEW:  TrmlUnit:LabExhToTrmlUnitFlowFracSchRef / LaboratoryExhaustToTerminalUnitFlowFractionScheduleReference  Type: ObjectRef (Sch)  iPropID:74  lDBID:103074001 
         Rule NEW:  TrmlUnit:LabTrmlUnitMinAirFracAddSchRef / LaboratoryTerminalUnitMinimumAirFractionAdditionScheduleReference  Type: ObjectRef (Sch)  iPropID:75  lDBID:103075001 
         Rule NEW:  TrmlUnit:LabTrmlUnitMinAirFracSchRef / LaboratoryTerminalUnitMinimumAirFractionScheduleReference  Type: ObjectRef (Sch)  iPropID:76  lDBID:103076001 
         Rule NEW:  CoilHtg:CapTotNetRtdSim / CapacityTotalNetRatedSimulated  Type: Float  iPropID:82  lDBID:105082001 
         Rule NEW:  AirSys:TrmlUnitHtgCapHotWtr / TrmlUnitHeatingCapacityHotWater  Type: Float  iPropID:420  lDBID:98420001 
         Rule NEW:  AirSys:TrmlUnitHtgCapOther / TrmlUnitHeatingCapacityOther  Type: Float  iPropID:421  lDBID:98421001 
         Rule NEW:  AirSys:CoilHtgCapNonHydronic / CoilHeatingCapacityNonHydronic  Type: Float  iPropID:422  lDBID:98422001 
         Rule NEW:  ZnSys:CoilHtgCapNonHydronic / CoilHeatingCapacityNonHydronic  Type: Float  iPropID:407  lDBID:99407001 
         done.

Reading rule file: HVACSecondary-TerminalUnit-FPBoxes.rule
         Rule NEW:  TrmlUnit:ExtZnSys15CapSim / ExteriorZoneSystem15CapacitySimulated  Type: Float  iPropID:77  lDBID:103077001 
         Rule NEW:  TrmlUnit:IsFanBox / IsFanBox  Type: Integer  iPropID:78  lDBID:103078001 
         Rule NEW:  TrmlUnit:FanFlowCap / FanFlowCapacity  Type: Float  iPropID:79  lDBID:103079001 
         Rule NEW:  Proj:RuleEvalDuration / RuleEvalDuration  Type: Float  iPropID:714  lDBID:1714001 
         done.

Reading rule file: HVACSecondary-EvapCooling.rule
         Rule NEW:  EvapClr:IsNew / IsNew  Type: Integer  iPropID:13  lDBID:102013001 
         Rule NEW:  EvapClr:IsExisting / IsExisting  Type: Integer  iPropID:14  lDBID:102014001 
         done.

Reading rule file: HVACSecondary-RadiantSystem.rule
         Rule NEW:  Spc:HasRadSys / HasRadiantSystem  Type: Integer  iPropID:830  lDBID:53830001 
         Rule NEW:  Roof:CanHaveRadSys / CanHaveRadiantSystem  Type: Integer  iPropID:75  lDBID:61075001 
         Rule NEW:  Ceiling:CanHaveRadSys / CanHaveRadiantSystem  Type: Integer  iPropID:39  lDBID:56039001 
         Rule NEW:  ExtWall:CanHaveRadSys / CanHaveRadiantSystem  Type: Integer  iPropID:82  lDBID:58082001 
         Rule NEW:  ExtFlr:CanHaveRadSys / CanHaveRadiantSystem  Type: Integer  iPropID:40  lDBID:57040001 
         Rule NEW:  IntFlr:CanHaveRadSys / CanHaveRadiantSystem  Type: Integer  iPropID:37  lDBID:59037001 
         Rule NEW:  UndgrFlr:CanHaveRadSys / CanHaveRadiantSystem  Type: Integer  iPropID:33  lDBID:62033001 
         Rule NEW:  ZnSys:RadSysInOnRoof / RadSysInOnRoof  Type: Integer  iPropID:408  lDBID:99408001 
         Rule NEW:  ZnSys:RadSysInOnCeiling / RadSysInOnCeiling  Type: Integer  iPropID:409  lDBID:99409001 
         Rule NEW:  ZnSys:RadSysInOnIntFlr / RadSysInOnIntFlr  Type: Integer  iPropID:410  lDBID:99410001 
         Rule NEW:  ZnSys:RadSysInOnExtFlr / RadSysInOnExtFlr  Type: Integer  iPropID:411  lDBID:99411001 
         Rule NEW:  ZnSys:RadSysInOnUndgrFlr / RadSysInOnUndgrFlr  Type: Integer  iPropID:412  lDBID:99412001 
         Rule NEW:  ZnSys:RadSysInOnExtWall / RadSysInOnExtWall  Type: Integer  iPropID:413  lDBID:99413001 
         Rule NEW:  ZnSys:RadSysInOnNumSurfType / RadiantSystemInOnNumberOfSurfaceTypes  Type: Integer  iPropID:414  lDBID:99414001 
         Rule NEW:  ZnSys:RadSurfArea / RadiantSurfaceArea  Type: Float  iPropID:415  lDBID:99415001 
         Rule NEW:  ZnSys:RadRoofList / RadiantRoofList  Type: String  iPropID:416  lDBID:99416001 
         Rule NEW:  ZnSys:RadCeilingList / RadiantCeilingList  Type: String  iPropID:417  lDBID:99417001 
         Rule NEW:  ZnSys:RadExtWallList / RadiantExteriorWallList  Type: String  iPropID:418  lDBID:99418001 
         Rule NEW:  ZnSys:RadExtFlrList / RadiantExteriorFloorList  Type: String  iPropID:419  lDBID:99419001 
         Rule NEW:  ZnSys:RadIntFlrList / RadiantInteriorFloorList  Type: String  iPropID:420  lDBID:99420001 
         Rule NEW:  ZnSys:RadUndgrFlrList / RadiantUndergroundFloorList  Type: String  iPropID:421  lDBID:99421001 
         Rule NEW:  IntFlr:HasRadSysPanel / HasRadiantSystemPanel
  DESCEIPTION
    "Check if the surface has panel radiant system"  Type: Integer  iPropID:38  lDBID:59038001 
         Rule NEW:  UndgrFlr:MthodUsed / MethodUsed  Type: Integer  iPropID:34  lDBID:62034001 
         done.

Reading rule file: HVACPrimary-General.rule
         Rule NEW:  FluidSys:IsExisting / IsExisting  Type: Integer  iPropID:112  lDBID:109112001 
         Rule NEW:  FluidSys:IsAltered / IsAltered  Type: Integer  iPropID:113  lDBID:109113001 
         Rule NEW:  FluidSys:IsNew / IsNew  Type: Integer  iPropID:114  lDBID:109114001 
         Rule NEW:  FluidSys:CondFlrArea / ConditionedFloorArea  Type: Float  iPropID:115  lDBID:109115001 
         Rule NEW:  FluidSeg:IsNew / IsNew  Type: Integer  iPropID:9  lDBID:110009001 
         Rule NEW:  FluidSeg:IsExisting / IsExisting  Type: Integer  iPropID:10  lDBID:110010001 
         Rule NEW:  FluidSeg:NumNewCoilObj / NumberNewCoilObjects  Type: Integer  iPropID:11  lDBID:110011001 
         Rule NEW:  FluidSeg:NumExistingCoilObj / NumberExistingCoilObjects  Type: Integer  iPropID:12  lDBID:110012001 
         Rule NEW:  FluidSeg:NumNewPriObj / NumberNewPrimaryObjects  Type: Integer  iPropID:13  lDBID:110013001 
         Rule NEW:  FluidSeg:NumExistingPriObj / NumberExistingPrimaryObjects  Type: Integer  iPropID:14  lDBID:110014001 
         Rule NEW:  FluidSeg:IsPriSeg / IsPrimarySegment  Type: Integer  iPropID:15  lDBID:110015001 
         Rule NEW:  FluidSeg:IsSecSeg / IsSecondarySegment  Type: Integer  iPropID:16  lDBID:110016001 
         Rule NEW:  FluidSeg:IsSupSeg / IsSupplySegment  Type: Integer  iPropID:17  lDBID:110017001 
         Rule NEW:  FluidSeg:IsRetSeg / IsReturnSegment  Type: Integer  iPropID:18  lDBID:110018001 
         Rule NEW:  FluidSys:IsPriSec / IsPrimarySecondary  Type: Integer  iPropID:116  lDBID:109116001 
         Rule NEW:  FluidSys:IsPriLoop / IsPrimaryLoop  Type: Integer  iPropID:117  lDBID:109117001 
         Rule NEW:  FluidSys:IsWSHPSys / IsWSHPSystem  Type: Integer  iPropID:118  lDBID:109118001 
         Rule NEW:  FluidSeg:ParentFluidSysRef / ParentFluidSysReference  Type: ObjectRef (FluidSys)  iPropID:19  lDBID:110019001 
         Rule NEW:  FluidSeg:ParentFluidSysType / ParentFluidSysType  Type: Enumeration  iPropID:20  lDBID:110020001 
         Rule NEW:  FluidSeg:TotPriEquipCap / TotalPrimaryEquipmentCapacity  Type: Float  iPropID:21  lDBID:110021001 
         Rule NEW:  Chlr:ParentFluidSysRef / ParentFluidSysRef  Type: ObjectRef (FluidSys)  iPropID:58  lDBID:111058001 
         Rule NEW:  Chlr:CWSysRef / CondenserWaterSystemReference  Type: ObjectRef (FluidSys)  iPropID:59  lDBID:111059001 
         Rule NEW:  FluidSys:CWSysRef / CondenserWaterSystemReference  Type: ObjectRef (FluidSys)  iPropID:107  lDBID:109107001 
         Rule NEW:  Blr:ParentFluidSysRef / ParentFluidSysRef  Type: ObjectRef (FluidSys)  iPropID:35  lDBID:114035001 
         Rule NEW:  HtPump:ParentFluidSysRef / ParentFluidSysRef  Type: ObjectRef (FluidSys)  iPropID:65  lDBID:117065001 
         Rule NEW:  HtRej:ParentFluidSysRef / ParentFluidSysRef  Type: ObjectRef (FluidSys)  iPropID:44  lDBID:115044001 
         Rule NEW:  FluidSeg:NumCoilClgComp / NumberCoilCoolingComponents  Type: Integer  iPropID:22  lDBID:110022001 
         Rule NEW:  FluidSeg:NumCoilHtgComp / NumberCoilHeatingComponents  Type: Integer  iPropID:23  lDBID:110023001 
         Rule NEW:  FluidSeg:CondHVACZnCntWithMult / ConditionedHVACZoneCountWithMultiplier  Type: Integer  iPropID:24  lDBID:110024001 
         Rule NEW:  FluidSeg:CoilClgCapHydronic / CoilCoolingCapacityHydronic  Type: Float  iPropID:25  lDBID:110025001 
         Rule NEW:  FluidSeg:CoilClgCapHydronicExisting / CoilCoolingCapacityHydronicExisting  Type: Float  iPropID:26  lDBID:110026001 
         Rule NEW:  FluidSeg:CoilClgCapHydronicHlthCare / CoilCoolingCapacityHydronicHealthCare  Type: Float  iPropID:27  lDBID:110027001 
         Rule NEW:  FluidSeg:CoilClgTotFlowRt / CoilCoolingTotalFlowRate  Type: Float  iPropID:28  lDBID:110028001 
         Rule NEW:  FluidSeg:CoilClgSensCap / CoilCoolingSensibleCapacity  Type: Float  iPropID:29  lDBID:110029001 
         Rule NEW:  FluidSys:CoilClgCapHydronic / CoilCoolingCapacityHydronic  Type: Float  iPropID:119  lDBID:109119001 
         Rule NEW:  FluidSys:CoilClgCapHydronicNew / CoilCoolingCapacityHydronicNew  Type: Float  iPropID:120  lDBID:109120001 
         Rule NEW:  FluidSys:CoilClgCapHydronicExisting / CoilCoolingCapacityHydronicExisting  Type: Float  iPropID:121  lDBID:109121001 
         Rule NEW:  FluidSys:CoilClgCapHydronicHlthCare / CoilCoolingCapacityHydronicHealthCare  Type: Float  iPropID:122  lDBID:109122001 
         Rule NEW:  FluidSys:CoilClgCapWSHP / CoilCoolingCapacityWaterSourceHeatPump  Type: Float  iPropID:123  lDBID:109123001 
         Rule NEW:  FluidSys:CoilClgCapWSHPNew / CoilCoolingCapacityWaterSourceHeatPumpNew  Type: Float  iPropID:124  lDBID:109124001 
         Rule NEW:  FluidSys:CoilClgCapWSHPExisting / CoilCoolingCapacityWaterSourceHeatPumpExisting  Type: Float  iPropID:125  lDBID:109125001 
         Rule NEW:  FluidSys:CoilClgCapWSHPHlthCare / CoilCoolingCapacityWaterSourceHeatPumpHealthCare  Type: Float  iPropID:126  lDBID:109126001 
         Rule NEW:  FluidSys:CoilClgTotFlowRt / CoilCoolingTotalFlowRate  Type: Float  iPropID:127  lDBID:109127001 
         Rule NEW:  FluidSeg:CoilHtgCapHydronic / CoilHeatingTotalCapacity  Type: Float  iPropID:30  lDBID:110030001 
         Rule NEW:  FluidSeg:CoilHtgCapHydronicExisting / CoilHeatingTotalCapacityExisting  Type: Float  iPropID:31  lDBID:110031001 
         Rule NEW:  FluidSeg:CoilHtgCapHydronicHlthCare / CoilHeatingTotalCapacityHealthCare  Type: Float  iPropID:32  lDBID:110032001 
         Rule NEW:  FluidSeg:CoilHtgTotFlowRt / CoilHeatingTotalFlowRate  Type: Float  iPropID:33  lDBID:110033001 
         Rule NEW:  FluidSys:CoilHtgCapHydronic / CoilHeatingCapacityHydronic  Type: Float  iPropID:128  lDBID:109128001 
         Rule NEW:  FluidSys:CoilHtgCapHydronicNew / CoilHeatingCapacityHydronicNew  Type: Float  iPropID:129  lDBID:109129001 
         Rule NEW:  FluidSys:CoilHtgCapHydronicExisting / CoilHeatingCapacityHydronicExisting  Type: Float  iPropID:130  lDBID:109130001 
         Rule NEW:  FluidSys:CoilHtgCapHydronicHlthCare / CoilHeatingCapacityHydronicHealthCare  Type: Float  iPropID:131  lDBID:109131001 
         Rule NEW:  FluidSys:CoilHtgCapWSHP / CoilHeatingCapacityWaterSourceHeatPump  Type: Float  iPropID:132  lDBID:109132001 
         Rule NEW:  FluidSys:CoilHtgCapWSHPNew / CoilHeatingCapacityWaterSourceHeatPumpNew  Type: Float  iPropID:133  lDBID:109133001 
         Rule NEW:  FluidSys:CoilHtgCapWSHPExisting / CoilHeatingCapacityWaterSourceHeatPumpExisting  Type: Float  iPropID:134  lDBID:109134001 
         Rule NEW:  FluidSys:CoilHtgCapWSHPHlthCare / CoilHeatingCapacityWaterSourceHeatPumpHealthCare  Type: Float  iPropID:135  lDBID:109135001 
         Rule NEW:  FluidSys:IsBaseHlthCareSys / IsBaselineHealthcareSystem  Type: Integer  iPropID:136  lDBID:109136001 
         Rule NEW:  FluidSys:CoilHtgTotFlowRt / CoilHeatingTotalFlowRate  Type: Float  iPropID:137  lDBID:109137001 
         Rule NEW:  FluidSeg:CoilHtRejLd / CoilHeatRejectionLoad  Type: Float  iPropID:34  lDBID:110034001 
         Rule NEW:  FluidSeg:CoilHtExtractionLd / CoilHeatExtractionLoad  Type: Float  iPropID:35  lDBID:110035001 
         Rule NEW:  FluidSeg:PumpCnt / PumpCount  Type: Integer  iPropID:36  lDBID:110036001 
         Rule NEW:  Blr:PumpCnt / PumpCount  Type: Integer  iPropID:36  lDBID:114036001 
         Rule NEW:  WtrHtr:PumpCnt / PumpCount  Type: Integer  iPropID:139  lDBID:116139001 
         Rule NEW:  HtPump:PumpCnt / PumpCount  Type: Integer  iPropID:66  lDBID:117066001 
         Rule NEW:  Chlr:PumpCnt / PumpCount  Type: Integer  iPropID:60  lDBID:111060001 
         Rule NEW:  HtRej:PumpCnt / PumpCount  Type: Integer  iPropID:45  lDBID:115045001 
         Rule NEW:  ThrmlEngyStor:PumpCnt / PumpCount  Type: Integer  iPropID:34  lDBID:112034001 
         Rule NEW:  FluidSys:PriPumpCnt / PrimaryPumpCount  Type: Integer  iPropID:138  lDBID:109138001 
         Rule NEW:  FluidSys:SecPumpCnt / SecondaryPumpCount  Type: Integer  iPropID:139  lDBID:109139001 
         Rule NEW:  FluidSeg:PumpCntVarSpd / PumpCountVariableSpeed  Type: Integer  iPropID:37  lDBID:110037001 
         Rule NEW:  Blr:PumpCntVarSpd / PumpCountVariableSpeed  Type: Integer  iPropID:37  lDBID:114037001 
         Rule NEW:  WtrHtr:PumpCntVarSpd / PumpCountVariableSpeed  Type: Integer  iPropID:140  lDBID:116140001 
         Rule NEW:  HtPump:PumpCntVarSpd / PumpCountVariableSpeed  Type: Integer  iPropID:67  lDBID:117067001 
         Rule NEW:  Chlr:PumpCntVarSpd / PumpCountVariableSpeed  Type: Integer  iPropID:61  lDBID:111061001 
         Rule NEW:  HtRej:PumpCntVarSpd / PumpCountVariableSpeed  Type: Integer  iPropID:46  lDBID:115046001 
         Rule NEW:  ThrmlEngyStor:PumpCntVarSpd / PumpCountVariableSpeed  Type: Integer  iPropID:35  lDBID:112035001 
         Rule NEW:  FluidSeg:PumpCntVarSpd / PumpCountVariableSpeed  Type: Integer  iPropID:37  lDBID:110037001 
         Rule NEW:  FluidSys:PriPumpCntVarSpd / PrimaryPumpCountVariableSpeed  Type: Integer  iPropID:140  lDBID:109140001 
         Rule NEW:  FluidSys:SecPumpCntVarSpd / SecondaryPumpCountVariableSpeed  Type: Integer  iPropID:141  lDBID:109141001 
         Rule NEW:  Blr:PumpCntConstantSpd / PumpCountConstantSpeed  Type: Integer  iPropID:38  lDBID:114038001 
         Rule NEW:  WtrHtr:PumpCntConstantSpd / PumpCountConstantSpeed  Type: Integer  iPropID:141  lDBID:116141001 
         Rule NEW:  HtPump:PumpCntConstantSpd / PumpCountConstantSpeed  Type: Integer  iPropID:68  lDBID:117068001 
         Rule NEW:  Chlr:PumpCntConstantSpd / PumpCountConstantSpeed  Type: Integer  iPropID:62  lDBID:111062001 
         Rule NEW:  HtRej:PumpCntConstantSpd / PumpCountConstantSpeed  Type: Integer  iPropID:47  lDBID:115047001 
         Rule NEW:  ThrmlEngyStor:PumpCntConstantSpd / PumpCountConstantSpeed  Type: Integer  iPropID:36  lDBID:112036001 
         Rule NEW:  FluidSeg:PumpCntConstantSpd / PumpCountConstantSpeed  Type: Integer  iPropID:38  lDBID:110038001 
         Rule NEW:  FluidSys:PriPumpCntConstantSpd / PrimaryPumpCountConstantSpeed  Type: Integer  iPropID:142  lDBID:109142001 
         Rule NEW:  FluidSys:SecPumpCntConstantSpd / SecondaryPumpCountConstantSpeed  Type: Integer  iPropID:143  lDBID:109143001 
         Rule NEW:  FluidSys:SecLoopCnt / SecondaryLoopCount  Type: Integer  iPropID:144  lDBID:109144001 
         Rule NEW:  FluidSys:SysPumpCnt / SystemPumpCount  Type: Integer  iPropID:145  lDBID:109145001 
         Rule NEW:  FluidSys:SysPumpCntVarSpd / SystemPumpCountVariableSpeed  Type: Integer  iPropID:146  lDBID:109146001 
         Rule NEW:  FluidSys:SysPumpCntConstantSpd / SystemPumpCountConstantSpeed  Type: Integer  iPropID:147  lDBID:109147001 
         Rule NEW:  FluidSys:PumpCheck / PumpCheck  Type: Integer  iPropID:148  lDBID:109148001 
         Rule NEW:  FluidSys:ThrmlEngyStorCnt / ThermalEnergyStorageCount  Type: Integer  iPropID:149  lDBID:109149001 
         Rule NEW:  FluidSeg:WtrFlowCap / WaterFlowCapacity  Type: Float  iPropID:39  lDBID:110039001 
         Rule NEW:  FluidSys:HasChlr / HasChiller  Type: Integer  iPropID:150  lDBID:109150001 
         Rule NEW:  FluidSys:HasHtPumpBlr / HasHeatPumpOiler  Type: Integer  iPropID:151  lDBID:109151001 
         Rule NEW:  FluidSys:HasChlrPriorityThrmlEngyStor / HasChillerPriorityThermalEnergyStorage  Type: Integer  iPropID:152  lDBID:109152001 
         Rule NEW:  FluidSys:HtgFuelSrc / HeatingFuelSource  Type: Integer  iPropID:153  lDBID:109153001 
         Rule NEW:  FluidSeg:FluidSegInForDummyCoilClg / FluidSegmentInForDummyCoilCooling  Type: Integer  iPropID:40  lDBID:110040001 
         Rule NEW:  FluidSeg:FluidSegOutForDummyCoilClg / FluidSegmentOutForDummyCoilCooling  Type: Integer  iPropID:41  lDBID:110041001 
         Rule NEW:  FluidSeg:ResFlrAreaServed / ResidentialFloorAreaServed  Type: Float  iPropID:42  lDBID:110042001 
         Rule NEW:  FluidSeg:ResExistingFlrAreaServed / ResidentialExistingFloorAreaServed  Type: Float  iPropID:43  lDBID:110043001 
         Rule NEW:  FluidSys:ResFlrAreaServed / ResidentialFloorAreaServed  Type: Float  iPropID:154  lDBID:109154001 
         Rule NEW:  FluidSys:ResExistingFlrAreaServed / ResidentialExistingFloorAreaServed  Type: Float  iPropID:155  lDBID:109155001 
         Rule NEW:  ResCentralHtgClgSys:CSELoadPassing / CSELoadPassing  Type: Integer  iPropID:24  lDBID:124024001 
         Rule NEW:  FluidSeg:CSELoadPassing / CSELoadPassing  Type: Float  iPropID:44  lDBID:110044001 
         Rule NEW:  FluidSys:CSELoadPassing / CSELoadPassing  Type: Float  iPropID:156  lDBID:109156001 
         Rule NEW:  FluidSys:CSE_LoadMeter / CSE_LoadMeter  Type: ObjectRef (cseLOADMETER)  iPropID:157  lDBID:109157001 
         Rule NEW:  FluidSys:CSELoadMeterIdx / CSELoadMeterIdx  Type: Integer  iPropID:158  lDBID:109158001 
         done.

Reading rule file: HVACPrimary-Sizing.rule
         done.

Reading rule file: HVACPrimary-SystemControls.rule
         done.

Reading rule file: HVACPrimary-Boilers.rule
         Rule NEW:  FluidSys:HWLoopLd / HWLoopLd  Type: Float  iPropID:159  lDBID:109159001 
         Rule NEW:  FluidSys:BlrCnt / BlrCnt  Type: Integer  iPropID:160  lDBID:109160001 
         Rule NEW:  FluidSys:Blr2Ref / Blr2Ref  Type: ObjectRef (Blr)  iPropID:161  lDBID:109161001 
         Rule NEW:  Blr:IsNew / IsNew  Type: Integer  iPropID:39  lDBID:114039001 
         Rule NEW:  Blr:IsExisting / IsExisting  Type: Integer  iPropID:40  lDBID:114040001 
         Rule NEW:  Blr:IsBaseHlthCare / IsBaselineHealthCare  Type: Integer  iPropID:41  lDBID:114041001 
         Rule NEW:  Blr:CodeMinAFUE / CodeMinimumAFUE  Type: Float  iPropID:42  lDBID:114042001 
         Rule NEW:  Blr:CodeMinCombEff / CodeMinimumCombustionEfficiency  Type: Float  iPropID:43  lDBID:114043001 
         Rule NEW:  Blr:CodeMinThrmlEff / CodeMinimumThermalEfficiency  Type: Float  iPropID:44  lDBID:114044001 
         Rule NEW:  Blr:CapRtdNew / CapRtdNew  Type: Integer  iPropID:45  lDBID:114045001 
         Rule NEW:  Blr:CapRtdExisting / CapRtdExisting  Type: Integer  iPropID:46  lDBID:114046001 
         done.

Reading rule file: HVACPrimary-HeatPumps.rule
         Rule NEW:  FluidSys:HtPumpCnt / HtPumpCnt  Type: Integer  iPropID:162  lDBID:109162001 
         Rule NEW:  HtPump:Supported / Supported  Type: Integer  iPropID:69  lDBID:117069001 
         Rule NEW:  HtPump:IsNew / IsNew  Type: Integer  iPropID:70  lDBID:117070001 
         Rule NEW:  HtPump:IsExisting / IsExisting  Type: Integer  iPropID:71  lDBID:117071001 
         Rule NEW:  HtPump:IsBaseHlthCare / IsBaselineHealthCare  Type: Integer  iPropID:72  lDBID:117072001 
         Rule NEW:  HtPump:HtgRtdCondWtrTemp / HeatingRatedConditionWaterTemperature  Type: Enumeration  iPropID:73  lDBID:117073001 
         Rule NEW:  HtPump:DsgnHtgOADBTempC / DsgnHtgOADBTempC  Type: Float  iPropID:74  lDBID:117074001 
         Rule NEW:  HtPump:HtgDsgnLvgWtrTempC / HtgDsgnLvgWtrTempC  Type: Float  iPropID:75  lDBID:117075001 
         Rule NEW:  HtPump:HtgCapDsgnAdjFac / CapacityDesignAdjustmentFactor  Type: Float  iPropID:76  lDBID:117076001 
         Rule NEW:  HtPump:HtgRtdCondOADBTempC / HtgRtdCondOADBTempC  Type: Float  iPropID:77  lDBID:117077001 
         Rule NEW:  HtPump:HtgRtdCondLvgWtrTempC / HtgRtdCondLvgWtrTempC  Type: Float  iPropID:78  lDBID:117078001 
         Rule NEW:  HtPump:HtgCapRtdDsgnAdjFac / CapacityRatedAdjustmentFactor  Type: Float  iPropID:79  lDBID:117079001 
         Rule NEW:  HtPump:HtgEIRRtdDsgnAdjFac / HeatingEIRRatedAdjustmentFactor  Type: Float  iPropID:80  lDBID:117080001 
         Rule NEW:  HtPump:HtgCapRtdNew / HtgCapRtdNew  Type: Integer  iPropID:81  lDBID:117081001 
         Rule NEW:  HtPump:HtgCapRtdExisting / HtgCapRtdExisting  Type: Integer  iPropID:82  lDBID:117082001 
         Rule NEW:  HtPump:CodeMinHtgCOP / CodeMinimumHeatingCOP  Type: Float  iPropID:83  lDBID:117083001 
         Rule NEW:  HtPump:HtgCprsrLockoutTemp / HeatingCompressorLockoutTemperature  Type: Float  iPropID:84  lDBID:117084001 
         Rule NEW:  HtPump:ClgCapRtdNew / ClgCapRtdNew  Type: Integer  iPropID:85  lDBID:117085001 
         Rule NEW:  HtPump:ClgCapRtdExisting / ClgCapRtdExisting  Type: Integer  iPropID:86  lDBID:117086001 
         Rule NEW:  HtPump:CapRtd / CapRtd  Type: Float  iPropID:87  lDBID:117087001 
         Rule NEW:  HtPump:CapRtdSim / CapRtdSim  Type: Float  iPropID:88  lDBID:117088001 
         Rule NEW:  HtPump:WtrFlowCap / WtrFlowCap  Type: Float  iPropID:89  lDBID:117089001 
         Rule NEW:  Blr:SupWtrFlowCap / SupWtrFlowCap  Type: Float  iPropID:47  lDBID:114047001 
         done.

Reading rule file: HVACPrimary-Chillers.rule
         Rule NEW:  FluidSys:ChWLoopLdNoPump / ChWLoopLdNoPump  Type: Float  iPropID:163  lDBID:109163001 
         Rule NEW:  FluidSys:PumpHt / PumpHt  Type: Float  iPropID:164  lDBID:109164001 
         Rule NEW:  FluidSys:ChWLoopLd / ChWLoopLd  Type: Float  iPropID:165  lDBID:109165001 
         Rule NEW:  FluidSys:ChlrCnt / ChlrCnt  Type: Integer  iPropID:166  lDBID:109166001 
         Rule NEW:  FluidSys:Chlr2Ref / Chlr2Ref  Type: ObjectRef (Chlr)  iPropID:167  lDBID:109167001 
         Rule NEW:  FluidSys:Chlr3Ref / Chlr3Ref  Type: ObjectRef (Chlr)  iPropID:168  lDBID:109168001 
         Rule NEW:  FluidSys:Chlr4Ref / Chlr4Ref  Type: ObjectRef (Chlr)  iPropID:169  lDBID:109169001 
         Rule NEW:  FluidSys:Chlr5Ref / Chlr5Ref  Type: ObjectRef (Chlr)  iPropID:170  lDBID:109170001 
         Rule NEW:  FluidSys:Chlr6Ref / Chlr6Ref  Type: ObjectRef (Chlr)  iPropID:171  lDBID:109171001 
         Rule NEW:  Chlr:IsNew / IsNew  Type: Integer  iPropID:63  lDBID:111063001 
         Rule NEW:  Chlr:IsExisting / IsExisting  Type: Integer  iPropID:64  lDBID:111064001 
         Rule NEW:  Chlr:IsBaseHlthCare / IsBaselineHealthCare  Type: Integer  iPropID:65  lDBID:111065001 
         Rule NEW:  Chlr:CapRtdNoPump / CapRtdNoPump  Type: Float  iPropID:66  lDBID:111066001 
         Rule NEW:  Chlr:PumpHt / PumpHt  Type: Float  iPropID:67  lDBID:111067001 
         Rule NEW:  FluidSys:TotChlrCap / TotChlrCap  Type: Float  iPropID:172  lDBID:109172001 
         Rule NEW:  Chlr:CodeMaxPathAIPLVKwPerTon / CodeMaximumPathAIPLVKwPerTon  Type: Float  iPropID:68  lDBID:111068001 
         Rule NEW:  Chlr:CodeMaxPathBIPLVKwPerTon / CodeMaximumPathBIPLVKwPerTon  Type: Float  iPropID:69  lDBID:111069001 
         Rule NEW:  Chlr:CodeMinPathAIPLVEER / CodeMinimumPathAIPLVEER  Type: Float  iPropID:70  lDBID:111070001 
         Rule NEW:  Chlr:CodeMinPathBIPLVEER / CodeMinimumPathBIPLVEER  Type: Float  iPropID:71  lDBID:111071001 
         Rule NEW:  Chlr:CodeMaxPathAKwPerTon / CodeMaximumPathAKwPerTon  Type: Float  iPropID:72  lDBID:111072001 
         Rule NEW:  Chlr:CodeMaxPathBKwPerTon / CodeMaximumPathBKwPerTon  Type: Float  iPropID:73  lDBID:111073001 
         Rule NEW:  Chlr:CodeMinPathAEER / CodeMinimumPathAEER  Type: Float  iPropID:74  lDBID:111074001 
         Rule NEW:  Chlr:CodeMinPathBEER / CodeMinimumPathBEER  Type: Float  iPropID:75  lDBID:111075001 
         Rule NEW:  Chlr:CodeMinCOP / CodeMinimumCOP  Type: Float  iPropID:76  lDBID:111076001 
         Rule NEW:  Chlr:EffPath / EfficiencyPath  Type: String  iPropID:77  lDBID:111077001 
         Rule NEW:  Chlr:HtRejLd / HeatRejectionLoad  Type: Float  iPropID:78  lDBID:111078001 
         Rule NEW:  FluidSeg:TotHtRejFromChlr / TotalHeatRejectionFromChiller  Type: Float  iPropID:45  lDBID:110045001 
         Rule NEW:  Chlr:TotHtInput / TotalHeatInput  Type: Float  iPropID:79  lDBID:111079001 
         Rule NEW:  Chlr:CapRtdNew / CapRtdNew  Type: Integer  iPropID:80  lDBID:111080001 
         Rule NEW:  Chlr:CapRtdExisting / CapRtdExisting  Type: Integer  iPropID:81  lDBID:111081001 
         Rule NEW:  Chlr:IsNotEnabledOnThrmlEngyStorDischrg / IsNotEnabledOnThermalEnergyStorageDischrg  Type: Integer  iPropID:82  lDBID:111082001 
         Rule NEW:  FluidSys:ChlrPriorityThrmlEngyStorChlrEnableCnt / ChillerPriorityThermalEnergyStorageChillerEnableCount  Type: Integer  iPropID:173  lDBID:109173001 
         Rule NEW:  FluidSys:ChlrPriorityThrmlEngyStorChlrDisableCnt / ChillerPriorityThermalEnergyStorageChillerDisableCount  Type: Integer  iPropID:174  lDBID:109174001 
         Rule NEW:  FluidSys:ChlrPriorityThrmlEngyStorChlrEnableCk / ChillerPriorityThermalEnergyStorageChillerEnableCheck  Type: Integer  iPropID:175  lDBID:109175001 
         done.

Reading rule file: HVACPrimary-CoolingTower.rule
         Rule NEW:  FluidSys:CWLoopLd / CWLoopLd  Type: Float  iPropID:176  lDBID:109176001 
         Rule NEW:  FluidSys:HtRejCnt / HtRejCnt  Type: Integer  iPropID:177  lDBID:109177001 
         Rule NEW:  FluidSys:Twr2Ref / Twr2Ref  Type: ObjectRef (HtRej)  iPropID:178  lDBID:109178001 
         Rule NEW:  FluidSys:Twr3Ref / Twr3Ref  Type: ObjectRef (HtRej)  iPropID:179  lDBID:109179001 
         Rule NEW:  FluidSys:Twr4Ref / Twr4Ref  Type: ObjectRef (HtRej)  iPropID:180  lDBID:109180001 
         Rule NEW:  FluidSys:Twr5Ref / Twr5Ref  Type: ObjectRef (HtRej)  iPropID:181  lDBID:109181001 
         Rule NEW:  FluidSys:Twr6Ref / Twr6Ref  Type: ObjectRef (HtRej)  iPropID:182  lDBID:109182001 
         Rule NEW:  HtRej:IsNew / IsNew  Type: Integer  iPropID:48  lDBID:115048001 
         Rule NEW:  HtRej:IsExisting / IsExisting  Type: Integer  iPropID:49  lDBID:115049001 
         Rule NEW:  HtRej:IsBaseHlthCare / IsBaselineHealthCare  Type: Integer  iPropID:50  lDBID:115050001 
         Rule NEW:  HtRej:IsOpenTwr / IsOpenTwr  Type: Integer  iPropID:51  lDBID:115051001 
         Rule NEW:  HtRej:IsClosedTwr / IsClosedTwr  Type: Integer  iPropID:52  lDBID:115052001 
         Rule NEW:  HtRej:IsClosedEvaporativeTwr / IsClosedEvaporativeTwr  Type: Integer  iPropID:53  lDBID:115053001 
         Rule NEW:  FluidSys:OpenTwrCnt / OpenTwrCnt  Type: Integer  iPropID:183  lDBID:109183001 
         Rule NEW:  FluidSys:ClosedTwrCnt / ClosedTwrCnt  Type: Integer  iPropID:184  lDBID:109184001 
         Rule NEW:  FluidSys:EvaporativeClosedTwrCnt / EvaporativeClosedTwrCnt  Type: Integer  iPropID:185  lDBID:109185001 
         Rule NEW:  FluidSys:ClgTwrConfigCheck / ClgTwrConfigCheck  Type: Integer  iPropID:186  lDBID:109186001 
         Rule NEW:  HtRej:CapRtdNoPump / CapRtdNoPump  Type: Float  iPropID:54  lDBID:115054001 
         Rule NEW:  HtRej:PumpHt / PumpHt  Type: Float  iPropID:55  lDBID:115055001 
         Rule NEW:  HtRej:CodeMinGMPPerHP / CodeMinimumGPMPerHP  Type: Float  iPropID:56  lDBID:115056001 
         Rule NEW:  FluidSeg:NumChlrComp / NumberChillerComponents  Type: Integer  iPropID:46  lDBID:110046001 
         Rule NEW:  HtRej:CapRtdNew / CapRtdNew  Type: Integer  iPropID:57  lDBID:115057001 
         Rule NEW:  HtRej:CapRtdExisting / CapRtdExisting  Type: Integer  iPropID:58  lDBID:115058001 
         done.

Reading rule file: HVACPrimary-HeatExchangers.rule
         Rule NEW:  HX:IsNew / IsNew  Type: Integer  iPropID:26  lDBID:113026001 
         Rule NEW:  HX:IsExisting / IsExisting  Type: Integer  iPropID:27  lDBID:113027001 
         Rule NEW:  HX:LMTD / LMTD  Type: Float  iPropID:28  lDBID:113028001 
         done.

Reading rule file: HVACPrimary-Pumps.rule
         Rule NEW:  Pump:IsNew / IsNew  Type: Integer  iPropID:25  lDBID:118025001 
         Rule NEW:  Pump:IsExisting / IsExisting  Type: Integer  iPropID:26  lDBID:118026001 
         Rule NEW:  Proj:FlowCapTolLim / FlowCapacityToleranceLimitError  Type: Float  iPropID:889  lDBID:1889001 
         Rule NEW:  FluidSeg:WtrFlowCap / WaterFlowCapacity  Type: Float  iPropID:39  lDBID:110039001 
         Rule NEW:  Pump:AutoEffInputMtrBHP / AutomaticEfficiencyInputMotorBHP  Type: Float  iPropID:27  lDBID:118027001 
         Rule NEW:  Pump:MtrHPIdx_i / MotorHPIndex_i  Type: Integer  iPropID:28  lDBID:118028001 
         Rule NEW:  Pump:MtrHPIdx_iminus1 / MotorHPIndex_iminus1  Type: Integer  iPropID:29  lDBID:118029001 
         Rule NEW:  Pump:MinMtrBHP / MinimumMotorBHP  Type: Float  iPropID:30  lDBID:118030001 
         Rule NEW:  Pump:MinTotHd / MinimumTotalHead  Type: Float  iPropID:31  lDBID:118031001 
         Rule NEW:  Pump:MtrPerfIdx / MotorPerformanceIndex  Type: Integer  iPropID:32  lDBID:118032001 
         Rule NEW:  Pump:PumpVarSpdFlag / PumpVariableSpeedFlag  Type: Integer  iPropID:33  lDBID:118033001 
         Rule NEW:  Pump:PumpConstantSpdFlag / PumpConstantSpeedFlag  Type: Integer  iPropID:34  lDBID:118034001 
         Rule NEW:  Pump:HtRejParentRef / HtRejParentRef  Type: ObjectRef (HtRej)  iPropID:35  lDBID:118035001 
         Rule NEW:  Pump:FluidSysRef / FluidSysRef  Type: ObjectRef (FluidSys)  iPropID:36  lDBID:118036001 
         Rule NEW:  Pump:IsDemandSidePump / IsDemandSidePump  Type: Integer  iPropID:37  lDBID:118037001 
         Rule NEW:  FluidSys:DemandSidePumpRef / DemandSidePumpRef  Type: ObjectRef (Pump)  iPropID:187  lDBID:109187001 
         Rule NEW:  FluidSys:DemandSidePumpSpdCtrl / DemandSidePumpSpeedControl  Type: String  iPropID:188  lDBID:109188001 
         Rule NEW:  FluidSys:DemandSidePumpFlowCap / DemandSidePumpFlowCap  Type: Float  iPropID:189  lDBID:109189001 
         Rule NEW:  Proj:RuleEvalDuration / RuleEvalDuration  Type: Float  iPropID:714  lDBID:1714001 
         done.

Reading rule file: HVACPrimary-ThermalEnergyStorage.rule
         Rule NEW:  ThrmlEngyStor:IsNew / IsNew  Type: Integer  iPropID:37  lDBID:112037001 
         Rule NEW:  ThrmlEngyStor:IsExisting / IsExisting  Type: Integer  iPropID:38  lDBID:112038001 
         Rule NEW:  ThrmlEngyStor:IsChlrPriority / IsChillerPriority  Type: Integer  iPropID:39  lDBID:112039001 
         Rule NEW:  ThrmlEngyStor:TankVertSurfArea / TankVerticalSurfaceArea  Type: Float  iPropID:40  lDBID:112040001 
         Rule NEW:  ThrmlEngyStor:TankHorSurfArea / TankHorizontalSurfaceArea  Type: Float  iPropID:41  lDBID:112041001 
         Rule NEW:  ThrmlEngyStor:TankWd / TankWidth  Type: Float  iPropID:42  lDBID:112042001 
         done.

Reading rule file: HVACPrimary-Scaling-AddAlt.rule
         Rule NEW:  Proj:ClgScalingTol / CoolingScalingTolerance  Type: Float  iPropID:890  lDBID:1890001 
         Rule NEW:  Proj:HtgScalingTol / HeatingScalingTolerance  Type: Float  iPropID:891  lDBID:1891001 
         Rule NEW:  FluidSys:ScalingReq / ScalingRequired  Type: Integer  iPropID:190  lDBID:109190001 
         Rule NEW:  FluidSys:ScalingForHlthCareReq / ScalingForHealthCareRequired  Type: Integer  iPropID:191  lDBID:109191001 
         Rule NEW:  FluidSys:ClgScalar / CoolingScalar  Type: Float  iPropID:192  lDBID:109192001 
         Rule NEW:  FluidSys:ClgHlthCareScalar / CoolingHealthCareScalar  Type: Float  iPropID:193  lDBID:109193001 
         Rule NEW:  FluidSys:HtgScalar / HeatingScalar  Type: Float  iPropID:194  lDBID:109194001 
         Rule NEW:  FluidSys:HtgHlthCareScalar / HeatingHealthCareScalar  Type: Float  iPropID:195  lDBID:109195001 
         done.

Reading rule file: ResHVACSys.rule
         done.

Reading rule file: ResCentralHVACSys.rule
         Rule NEW:  ResCentralHtgClgSys:HWFluidSysRef / HWFluidSysRef  Type: ObjectRef (FluidSys)  iPropID:25  lDBID:124025001 
         Rule NEW:  ResCentralHtgClgSys:ChWFluidSysRef / ChWFluidSysRef  Type: ObjectRef (FluidSys)  iPropID:26  lDBID:124026001 
         Rule NEW:  ResCentralHtgClgSys:CWFluidSysRef / CWFluidSysRef  Type: ObjectRef (FluidSys)  iPropID:27  lDBID:124027001 
         Rule NEW:  DwellUnitType:HWFluidSysRef / HWFluidSysRef  Type: ObjectRef (FluidSys)  iPropID:306  lDBID:69306001 
         Rule NEW:  DwellUnitType:HWFluidSegInRef / HWFluidSegInRef  Type: ObjectRef (FluidSeg)  iPropID:307  lDBID:69307001 
         Rule NEW:  DwellUnitType:HWFluidSegOutRef / HWFluidSegOutRef  Type: ObjectRef (FluidSeg)  iPropID:308  lDBID:69308001 
         Rule NEW:  DwellUnitType:ChWFluidSysRef / ChWFluidSysRef  Type: ObjectRef (FluidSys)  iPropID:309  lDBID:69309001 
         Rule NEW:  DwellUnitType:ChWFluidSegInRef / ChWFluidSegInRef  Type: ObjectRef (FluidSeg)  iPropID:310  lDBID:69310001 
         Rule NEW:  DwellUnitType:ChWFluidSegOutRef / ChWFluidSegOutRef  Type: ObjectRef (FluidSeg)  iPropID:311  lDBID:69311001 
         Rule NEW:  DwellUnitType:CWFluidSysRef / CWFluidSysRef  Type: ObjectRef (FluidSys)  iPropID:312  lDBID:69312001 
         Rule NEW:  DwellUnitType:CWFluidSegInRef / CWFluidSegInRef  Type: ObjectRef (FluidSeg)  iPropID:313  lDBID:69313001 
         Rule NEW:  DwellUnitType:CWFluidSegOutRef / CWFluidSegOutRef  Type: ObjectRef (FluidSeg)  iPropID:314  lDBID:69314001 
         Rule NEW:  DwellUnitType:WSHPEER / WSHPEER  Type: Float  iPropID:315  lDBID:69315001 
         Rule NEW:  DwellUnitType:WSHPCOP / WSHPCOP  Type: Float  iPropID:316  lDBID:69316001 
         Rule NEW:  DwellUnitType:VRFSysRef / VRFSysRef  Type: ObjectRef (VRFSys)  iPropID:317  lDBID:69317001 
         Rule NEW:  ResHVACSys:HWFluidSysRef / HWFluidSysRef  Type: ObjectRef (FluidSys)  iPropID:275  lDBID:120275001 
         Rule NEW:  ResHVACSys:HWFluidSegInRef / HWFluidSegInRef  Type: ObjectRef (FluidSeg)  iPropID:276  lDBID:120276001 
         Rule NEW:  ResHVACSys:HWFluidSegOutRef / HWFluidSegOutRef  Type: ObjectRef (FluidSeg)  iPropID:277  lDBID:120277001 
         Rule NEW:  ResHVACSys:ChWFluidSysRef / ChWFluidSysRef  Type: ObjectRef (FluidSys)  iPropID:278  lDBID:120278001 
         Rule NEW:  ResHVACSys:ChWFluidSegInRef / ChWFluidSegInRef  Type: ObjectRef (FluidSeg)  iPropID:279  lDBID:120279001 
         Rule NEW:  ResHVACSys:ChWFluidSegOutRef / ChWFluidSegOutRef  Type: ObjectRef (FluidSeg)  iPropID:280  lDBID:120280001 
         Rule NEW:  ResHVACSys:CWFluidSysRef / CWFluidSysRef  Type: ObjectRef (FluidSys)  iPropID:281  lDBID:120281001 
         Rule NEW:  ResHVACSys:CWFluidSegInRef / CWFluidSegInRef  Type: ObjectRef (FluidSeg)  iPropID:282  lDBID:120282001 
         Rule NEW:  ResHVACSys:CWFluidSegOutRef / CWFluidSegOutRef  Type: ObjectRef (FluidSeg)  iPropID:283  lDBID:120283001 
         Rule NEW:  ResHVACSys:WSHPEER / WSHPEER  Type: Float  iPropID:284  lDBID:120284001 
         Rule NEW:  ResHVACSys:WSHPCOP / WSHPCOP  Type: Float  iPropID:285  lDBID:120285001 
         Rule NEW:  ResHVACSys:VRFSysRef / VRFSysRef  Type: ObjectRef (VRFSys)  iPropID:286  lDBID:120286001 
         Rule NEW:  ResHVACSys:CentralEquipIssue2 / CentralEquipIssue2  Type: String  iPropID:287  lDBID:120287001 
         Rule NEW:  ResZn:ChildDwellUnitRef / ChildDwellUnitRef  Type: ObjectRef (DwellUnit)  iPropID:344  lDBID:70344001 
         Rule NEW:  ResZn:CentralEqpType / CentralEqpType  Type: String  iPropID:345  lDBID:70345001 
         Rule NEW:  ResZn:HWFluidSysRef / HWFluidSysRef  Type: ObjectRef (FluidSys)  iPropID:346  lDBID:70346001 
         Rule NEW:  ResZn:ChWFluidSysRef / ChWFluidSysRef  Type: ObjectRef (FluidSys)  iPropID:347  lDBID:70347001 
         Rule NEW:  ResZn:CWFluidSysRef / CWFluidSysRef  Type: ObjectRef (FluidSys)  iPropID:348  lDBID:70348001 
         Rule NEW:  ResZn:VRFSysRef / VRFSysRef  Type: ObjectRef (VRFSys)  iPropID:349  lDBID:70349001 
         Rule NEW:  ResOtherZn:HWFluidSysRef / HWFluidSysRef  Type: ObjectRef (FluidSys)  iPropID:470  lDBID:71470001 
         Rule NEW:  ResOtherZn:ChWFluidSysRef / ChWFluidSysRef  Type: ObjectRef (FluidSys)  iPropID:471  lDBID:71471001 
         Rule NEW:  ResOtherZn:CWFluidSysRef / CWFluidSysRef  Type: ObjectRef (FluidSys)  iPropID:472  lDBID:71472001 
         Rule NEW:  ResOtherZn:VRFSysRef / VRFSysRef  Type: ObjectRef (VRFSys)  iPropID:473  lDBID:71473001 
         Rule NEW:  FluidSys:ProcLdRef / ProcLdRef  Type: ObjectRef (ProcLd)  iPropID:196  lDBID:109196001 
         Rule NEW:  ResCentralHtgClgSys:TypeAbbrevStr / TypeAbbrevStr  Type: String  iPropID:28  lDBID:124028001 
         Rule NEW:  ResHVACSys:MaxResZnGrpMult / MaxResZnGrpMult  Type: Integer  iPropID:288  lDBID:120288001 
         Rule NEW:  DwellUnitType:HVACSysIsNew / HVACSysIsNew  Type: Integer  iPropID:318  lDBID:69318001 
         Rule NEW:  DwellUnitType:HVACSysIsExisting / HVACSysIsExisting  Type: Integer  iPropID:319  lDBID:69319001 
         Rule NEW:  DwellUnitType:SumCentralClgCap / SumCentralClgCap  Type: Float  iPropID:320  lDBID:69320001 
         Rule NEW:  DwellUnitType:SumCentralHtRejLd / SumCentralHtRejLd  Type: Float  iPropID:321  lDBID:69321001 
         Rule NEW:  DwellUnitType:SumCentralHtgCap / SumCentralHtgCap  Type: Float  iPropID:322  lDBID:69322001 
         Rule NEW:  DwellUnitType:SumCentralHtExtractionLd / SumCentralHtExtractionLd  Type: Float  iPropID:323  lDBID:69323001 
         Rule NEW:  ResHVACSys:NumAssigningZones / NumAssigningZones  Type: Integer  iPropID:289  lDBID:120289001 
         Rule NEW:  ResHVACSys:SumCentralClgCap / SumCentralClgCap  Type: Float  iPropID:290  lDBID:120290001 
         Rule NEW:  ResHVACSys:SumCentralHtRejLd / SumCentralHtRejLd  Type: Float  iPropID:291  lDBID:120291001 
         Rule NEW:  ResHVACSys:SumCentralHtgCap / SumCentralHtgCap  Type: Float  iPropID:292  lDBID:120292001 
         Rule NEW:  ResHVACSys:SumCentralHtExtractionLd / SumCentralHtExtractionLd  Type: Float  iPropID:293  lDBID:120293001 
         Rule NEW:  ResOtherZn:TrmlUnitRef / TerminalUnitReference  Type: ObjectRef (TrmlUnit)  iPropID:437  lDBID:71437001 
         Rule NEW:  ResHVACSys:VRFPLRMin / VRFPLRMin  Type: Float  iPropID:294  lDBID:120294001 
         Rule NEW:  ResHVACSys:VRFNumClgSpdSim / VRFNumClgSpdSim  Type: Integer  iPropID:295  lDBID:120295001 
         Rule NEW:  ResHVACSys:VRFNumHtgSpdSim / VRFNumHtgSpdSim  Type: Integer  iPropID:296  lDBID:120296001 
         Rule NEW:  ResHVACSys:VRFClgPRLSpd1 / VRFClgPRLSpd1  Type: Float  iPropID:297  lDBID:120297001 
         Rule NEW:  ResHVACSys:VRFClgPRLSpd2 / VRFClgPRLSpd2  Type: Float  iPropID:298  lDBID:120298001 
         Rule NEW:  ResHVACSys:VRFClgPRLSpd3 / VRFClgPRLSpd3  Type: Float  iPropID:299  lDBID:120299001 
         Rule NEW:  ResHVACSys:VRFClgPRLSpd4 / VRFClgPRLSpd4  Type: Float  iPropID:300  lDBID:120300001 
         Rule NEW:  ResHVACSys:VRFClgPRLSpd5 / VRFClgPRLSpd5  Type: Float  iPropID:301  lDBID:120301001 
         Rule NEW:  ResHVACSys:VRFClgPRLSpd6 / VRFClgPRLSpd6  Type: Float  iPropID:302  lDBID:120302001 
         Rule NEW:  ResHVACSys:VRFHtgPRLSpd1 / VRFHtgPRLSpd1  Type: Float  iPropID:303  lDBID:120303001 
         Rule NEW:  ResHVACSys:VRFHtgPRLSpd2 / VRFHtgPRLSpd2  Type: Float  iPropID:304  lDBID:120304001 
         Rule NEW:  ResHVACSys:VRFHtgPRLSpd3 / VRFHtgPRLSpd3  Type: Float  iPropID:305  lDBID:120305001 
         Rule NEW:  ResHVACSys:VRFHtgPRLSpd4 / VRFHtgPRLSpd4  Type: Float  iPropID:306  lDBID:120306001 
         Rule NEW:  ResHVACSys:VRFHtgPRLSpd5 / VRFHtgPRLSpd5  Type: Float  iPropID:307  lDBID:120307001 
         Rule NEW:  ResHVACSys:VRFHtgPRLSpd6 / VRFHtgPRLSpd6  Type: Float  iPropID:308  lDBID:120308001 
         Rule NEW:  ResHVACSys:VRFClgEIR / VRFClgEIR  Type: Float  iPropID:309  lDBID:120309001 
         Rule NEW:  ResHVACSys:VRFHtgEIR / VRFHtgEIR  Type: Float  iPropID:310  lDBID:120310001 
         Rule NEW:  ResHVACSys:VRFEquivalentPipeLen / VRFEquivalentPipeLen  Type: Float  iPropID:311  lDBID:120311001 
         Rule NEW:  ResHVACSys:VRFMaxDeltaHgt / VRFMaxDeltaHgt  Type: Float  iPropID:312  lDBID:120312001 
         Rule NEW:  VRFSys:NumResHVACSysServed / NumResHVACSysServed  Type: Integer  iPropID:159  lDBID:100159001 
         Rule NEW:  ResHVACSys:VRFTotCprsrCrankcaseHtrCap / VRFTotCprsrCrankcaseHtrCap  Type: Float  iPropID:313  lDBID:120313001 
         Rule NEW:  ResHVACSys:VRFCrankcaseCtrlTemp / VRFCrankcaseCtrlTemp  Type: Float  iPropID:314  lDBID:120314001 
         Rule NEW:  ResHVACSys:VRFFanHtCoeff / VRFFanHtCoeff  Type: Float  iPropID:315  lDBID:120315001 
         Rule NEW:  ResHVACSys:VRFMaxClgCapRat11595 / VRFMaxClgCapRat11595  Type: Float  iPropID:316  lDBID:120316001 
         Rule NEW:  ResHVACSys:VRFMaxClgCapRat8295 / VRFMaxClgCapRat8295  Type: Float  iPropID:317  lDBID:120317001 
         Rule NEW:  ResHVACSys:VRFMaxHtgCapRat1747 / VRFMaxHtgCapRat1747  Type: Float  iPropID:318  lDBID:120318001 
         Rule NEW:  ResHVACSys:VRFMaxHtgCapRat0547 / VRFMaxHtgCapRat0547  Type: Float  iPropID:319  lDBID:120319001 
         Rule NEW:  ResHVACSys:VRFPipeLoss / VRFPipeLoss  Type: Float  iPropID:320  lDBID:120320001 
         Rule NEW:  ResHVACSys:VRFMaxClgCOP115 / VRFMaxClgCOP115  Type: Float  iPropID:321  lDBID:120321001 
         Rule NEW:  ResHVACSys:VRFMaxClgCOP95 / VRFMaxClgCOP95  Type: Float  iPropID:322  lDBID:120322001 
         Rule NEW:  ResHVACSys:VRFMaxClgCOP82 / VRFMaxClgCOP82  Type: Float  iPropID:323  lDBID:120323001 
         Rule NEW:  ResHVACSys:VRFMaxHtgCOP47 / VRFMaxHtgCOP47  Type: Float  iPropID:324  lDBID:120324001 
         Rule NEW:  ResHVACSys:VRFMaxHtgCOP17 / VRFMaxHtgCOP17  Type: Float  iPropID:325  lDBID:120325001 
         Rule NEW:  ResHVACSys:VRFMaxHtgCOP05 / VRFMaxHtgCOP05  Type: Float  iPropID:326  lDBID:120326001 
         Rule NEW:  ResHVACSys:VRFClgEIR_fPLRMin / VRFClgEIR_fPLRMin  Type: Float  iPropID:327  lDBID:120327001 
         Rule NEW:  ResHVACSys:VRFHtgEIR_fPLRMin / VRFHtgEIR_fPLRMin  Type: Float  iPropID:328  lDBID:120328001 
         Rule NEW:  ResHVACSys:VRFMinClgCOP115 / VRFMinClgCOP115  Type: Float  iPropID:329  lDBID:120329001 
         Rule NEW:  ResHVACSys:VRFMinClgCOP95 / VRFMinClgCOP95  Type: Float  iPropID:330  lDBID:120330001 
         Rule NEW:  ResHVACSys:VRFMinClgCOP82 / VRFMinClgCOP82  Type: Float  iPropID:331  lDBID:120331001 
         Rule NEW:  ResHVACSys:VRFMinHtgCOP47 / VRFMinHtgCOP47  Type: Float  iPropID:332  lDBID:120332001 
         Rule NEW:  ResHVACSys:VRFMinHtgCOP17 / VRFMinHtgCOP17  Type: Float  iPropID:333  lDBID:120333001 
         Rule NEW:  ResHVACSys:VRFMinHtgCOP05 / VRFMinHtgCOP05  Type: Float  iPropID:334  lDBID:120334001 
         Rule NEW:  ResHVACSys:VRFClgEIR_fPLRSpd2 / VRFClgEIR_fPLRSpd2  Type: Float  iPropID:335  lDBID:120335001 
         Rule NEW:  ResHVACSys:VRFHtgEIR_fPLRSpd2 / VRFHtgEIR_fPLRSpd2  Type: Float  iPropID:336  lDBID:120336001 
         Rule NEW:  ResHVACSys:VRFSpd2ClgCOP115 / VRFSpd2ClgCOP115  Type: Float  iPropID:337  lDBID:120337001 
         Rule NEW:  ResHVACSys:VRFSpd2ClgCOP95 / VRFSpd2ClgCOP95  Type: Float  iPropID:338  lDBID:120338001 
         Rule NEW:  ResHVACSys:VRFSpd2ClgCOP82 / VRFSpd2ClgCOP82  Type: Float  iPropID:339  lDBID:120339001 
         Rule NEW:  ResHVACSys:VRFSpd2HtgCOP47 / VRFSpd2HtgCOP47  Type: Float  iPropID:340  lDBID:120340001 
         Rule NEW:  ResHVACSys:VRFSpd2HtgCOP17 / VRFSpd2HtgCOP17  Type: Float  iPropID:341  lDBID:120341001 
         Rule NEW:  ResHVACSys:VRFSpd2HtgCOP05 / VRFSpd2HtgCOP05  Type: Float  iPropID:342  lDBID:120342001 
         Rule NEW:  ResHVACSys:VRFClgEIR_fPLRSpd3 / VRFClgEIR_fPLRSpd3  Type: Float  iPropID:343  lDBID:120343001 
         Rule NEW:  ResHVACSys:VRFHtgEIR_fPLRSpd3 / VRFHtgEIR_fPLRSpd3  Type: Float  iPropID:344  lDBID:120344001 
         Rule NEW:  ResHVACSys:VRFSpd3ClgCOP115 / VRFSpd3ClgCOP115  Type: Float  iPropID:345  lDBID:120345001 
         Rule NEW:  ResHVACSys:VRFSpd3ClgCOP95 / VRFSpd3ClgCOP95  Type: Float  iPropID:346  lDBID:120346001 
         Rule NEW:  ResHVACSys:VRFSpd3ClgCOP82 / VRFSpd3ClgCOP82  Type: Float  iPropID:347  lDBID:120347001 
         Rule NEW:  ResHVACSys:VRFSpd3HtgCOP47 / VRFSpd3HtgCOP47  Type: Float  iPropID:348  lDBID:120348001 
         Rule NEW:  ResHVACSys:VRFSpd3HtgCOP17 / VRFSpd3HtgCOP17  Type: Float  iPropID:349  lDBID:120349001 
         Rule NEW:  ResHVACSys:VRFSpd3HtgCOP05 / VRFSpd3HtgCOP05  Type: Float  iPropID:350  lDBID:120350001 
         Rule NEW:  ResHVACSys:VRFClgEIR_fPLRSpd4 / VRFClgEIR_fPLRSpd4  Type: Float  iPropID:351  lDBID:120351001 
         Rule NEW:  ResHVACSys:VRFHtgEIR_fPLRSpd4 / VRFHtgEIR_fPLRSpd4  Type: Float  iPropID:352  lDBID:120352001 
         Rule NEW:  ResHVACSys:VRFSpd4ClgCOP115 / VRFSpd4ClgCOP115  Type: Float  iPropID:353  lDBID:120353001 
         Rule NEW:  ResHVACSys:VRFSpd4ClgCOP95 / VRFSpd4ClgCOP95  Type: Float  iPropID:354  lDBID:120354001 
         Rule NEW:  ResHVACSys:VRFSpd4ClgCOP82 / VRFSpd4ClgCOP82  Type: Float  iPropID:355  lDBID:120355001 
         Rule NEW:  ResHVACSys:VRFSpd4HtgCOP47 / VRFSpd4HtgCOP47  Type: Float  iPropID:356  lDBID:120356001 
         Rule NEW:  ResHVACSys:VRFSpd4HtgCOP17 / VRFSpd4HtgCOP17  Type: Float  iPropID:357  lDBID:120357001 
         Rule NEW:  ResHVACSys:VRFSpd4HtgCOP05 / VRFSpd4HtgCOP05  Type: Float  iPropID:358  lDBID:120358001 
         Rule NEW:  ResHVACSys:VRFClgEIR_fPLRSpd5 / VRFClgEIR_fPLRSpd5  Type: Float  iPropID:359  lDBID:120359001 
         Rule NEW:  ResHVACSys:VRFHtgEIR_fPLRSpd5 / VRFHtgEIR_fPLRSpd5  Type: Float  iPropID:360  lDBID:120360001 
         Rule NEW:  ResHVACSys:VRFSpd5ClgCOP115 / VRFSpd5ClgCOP115  Type: Float  iPropID:361  lDBID:120361001 
         Rule NEW:  ResHVACSys:VRFSpd5ClgCOP95 / VRFSpd5ClgCOP95  Type: Float  iPropID:362  lDBID:120362001 
         Rule NEW:  ResHVACSys:VRFSpd5ClgCOP82 / VRFSpd5ClgCOP82  Type: Float  iPropID:363  lDBID:120363001 
         Rule NEW:  ResHVACSys:VRFSpd5HtgCOP47 / VRFSpd5HtgCOP47  Type: Float  iPropID:364  lDBID:120364001 
         Rule NEW:  ResHVACSys:VRFSpd5HtgCOP17 / VRFSpd5HtgCOP17  Type: Float  iPropID:365  lDBID:120365001 
         Rule NEW:  ResHVACSys:VRFSpd5HtgCOP05 / VRFSpd5HtgCOP05  Type: Float  iPropID:366  lDBID:120366001 
         Rule NEW:  Proj:AboveGrdStoryCnt / AboveGradeStoryCount  Type: Integer  iPropID:892  lDBID:1892001 
         Rule NEW:  DwellUnit:CentralSupplyCFMWithMult / CentralSupplyCFMWithMult  Type: Float  iPropID:74  lDBID:75074001 
         Rule NEW:  DwellUnit:CentralExhaustCFMWithMult / CentralExhaustCFMWithMult  Type: Float  iPropID:75  lDBID:75075001 
         Rule NEW:  DwellUnit:CentralVentSysRef / CentralVentSysRef  Type: ObjectRef (ResCentralVentSys)  iPropID:76  lDBID:75076001 
         Rule NEW:  ResZn:CentralSupplyCFM / CentralSupplyCFM  Type: Float  iPropID:350  lDBID:70350001 
         Rule NEW:  ResZn:CentralExhaustCFM / CentralExhaustCFM  Type: Float  iPropID:351  lDBID:70351001 
         Rule NEW:  ResZn:CentralSupplyCFMWithMult / CentralSupplyCFMWithMult  Type: Float  iPropID:352  lDBID:70352001 
         Rule NEW:  ResZn:CentralExhaustCFMWithMult / CentralExhaustCFMWithMult  Type: Float  iPropID:353  lDBID:70353001 
         Rule NEW:  ResCentralVentSys:SupPropFanPwrIdxRat / SupPropFanPwrIdxRat  Type: Float  iPropID:76  lDBID:129076001 
         Rule NEW:  ResCentralVentSys:ExhPropFanPwrIdxRat / ExhPropFanPwrIdxRat  Type: Float  iPropID:77  lDBID:129077001 
         Rule NEW:  DwellUnitType:SupplyFanPwr / SupplyFanPwr  Type: Float  iPropID:324  lDBID:69324001 
         Rule NEW:  DwellUnitType:ExhaustFanPwr / ExhaustFanPwr  Type: Float  iPropID:325  lDBID:69325001 
         Rule NEW:  DwellUnit:SupplyFanPwrWithMult / SupplyFanPwrWithMult  Type: Float  iPropID:77  lDBID:75077001 
         Rule NEW:  DwellUnit:ExhaustFanPwrWithMult / ExhaustFanPwrWithMult  Type: Float  iPropID:78  lDBID:75078001 
         Rule NEW:  ResZn:SupplyFanPwrWithMult / SupplyFanPwrWithMult  Type: Float  iPropID:354  lDBID:70354001 
         Rule NEW:  ResZn:ExhaustFanPwrWithMult / ExhaustFanPwrWithMult  Type: Float  iPropID:355  lDBID:70355001 
         Rule NEW:  ResCentralVentSys:TotIndividualSupFanPwr / TotIndividualSupFanPwr  Type: Float  iPropID:78  lDBID:129078001 
         Rule NEW:  ResCentralVentSys:TotIndividualExhFanPwr / TotIndividualExhFanPwr  Type: Float  iPropID:79  lDBID:129079001 
         Rule NEW:  ResCentralVentSys:TempCtrlErrMsg / TemperatureControlErrorMessage  Type: String  iPropID:80  lDBID:129080001 
         Rule NEW:  ResCentralVentSys:ImbalFlowWarn / ImbalanceFlowWarning  Type: String  iPropID:81  lDBID:129081001 
         Rule NEW:  ResCentralVentSys:SEERToSEER2Rat / SEERToSEER2Rat  Type: Float  iPropID:82  lDBID:129082001 
         Rule NEW:  ResCentralVentSys:EERToEER2Rat / EERToEER2Rat  Type: Float  iPropID:83  lDBID:129083001 
         Rule NEW:  ResCentralVentSys:HSPFToHSPF2Rat / HSPFToHSPF2Rat  Type: Float  iPropID:84  lDBID:129084001 
         Rule NEW:  ResHVACSys:HWFluidSysRef / HWFluidSysRef  Type: ObjectRef (FluidSys)  iPropID:275  lDBID:120275001 
         Rule NEW:  ResHVACSys:ChWFluidSysRef / ChWFluidSysRef  Type: ObjectRef (FluidSys)  iPropID:278  lDBID:120278001 
         Rule NEW:  ResHVACSys:CWFluidSysRef / CWFluidSysRef  Type: ObjectRef (FluidSys)  iPropID:281  lDBID:120281001 
         Rule NEW:  Proj:SimResZnInEnergyPlus / SimResZnInEnergyPlus  Type: Integer  iPropID:893  lDBID:1893001 
         Rule NEW:  ResOtherZn:IsCentralHtgClg / IsCentralHeatingCooling  Type: Integer  iPropID:474  lDBID:71474001 
         Rule NEW:  ResOtherZn:IsCentralVent / IsCentralVentilating  Type: Integer  iPropID:475  lDBID:71475001 
         Rule NEW:  ResOtherZn:SimInEnergyPlus / SimulateInEnergyPlus  Type: Integer  iPropID:476  lDBID:71476001 
         Rule NEW:  ResZn:IsCentralHtgClg / IsCentralHeatingCooling  Type: Integer  iPropID:356  lDBID:70356001 
         Rule NEW:  ResZn:IsCentralVent / IsCentralVentilating  Type: Integer  iPropID:357  lDBID:70357001 
         Rule NEW:  ResZn:SimInEnergyPlus / SimulateInEnergyPlus  Type: Integer  iPropID:358  lDBID:70358001 
         done.

Reading rule file: WaterHeater-General.rule
         Rule NEW:  Bldg:NonResHotWtrHrlyUse / NonResidentialHotWaterHourlyUse  Type: Float  iPropID:292  lDBID:50292001 
         Rule NEW:  FluidSeg:NonResHotWtrHrlyUse / NonResidentialHotWaterHourlyUse  Type: Float  iPropID:47  lDBID:110047001 
         Rule NEW:  FluidSys:NonResHotWtrHrlyUse / NonResidentialHotWaterHourlyUse  Type: Float  iPropID:197  lDBID:109197001 
         Rule NEW:  Bldg:NonResHotWtrHrlyUseGas / NonResidentialHotWaterHourlyUseGas  Type: Float  iPropID:293  lDBID:50293001 
         Rule NEW:  Bldg:NonResHotWtrHrlyUseElec / NonResidentialHotWaterHourlyUseElectric  Type: Float  iPropID:294  lDBID:50294001 
         Rule NEW:  Bldg:NonResHotWtrGasFrac / NonResidentialHotWaterGasFraction  Type: Float  iPropID:295  lDBID:50295001 
         Rule NEW:  FluidSys:PropNonResWtrHtrTotCap / ProposedNonResidentialWaterHeaterTotalCapacity  Type: Float  iPropID:198  lDBID:109198001 
         Rule NEW:  FluidSys:BaseNonResWtrHtrTotCap / BaselineNonResidentialWaterHeaterTotalCapacity  Type: Float  iPropID:199  lDBID:109199001 
         Rule NEW:  Proj:PropNonResWtrHtrTotCap / ProposedNonResidentialWaterHeaterTotalCapacity  Type: Float  iPropID:894  lDBID:1894001 
         Rule NEW:  FluidSys:NonResWtrHtrVol / NonResidentialWaterHeaterVolume  Type: Float  iPropID:200  lDBID:109200001 
         Rule NEW:  FluidSys:NonResWtrHtrCapRtd / NonResidentialWaterHeaterCapacityRated  Type: Float  iPropID:201  lDBID:109201001 
         Rule NEW:  FluidSys:TotCapRtdProp / TotalCapacityRatedProposed  Type: Float  iPropID:202  lDBID:109202001 
         Rule NEW:  FluidSeg:TotFluidSegStorCap / TotalFluidSegmentStorageCapacity  Type: Float  iPropID:48  lDBID:110048001 
         Rule NEW:  FluidSys:TotStorCapBase / TotalStorageCapacityBaseline  Type: Float  iPropID:203  lDBID:109203001 
         Rule NEW:  FluidSys:TotStorCapProp / TotalStorageCapacityProposed  Type: Float  iPropID:204  lDBID:109204001 
         Rule NEW:  FluidSys:TotFirstHrCap / TotalFirstHourCapacity  Type: Float  iPropID:205  lDBID:109205001 
         Rule NEW:  Bldg:NonResBaseStorCap / NonResidentialBaseStorageCapacity  Type: Float  iPropID:296  lDBID:50296001 
         Rule NEW:  Bldg:HighRiseResDHWCheck / HighRiseResidentialDomesticHotWaterCheck  Type: Float  iPropID:297  lDBID:50297001 
         Rule NEW:  Story:NonResBaseFirstHrCap / NonResidentialBaselineFirstHourCapacity  Type: Float  iPropID:219  lDBID:51219001 
         Rule NEW:  Bldg:NonResBaseFirstHrCap / NonResidentialBaselineFirstHourCapacity  Type: Float  iPropID:298  lDBID:50298001 
         Rule NEW:  Story:ResBaseFirstHrCap / ResidentialBaselineFirstHourCapacity  Type: Float  iPropID:220  lDBID:51220001 
         Rule NEW:  Bldg:ResBaseFirstHrCap / ResidentialBaselineFirstHourCapacity  Type: Float  iPropID:299  lDBID:50299001 
         Rule NEW:  FluidSys:PropFirstHrCap / ProposedFirstHourCapacity  Type: Float  iPropID:206  lDBID:109206001 
         Rule NEW:  Proj:PropFirstHrCap / ProposedFirstHourCapacity  Type: Float  iPropID:895  lDBID:1895001 
         Rule NEW:  WtrHtr:ResBaseFirstHrCap / ResidentialBaselineFirstHourCapacity  Type: Float  iPropID:142  lDBID:116142001 
         Rule NEW:  WtrHtr:NonResBaseFirstHrCap / NonResidentialBaselineFirstHourCapacity  Type: Float  iPropID:143  lDBID:116143001 
         Rule NEW:  FluidSeg:ResWtrHtrArea / ResidentialWaterHeaterArea  Type: Float  iPropID:49  lDBID:110049001 
         Rule NEW:  FluidSys:ResWtrHtrCentralSysArea / ResidentialWaterHeaterCentralSystemArea  Type: Float  iPropID:207  lDBID:109207001 
         Rule NEW:  FluidSys:ResWtrHtrNonCentralSysArea / ResidentialWaterHeaterNonCentralSystemArea  Type: Float  iPropID:208  lDBID:109208001 
         Rule NEW:  Proj:ResWtrHtrCentralSysArea / ResidentialWaterHeaterCentralSystemArea  Type: Float  iPropID:896  lDBID:1896001 
         Rule NEW:  Proj:ResWtrHtrNonCentralSysArea / ResidentialWaterHeaterNonCentralSystemArea  Type: Float  iPropID:897  lDBID:1897001 
         Rule NEW:  FluidSys:ResWtrHtrCentralSys / ResidentialWaterHeaterCentralSystem  Type: Float  iPropID:209  lDBID:109209001 
         Rule NEW:  FluidSys:ResWtrHtrNonCentralSys / ResidentialWaterHeaterNonCentralSystem  Type: Float  iPropID:210  lDBID:109210001 
         Rule NEW:  Proj:ResWtrHtrNonCentralSys / ResidentialWaterHeaterNonCentralSystem  Type: Float  iPropID:898  lDBID:1898001 
         done.

Reading rule file: WaterHeater.rule
         Rule NEW:  FluidSys:IsNewSHW / IsNewServiceHotWater  Type: Integer  iPropID:211  lDBID:109211001 
         Rule NEW:  FluidSys:IsExistingSHW / IsExistingServiceHotWater  Type: Integer  iPropID:212  lDBID:109212001 
         Rule NEW:  FluidSys:InBldgSHW / InBuildingServiceHotWater  Type: Integer  iPropID:213  lDBID:109213001 
         Rule NEW:  FluidSys:IsComboSpcWtrHtgSys / IsCombinedSpaceWaterHeatingSystem  Type: Integer  iPropID:214  lDBID:109214001 
         Rule NEW:  FluidSeg:IsComboSpcWtrHtgSys / IsCombinedSpaceWaterHeatingSystem  Type: Integer  iPropID:50  lDBID:110050001 
         Rule NEW:  FluidSeg:IsResAndCombo / IsResidentialAndComboDHWHeating  Type: Integer  iPropID:51  lDBID:110051001 
         Rule NEW:  FluidSys:IsResAndCombo / IsResidentialAndComboDHWHeating  Type: Integer  iPropID:215  lDBID:109215001 
         Rule NEW:  WtrHtr:IsResAndCombo / IsResidentialAndComboDHWHeating  Type: Integer  iPropID:144  lDBID:116144001 
         Rule NEW:  WtrHtr:FluidSysSHW / FluidSystemServiceHotWater  Type: Integer  iPropID:145  lDBID:116145001 
         Rule NEW:  WtrHtr:IsNew / IsNew  Type: Integer  iPropID:146  lDBID:116146001 
         Rule NEW:  WtrHtr:IsExisting / IsExisting  Type: Integer  iPropID:147  lDBID:116147001 
         Rule NEW:  WtrHtr:IsNewSHW / IsNewServiceHotWater  Type: Integer  iPropID:148  lDBID:116148001 
         Rule NEW:  WtrHtr:IsExistingSHW / IsExistingServiceHotWater  Type: Integer  iPropID:149  lDBID:116149001 
         Rule NEW:  WtrHtr:InBldgSHW / InBuildingServiceHotWater  Type: Integer  iPropID:150  lDBID:116150001 
         Rule NEW:  Proj:IsNewSHW / IsNewServiceHotWater  Type: Integer  iPropID:899  lDBID:1899001 
         Rule NEW:  Proj:IsExistingSHW / IsExistingServiceHotWater  Type: Integer  iPropID:900  lDBID:1900001 
         Rule NEW:  Proj:IsNewWtrHtrSHW / IsNewWaterHeaterServiceHotWater  Type: Integer  iPropID:901  lDBID:1901001 
         Rule NEW:  Proj:IsNewSHWFluidSys / IsNewServiceHotWaterFluidSystem  Type: Integer  iPropID:902  lDBID:1902001 
         Rule NEW:  FluidSys:SHWOnOff / ServiceHotWaterOnOff  Type: Integer  iPropID:216  lDBID:109216001 
         Rule NEW:  ResDHWSys:DHWOnOff / DomesticHotWaterOnOff  Type: Integer  iPropID:266  lDBID:131266001 
         Rule NEW:  Proj:DHWFluidSysCnt / DomesticHotWaterFluidSystemCount  Type: Integer  iPropID:903  lDBID:1903001 
         Rule NEW:  Proj:SHWFluidSysCnt / ServiceHotWaterFluidSystemCount  Type: Integer  iPropID:904  lDBID:1904001 
         Rule NEW:  Proj:ResAndComboWtrHtrCntCheck / ResidentialAndComboDHWHeatingWaterHeaterCountCheck  Type: Integer  iPropID:905  lDBID:1905001 
         Rule NEW:  WtrHtr:BaseHtOutput / BaselineHeatOutput  Type: Float  iPropID:151  lDBID:116151001 
         Rule NEW:  WtrHtr:BaseHtPumpWtrHtrTankLoss / BaselineHeatPumpWaterHeaterTankLoss  Type: Float  iPropID:152  lDBID:116152001 
         Rule NEW:  WtrHtr:BaseEngyInput / BaselineEnergyInput  Type: Float  iPropID:153  lDBID:116153001 
         Rule NEW:  WtrHtr:IsCommHtPumpWtrHtr / IsCommercialHeatPumpWaterHeater  Type: Float  iPropID:154  lDBID:116154001 
         Rule NEW:  WtrHtr:BaseHtPumpWtrHtrCOP / BaselineHeatPumpWaterHeaterCOP  Type: Float  iPropID:155  lDBID:116155001 
         Rule NEW:  WtrHtr:StdEvapInletAirDBTemp / StandardEvaporatorInletAirDrybulbTemperature  Type: Float  iPropID:156  lDBID:116156001 
         Rule NEW:  WtrHtr:StdEvapInletAirWBTemp / StandardEvaporatorInletAirWetbulbTemperature  Type: Float  iPropID:157  lDBID:116157001 
         Rule NEW:  WtrHtr:StdCondInletWtrTemp / StandardCondenserInletWaterTemperature  Type: Float  iPropID:158  lDBID:116158001 
         Rule NEW:  WtrHtr:RtdEvapInletAirDBTempC / RatedEvaporatorInletAirDrybulbTemperatureCelsius  Type: Float  iPropID:159  lDBID:116159001 
         Rule NEW:  WtrHtr:RtdEvapInletAirWBTempC / RatedEvaporatorInletAirWetbulbTemperatureCelsius  Type: Float  iPropID:160  lDBID:116160001 
         Rule NEW:  WtrHtr:RtdCondInletWtrTempC / RatedCondenserInletAirDrybulbTemperatureCelsius  Type: Float  iPropID:161  lDBID:116161001 
         Rule NEW:  WtrHtr:CapfTempCrvType / CapacityFunctionofTemperatureCurveType  Type: String  iPropID:162  lDBID:116162001 
         Rule NEW:  WtrHtr:COPfTempCrvType / CoefficientofPerformanceFunctionofTemperatureCurveType  Type: String  iPropID:163  lDBID:116163001 
         Rule NEW:  WtrHtr:CapfTempCrvCoef1 / CapacityFunctionofTemperatureCurveCoefficient1  Type: Float  iPropID:164  lDBID:116164001 
         Rule NEW:  WtrHtr:CapfTempCrvCoef2 / CapacityFunctionofTemperatureCurveCoefficient2  Type: Float  iPropID:165  lDBID:116165001 
         Rule NEW:  WtrHtr:CapfTempCrvCoef3 / CapacityFunctionofTemperatureCurveCoefficient3  Type: Float  iPropID:166  lDBID:116166001 
         Rule NEW:  WtrHtr:CapfTempCrvCoef4 / CapacityFunctionofTemperatureCurveCoefficient4  Type: Float  iPropID:167  lDBID:116167001 
         Rule NEW:  WtrHtr:CapfTempCrvCoef5 / CapacityFunctionofTemperatureCurveCoefficient5  Type: Float  iPropID:168  lDBID:116168001 
         Rule NEW:  WtrHtr:CapfTempCrvCoef6 / CapacityFunctionofTemperatureCurveCoefficient6  Type: Float  iPropID:169  lDBID:116169001 
         Rule NEW:  WtrHtr:COPfTempCrvCoef1 / CoefficientofPerformanceFunctionofTemperatureCurveCoefficient1  Type: Float  iPropID:170  lDBID:116170001 
         Rule NEW:  WtrHtr:COPfTempCrvCoef2 / CoefficientofPerformanceFunctionofTemperatureCurveCoefficient2  Type: Float  iPropID:171  lDBID:116171001 
         Rule NEW:  WtrHtr:COPfTempCrvCoef3 / CoefficientofPerformanceFunctionofTemperatureCurveCoefficient3  Type: Float  iPropID:172  lDBID:116172001 
         Rule NEW:  WtrHtr:COPfTempCrvCoef4 / CoefficientofPerformanceFunctionofTemperatureCurveCoefficient4  Type: Float  iPropID:173  lDBID:116173001 
         Rule NEW:  WtrHtr:COPfTempCrvCoef5 / CoefficientofPerformanceFunctionofTemperatureCurveCoefficient5  Type: Float  iPropID:174  lDBID:116174001 
         Rule NEW:  WtrHtr:COPfTempCrvCoef6 / CoefficientofPerformanceFunctionofTemperatureCurveCoefficient1  Type: Float  iPropID:175  lDBID:116175001 
         Rule NEW:  WtrHtr:CapRtdAdjFac / CapacityRatedAdjustmentFactor  Type: Float  iPropID:176  lDBID:116176001 
         Rule NEW:  WtrHtr:COPRtdAdjFac / CoefficientOfPerformanceRatedAdjustmentFactor  Type: Float  iPropID:177  lDBID:116177001 
         Rule NEW:  FluidSeg:WtrHtrInstantChk / WaterHeaterInstantaneousCheck  Type: Float  iPropID:52  lDBID:110052001 
         Rule NEW:  WtrHtr:BaseHtPumpWtrHtrTankLoss / BaselineHeatPumpWaterHeaterTankLoss  Type: Float  iPropID:152  lDBID:116152001 
         Rule NEW:  WtrHtr:BaseEngyInput / BaselineEnergyInput  Type: Float  iPropID:153  lDBID:116153001 
         Rule NEW:  WtrHtr:BaseHtPumpCnt / BaselineHeatPumpCount  Type: Integer  iPropID:178  lDBID:116178001 
         Rule NEW:  WtrHtr:IsWtrHtrNewEffDesignation / IsWaterHeaterNewEfficiencyDesignation  Type: Integer  iPropID:179  lDBID:116179001 
         Rule NEW:  WtrHtr:UEFRtdVal / UniformEnergyFactorRatedValue  Type: Integer  iPropID:180  lDBID:116180001 
         Rule NEW:  WtrHtr:IsInstant / IsInstantaneous  Type: Integer  iPropID:181  lDBID:116181001 
         Rule NEW:  WtrHtr:SizeFuelType / SizeFuelType  Type: String  iPropID:182  lDBID:116182001 
         Rule NEW:  WtrHtr:REReq / RecoveryEfficiencyRequired  Type: Integer  iPropID:183  lDBID:116183001 
         Rule NEW:  WtrHtr:EFFormula / EnergyFactorFormula  Type: Float  iPropID:184  lDBID:116184001 
         Rule NEW:  WtrHtr:EFReq / EnergyFactorRequired  Type: Integer  iPropID:185  lDBID:116185001 
         Rule NEW:  WtrHtr:EffMetricChk / EfficiencyMetricCheck  Type: Integer  iPropID:186  lDBID:116186001 
         Rule NEW:  WtrHtr:HtPumpEF / HeatPumpEnergyFactor  Type: Float  iPropID:187  lDBID:116187001 
         Rule NEW:  WtrHtr:ThrmlEffReq / ThermalEfficiencyRequired  Type: Integer  iPropID:188  lDBID:116188001 
         Rule NEW:  WtrHtr:StdbyLossFracReq / StandbyLossFractionRequired  Type: Integer  iPropID:189  lDBID:116189001 
         Rule NEW:  WtrHtr:MinHPEF / MinimumHeatPumpEnergyFactor  Type: Float  iPropID:190  lDBID:116190001 
         Rule NEW:  WtrHtr:MaxHPEF / MaximumHeatPumpEnergyFactor  Type: Float  iPropID:191  lDBID:116191001 
         Rule NEW:  WtrHtr:MinHPUA / MinimumHeatPumpUA  Type: Float  iPropID:192  lDBID:116192001 
         Rule NEW:  WtrHtr:MaxHPUA / MaximumHeatPumpUA  Type: Float  iPropID:193  lDBID:116193001 
         Rule NEW:  WtrHtr:TankLoss / TankLoss  Type: Float  iPropID:194  lDBID:116194001 
         Rule NEW:  WtrHtr:CprsrPwr / CompressorPower  Type: Float  iPropID:195  lDBID:116195001 
         Rule NEW:  WtrHtr:FanPwr / FanPower  Type: Float  iPropID:196  lDBID:116196001 
         Rule NEW:  WtrHtr:COPReq / COPRequired  Type: Integer  iPropID:197  lDBID:116197001 
         Rule NEW:  WtrHtr:HtOutput / HeatOutput  Type: Float  iPropID:198  lDBID:116198001 
         Rule NEW:  WtrHtr:ClgOutput / CoolingOutput  Type: Float  iPropID:199  lDBID:116199001 
         Rule NEW:  WtrHtr:AirVolFlowRt / AirVolumeFlowRate  Type: Float  iPropID:200  lDBID:116200001 
         Rule NEW:  WtrHtr:UEFMdlTankOffCycleLossCoef / UniformEnergyFactorModelTankOffCycleLossCoefficient  Type: Float  iPropID:201  lDBID:116201001 
         Rule NEW:  WtrHtr:NewComDHWHtr / NewCommercialDomesticHotWaterHeater  Type: Integer  iPropID:202  lDBID:116202001 
         Rule NEW:  WtrHtr:PilotEnergyReq / PilotEnergyRequired  Type: Integer  iPropID:203  lDBID:116203001 
         Rule NEW:  WtrHtr:InvalidProdType / InvalidProductType  Type: Integer  iPropID:204  lDBID:116204001 
         done.

Reading rule file: ResWaterHeater.rule
         Rule NEW:  Proj:IsNewResDHWSys / IsNewResidentialDomesticHotWaterSystem  Type: Integer  iPropID:906  lDBID:1906001 
         Rule NEW:  Proj:IsNewResDHWHtr / IsNewResidentialDomesticHotWaterHeater  Type: Integer  iPropID:907  lDBID:1907001 
         Rule NEW:  Proj:IsNewDHWFluidSys / IsNewDHWFluidSystem  Type: Integer  iPropID:908  lDBID:1908001 
         Rule NEW:  ResDHWSys:NumHRRDUsServed / NumberOfHighRiseResidentialDwellingUnitsServed  Type: Float  iPropID:267  lDBID:131267001 
         Rule NEW:  ResDHWSys:NumHtlMtlUnitsServed / NumberOfHotelMotelUnitsServed  Type: Float  iPropID:268  lDBID:131268001 
         Rule NEW:  Spc:ResDHWFlrHgtArea / ResDHWFlrHgtArea  Type: Float  iPropID:831  lDBID:53831001 
         Rule NEW:  Spc:ResDHWFlrHgtAreaXHgt / ResDHWFlrHgtAreaXHgt  Type: Float  iPropID:832  lDBID:53832001 
         Rule NEW:  Proj:SimulateResStdDHW / SimulateResStdDHW  Type: Integer  iPropID:909  lDBID:1909001 
         Rule NEW:  Proj:ResDHWBaselineRulelistName / ResDHWBaselineRulelistName  Type: String  iPropID:910  lDBID:1910001 
         Rule NEW:  Spc:NewDwellingUnitSpcTotAreaWithMult / NewDwellingUnitSpaceTotalAreaWithMultiplier  Type: Float  iPropID:833  lDBID:53833001 
         Rule NEW:  Spc:NewOrAltDwellingUnitSpcTotAreaWithMult / NewOrAlteredDwellingUnitSpaceTotalAreaWithMultiplier  Type: Float  iPropID:834  lDBID:53834001 
         Rule NEW:  Proj:SimResDHW / NewOrAlteredDwellingUnitSpaceTotalAreaWithMultiplier  Type: Integer  iPropID:911  lDBID:1911001 
         done.

Reading rule file: Window-SimpleShading.rule
         Rule NEW:  Proj:WinOvrhngFinsGraphic / WinOvrhngFinsGraphic  Type: String  iPropID:912  lDBID:1912001 
         Rule NEW:  Win:AllowWinShades / AllowWinShades  Type: Integer  iPropID:73  lDBID:64073001 
         Rule NEW:  Win:HasWinShades / HasWinShades  Type: Integer  iPropID:74  lDBID:64074001 
         Rule NEW:  ExtWall:NumWinsHavingShades / NumWinsHavingShades  Type: Integer  iPropID:83  lDBID:58083001 
         Rule NEW:  Proj:NumWinsHavingShades / NumWinsHavingShades  Type: Integer  iPropID:913  lDBID:1913001 
         Rule NEW:  ExtWall:WinShadeGeomReqd / WinShadeGeomReqd  Type: Integer  iPropID:84  lDBID:58084001 
         Rule NEW:  ExtWall:WinShadeSingleWin / WinShadeSingleWin  Type: Integer  iPropID:85  lDBID:58085001 
         Rule NEW:  Win:ShadeGeomReqd / ShadeGeomReqd  Type: Integer  iPropID:75  lDBID:64075001 
         Rule NEW:  Dr:ShadeGeomReqd / ShadeGeomReqd  Type: Integer  iPropID:28  lDBID:67028001 
         Rule NEW:  Win:OverhangTransLbl / OverhangTransLbl  Type: String  iPropID:76  lDBID:64076001 
         Rule NEW:  Win:LeftFinTransLbl / LeftFinTransLbl  Type: String  iPropID:77  lDBID:64077001 
         Rule NEW:  Win:RightFinTransLbl / RightFinTransLbl  Type: String  iPropID:78  lDBID:64078001 
         Rule NEW:  Win:WinShadeMarginBot / WinShadeMarginBot  Type: Float  iPropID:79  lDBID:64079001 
         Rule NEW:  Win:WinShadeMarginTop / WinShadeMarginTop  Type: Float  iPropID:80  lDBID:64080001 
         Rule NEW:  Win:WinShadeMarginLft / WinShadeMarginLft  Type: Float  iPropID:81  lDBID:64081001 
         Rule NEW:  Win:WinShadeMarginRgt / WinShadeMarginRgt  Type: Float  iPropID:82  lDBID:64082001 
         Rule NEW:  Win:WinShadeMaxDepth / WinShadeMaxDepth  Type: Float  iPropID:83  lDBID:64083001 
         Rule NEW:  ExtWall:WinShadeMaxDepth / WinShadeMaxDepth  Type: Float  iPropID:86  lDBID:58086001 
         Rule NEW:  ExtWall:WinShadeAreaMsg / WinShadeAreaMsg  Type: String  iPropID:87  lDBID:58087001 
         Rule NEW:  Win:WinShadeRightEdge / WinShadeRightEdge  Type: Float  iPropID:84  lDBID:64084001 
         Rule NEW:  Win:WinShadeTopEdge / WinShadeTopEdge  Type: Float  iPropID:85  lDBID:64085001 
         Rule NEW:  Win:WinShadeAreaMsg / WinShadeAreaMsg  Type: String  iPropID:86  lDBID:64086001 
         Rule NEW:  Dr:WinShadeRightEdge / WinShadeRightEdge  Type: Float  iPropID:29  lDBID:67029001 
         Rule NEW:  Dr:WinShadeTopEdge / WinShadeTopEdge  Type: Float  iPropID:30  lDBID:67030001 
         Rule NEW:  Dr:WinShadeAreaMsg / WinShadeAreaMsg  Type: String  iPropID:31  lDBID:67031001 
         Rule NEW:  Proj:RuleEvalDuration / RuleEvalDuration  Type: Float  iPropID:714  lDBID:1714001 
         done.

Reading rule file: ExteriorShading.rule
         Rule NEW:  ExtShdgObj:ApplyStdShdg / ApplyStandardShading  Type: Integer  iPropID:8  lDBID:66008001 
         Rule NEW:  ExtShdgObj:IsWinShade / IsWinShade  Type: Integer  iPropID:9  lDBID:66009001 
         done.

Reading rule file: Meter.rule
         Rule NEW:  Proj:AllowMeterCust / AllowMeterCust  Type: Integer  iPropID:914  lDBID:1914001 
         Rule NEW:  Proj:MeterCust / MeterCust  Type: Integer  iPropID:915  lDBID:1915001 
         Rule NEW:  Proj:DefaultMeterAll / DefaultMeterAll  Type: Integer  iPropID:916  lDBID:1916001 
         Rule NEW:  Spc:MFamAreaForMeter / MFamAreaForMeter  Type: Float  iPropID:835  lDBID:53835001 
         Rule NEW:  Spc:NonResAreaForMeter / NonResAreaForMeter  Type: Float  iPropID:836  lDBID:53836001 
         Rule NEW:  ThrmlZn:MFamAreaForMeter / MFamAreaForMeter  Type: Float  iPropID:464  lDBID:97464001 
         Rule NEW:  ThrmlZn:NonResAreaForMeter / NonResAreaForMeter  Type: Float  iPropID:465  lDBID:97465001 
         Rule NEW:  ZnSys:MFamAreaForMeter / MFamAreaForMeter  Type: Float  iPropID:422  lDBID:99422001 
         Rule NEW:  ZnSys:NonResAreaForMeter / NonResAreaForMeter  Type: Float  iPropID:423  lDBID:99423001 
         Rule NEW:  AirSys:MFamAreaForMeter / MFamAreaForMeter  Type: Float  iPropID:423  lDBID:98423001 
         Rule NEW:  AirSys:NonResAreaForMeter / NonResAreaForMeter  Type: Float  iPropID:424  lDBID:98424001 
         Rule NEW:  CoilClg:MFamAreaForMeter / MFamAreaForMeter  Type: Float  iPropID:107  lDBID:104107001 
         Rule NEW:  CoilClg:NonResAreaForMeter / NonResAreaForMeter  Type: Float  iPropID:108  lDBID:104108001 
         Rule NEW:  CoilHtg:MFamAreaForMeter / MFamAreaForMeter  Type: Float  iPropID:110  lDBID:105110001 
         Rule NEW:  CoilHtg:NonResAreaForMeter / NonResAreaForMeter  Type: Float  iPropID:111  lDBID:105111001 
         Rule NEW:  Fan:IsExhFan / IsExhFan  Type: Integer  iPropID:80  lDBID:106080001 
         Rule NEW:  Fan:MFamAreaForMeter / MFamAreaForMeter  Type: Float  iPropID:81  lDBID:106081001 
         Rule NEW:  Fan:NonResAreaForMeter / NonResAreaForMeter  Type: Float  iPropID:82  lDBID:106082001 
         Rule NEW:  VRFSys:MFamAreaForMeter / MFamAreaForMeter  Type: Float  iPropID:160  lDBID:100160001 
         Rule NEW:  VRFSys:NonResAreaForMeter / NonResAreaForMeter  Type: Float  iPropID:161  lDBID:100161001 
         Rule NEW:  FluidSeg:MFamAreaForMeter / MFamAreaForMeter  Type: Float  iPropID:53  lDBID:110053001 
         Rule NEW:  FluidSeg:NonResAreaForMeter / NonResAreaForMeter  Type: Float  iPropID:54  lDBID:110054001 
         Rule NEW:  FluidSys:MFamAreaForMeter / MFamAreaForMeter  Type: Float  iPropID:217  lDBID:109217001 
         Rule NEW:  FluidSys:NonResAreaForMeter / NonResAreaForMeter  Type: Float  iPropID:218  lDBID:109218001 
         Rule NEW:  Spc:MeterElec_LtgReg / MeterElec_LtgReg  Type: String  iPropID:837  lDBID:53837001 
         Rule NEW:  Spc:MeterElec_LtgNonReg / MeterElec_LtgNonReg  Type: String  iPropID:838  lDBID:53838001 
         Rule NEW:  Spc:MeterElec_Recpt / MeterElec_Recpt  Type: String  iPropID:839  lDBID:53839001 
         Rule NEW:  Spc:MeterElec_ProcElec / MeterElec_ProcElec  Type: String  iPropID:840  lDBID:53840001 
         Rule NEW:  Spc:MeterElec_RfrgElec / MeterElec_RfrgElec  Type: String  iPropID:841  lDBID:53841001 
         Rule NEW:  Spc:MeterElec_ElevElec / MeterElec_ElevElec  Type: String  iPropID:842  lDBID:53842001 
         Rule NEW:  Spc:MeterElec_EscalElec / MeterElec_EscalElec  Type: String  iPropID:843  lDBID:53843001 
         Rule NEW:  Spc:MeterGas_EqpGas / MeterGas_EqpGas  Type: String  iPropID:844  lDBID:53844001 
         Rule NEW:  Spc:MeterGas_ProcGas / MeterGas_ProcGas  Type: String  iPropID:845  lDBID:53845001 
         Rule NEW:  Fan:MeterElec_Fan / MeterElec_Fan  Type: String  iPropID:83  lDBID:106083001 
         Rule NEW:  ThrmlZn:MeterElec_Fan / MeterElec_Fan  Type: String  iPropID:466  lDBID:97466001 
         Rule NEW:  CoilHtg:MeterElec_Htg / MeterElec_Htg  Type: String  iPropID:112  lDBID:105112001 
         Rule NEW:  VRFSys:MeterElec_Htg / MeterElec_Htg  Type: String  iPropID:162  lDBID:100162001 
         Rule NEW:  CoilHtg:MeterGas_Htg / MeterGas_Htg  Type: String  iPropID:113  lDBID:105113001 
         Rule NEW:  Blr:MeterElec_Htg / MeterElec_Htg  Type: String  iPropID:48  lDBID:114048001 
         Rule NEW:  Blr:MeterGas_Htg / MeterGas_Htg  Type: String  iPropID:49  lDBID:114049001 
         Rule NEW:  CoilClg:MeterElec_Clg / MeterElec_Clg  Type: String  iPropID:109  lDBID:104109001 
         Rule NEW:  EvapClr:MeterElec_Clg / MeterElec_Clg  Type: String  iPropID:15  lDBID:102015001 
         Rule NEW:  VRFSys:MeterElec_Clg / MeterElec_Clg  Type: String  iPropID:163  lDBID:100163001 
         Rule NEW:  Chlr:MeterElec_Clg / MeterElec_Clg  Type: String  iPropID:83  lDBID:111083001 
         Rule NEW:  HtRej:MeterElec_Clg / MeterElec_Clg  Type: String  iPropID:59  lDBID:115059001 
         Rule NEW:  WtrHtr:MeterElec_Htg / MeterElec_Htg  Type: String  iPropID:205  lDBID:116205001 
         Rule NEW:  WtrHtr:MeterGas_Htg / MeterGas_Htg  Type: String  iPropID:206  lDBID:116206001 
         Rule NEW:  Pump:MeterElec_Pump / MeterElec_Pump  Type: String  iPropID:38  lDBID:118038001 
         Rule NEW:  FluidSys:HasOSPump / HasOSPump  Type: Integer  iPropID:219  lDBID:109219001 
         Rule NEW:  FluidSys:MeterElec_Pump / MeterElec_Pump  Type: String  iPropID:220  lDBID:109220001 
         Rule NEW:  HtRcvry:MeterElec_HtRcvry / MeterElec_HtRcvry  Type: String  iPropID:57  lDBID:108057001 
         Rule NEW:  Spc:CompLPDRegSim / CompLPDRegSim  Type: Float  iPropID:846  lDBID:53846001 
         Rule NEW:  Spc:OtherLPDRegSim / OtherLPDRegSim  Type: Float  iPropID:847  lDBID:53847001 
         Rule NEW:  Spc:CompLPDNonRegSim / CompLPDNonRegSim  Type: Float  iPropID:848  lDBID:53848001 
         Rule NEW:  Spc:OtherLPDNonRegSim / OtherLPDNonRegSim  Type: Float  iPropID:849  lDBID:53849001 
         Rule NEW:  Meter:HasCompLtgReg / HasCompLtgReg  Type: Integer  iPropID:2  lDBID:146002001 
         Rule NEW:  Meter:HasCompLtgNonReg / HasCompLtgNonReg  Type: Integer  iPropID:3  lDBID:146003001 
         Rule NEW:  Meter:HasCompLtg / HasCompLtg  Type: Integer  iPropID:4  lDBID:146004001 
         Rule NEW:  Meter:HasOtherLtgReg / HasOtherLtgReg  Type: Integer  iPropID:5  lDBID:146005001 
         Rule NEW:  Meter:HasOtherLtgNonReg / HasOtherLtgNonReg  Type: Integer  iPropID:6  lDBID:146006001 
         Rule NEW:  Meter:HasOtherLtg / HasOtherLtg  Type: Integer  iPropID:7  lDBID:146007001 
         Rule NEW:  Meter:HasRecpt / HasRecpt  Type: Integer  iPropID:8  lDBID:146008001 
         Rule NEW:  Meter:HasProcElec / HasProcElec  Type: Integer  iPropID:9  lDBID:146009001 
         Rule NEW:  Meter:HasRfrgElec / HasRfrgElec  Type: Integer  iPropID:10  lDBID:146010001 
         Rule NEW:  Meter:HasElev / HasElev  Type: Integer  iPropID:11  lDBID:146011001 
         Rule NEW:  Meter:HasEscal / HasEscal  Type: Integer  iPropID:12  lDBID:146012001 
         Rule NEW:  Meter:HasIntEqpElec / HasIntEqpElec  Type: Integer  iPropID:13  lDBID:146013001 
         Rule NEW:  Meter:HasEqpGas / HasEqpGas  Type: Integer  iPropID:14  lDBID:146014001 
         Rule NEW:  Meter:HasProcGas / HasProcGas  Type: Integer  iPropID:15  lDBID:146015001 
         Rule NEW:  Fan:IsSysFan / IsSysFan  Type: Integer  iPropID:84  lDBID:106084001 
         Rule NEW:  ThrmlZn:HasGenExhFan / HasGenExhFan  Type: Integer  iPropID:467  lDBID:97467001 
         Rule NEW:  ThrmlZn:HasProcMtr / HasProcMtr  Type: Integer  iPropID:468  lDBID:97468001 
         Rule NEW:  Meter:HasSysFan / HasSysFan  Type: Integer  iPropID:16  lDBID:146016001 
         Rule NEW:  Meter:HasGenExhFan / HasGenExhFan  Type: Integer  iPropID:17  lDBID:146017001 
         Rule NEW:  Meter:HasFan / HasFan  Type: Integer  iPropID:18  lDBID:146018001 
         Rule NEW:  Meter:HasProcMtr / HasProcMtr  Type: Integer  iPropID:19  lDBID:146019001 
         Rule NEW:  CoilHtg:IsElecHtg / IsElecHtg  Type: Integer  iPropID:114  lDBID:105114001 
         Rule NEW:  CoilHtg:IsGasHtg / IsGasHtg  Type: Integer  iPropID:115  lDBID:105115001 
         Rule NEW:  Blr:IsGasBlr / IsGasBlr  Type: Integer  iPropID:50  lDBID:114050001 
         Rule NEW:  Meter:HasCoilHtgElec / HasCoilHtgElec  Type: Integer  iPropID:20  lDBID:146020001 
         Rule NEW:  Meter:HasCoilHtgGas / HasCoilHtgGas  Type: Integer  iPropID:21  lDBID:146021001 
         Rule NEW:  Meter:HasHtgVRF / HasHtgVRF  Type: Integer  iPropID:22  lDBID:146022001 
         Rule NEW:  Meter:HasBlr / HasBlr  Type: Integer  iPropID:23  lDBID:146023001 
         Rule NEW:  Meter:HasBlrGas / HasBlrGas  Type: Integer  iPropID:24  lDBID:146024001 
         Rule NEW:  Meter:HasHtgElec / HasHtgElec  Type: Integer  iPropID:25  lDBID:146025001 
         Rule NEW:  Meter:HasHtgGas / HasHtgGas  Type: Integer  iPropID:26  lDBID:146026001 
         Rule NEW:  CoilClg:IsElecClg / IsElecClg  Type: Integer  iPropID:110  lDBID:104110001 
         Rule NEW:  Meter:HasCoilClgElec / HasCoilClgElec  Type: Integer  iPropID:27  lDBID:146027001 
         Rule NEW:  Meter:HasEvapClr / HasEvapClr  Type: Integer  iPropID:28  lDBID:146028001 
         Rule NEW:  Meter:HasClgVRF / HasClgVRF  Type: Integer  iPropID:29  lDBID:146029001 
         Rule NEW:  Meter:HasChlr / HasChlr  Type: Integer  iPropID:30  lDBID:146030001 
         Rule NEW:  Meter:HasClgElec / HasClgElec  Type: Integer  iPropID:31  lDBID:146031001 
         Rule NEW:  Meter:HasHtRej / HasHtRej  Type: Integer  iPropID:32  lDBID:146032001 
         Rule NEW:  WtrHtr:IsElecWtrHtr / IsElecWtrHtr  Type: Integer  iPropID:207  lDBID:116207001 
         Rule NEW:  WtrHtr:IsGasWtrHtr / IsGasWtrHtr  Type: Integer  iPropID:208  lDBID:116208001 
         Rule NEW:  Meter:HasWtrHtrElec / HasWtrHtrElec  Type: Integer  iPropID:33  lDBID:146033001 
         Rule NEW:  Meter:HasWtrHtrGas / HasWtrHtrGas  Type: Integer  iPropID:34  lDBID:146034001 
         Rule NEW:  Meter:HasUserPump / HasUserPump  Type: Integer  iPropID:35  lDBID:146035001 
         Rule NEW:  Meter:HasOSPump / HasOSPump  Type: Integer  iPropID:36  lDBID:146036001 
         Rule NEW:  Meter:HasPump / HasPump  Type: Integer  iPropID:37  lDBID:146037001 
         Rule NEW:  Meter:HasHtRcvry / HasHtRcvry  Type: Integer  iPropID:38  lDBID:146038001 
         done.

Reading rule file: HVACSecondary-Summary.rule
         Rule NEW:  Fan:Pwr / Power  Type: Float  iPropID:85  lDBID:106085001 
         Rule NEW:  AirSeg:FanPwr / FanPower  Type: Float  iPropID:27  lDBID:101027001 
         Rule NEW:  ZnSys:FanPwr / TotalFanPower  Type: Float  iPropID:424  lDBID:99424001 
         Rule NEW:  AirSys:SupFanPwrIdx / SupplyFanPowerPerFlow  Type: Float  iPropID:425  lDBID:98425001 
         Rule NEW:  AirSys:RetFanPwr / ReturnFanPower  Type: Float  iPropID:426  lDBID:98426001 
         Rule NEW:  AirSys:RetFanPwrIdx / ReturnFanPowerPerFlow  Type: Float  iPropID:427  lDBID:98427001 
         Rule NEW:  AirSys:ReliefFanPwr / ReliefFanPower  Type: Float  iPropID:428  lDBID:98428001 
         Rule NEW:  AirSys:ReliefFanPwrIdx / ReliefFanPowerPerFlow  Type: Float  iPropID:429  lDBID:98429001 
         Rule NEW:  AirSys:SysExhFlow / SystemExhaustFlow  Type: Float  iPropID:430  lDBID:98430001 
         Rule NEW:  AirSys:SysCodeExhFlow / SystemCodeExhaustFlow  Type: Float  iPropID:431  lDBID:98431001 
         Rule NEW:  AirSys:LabExhSysBypassFlow / LaboratoryExhaustSystemBypassFlow  Type: Float  iPropID:432  lDBID:98432001 
         Rule NEW:  AirSys:LabExhSysBypassFlowRat / LaboratoryExhaustSystemBypassFlowRat  Type: Float  iPropID:433  lDBID:98433001 
         Rule NEW:  AirSys:ExhFanCapRemainder / ExhFanCapRemainder  Type: Float  iPropID:434  lDBID:98434001 
         Rule NEW:  AirSys:ExhSysFanPwr / ExhaustSystemFanPower  Type: Float  iPropID:435  lDBID:98435001 
         Rule NEW:  AirSys:ExhSysFanPwrIdx / ExhaustSystemFanPowerPerFlow  Type: Float  iPropID:436  lDBID:98436001 
         Rule NEW:  AirSys:ExhFanPwrIdx / ExhaustFanPowerPerFlow  Type: Float  iPropID:437  lDBID:98437001 
         Rule NEW:  AirSys:TrmlFanCap / TerminalFanCapacity  Type: Float  iPropID:438  lDBID:98438001 
         Rule NEW:  AirSys:TrmlCoilHtgCap / TerminalCoilHeatingCapacity  Type: Float  iPropID:439  lDBID:98439001 
         Rule NEW:  ZnSys:SupFanPwrIdx / SupplyFanPowerPerFlow  Type: Float  iPropID:425  lDBID:99425001 
         Rule NEW:  ZnSys:RetFanPwr / ReturnFanPower  Type: Float  iPropID:426  lDBID:99426001 
         Rule NEW:  ZnSys:ReliefFanPwr / ReliefFanPower  Type: Float  iPropID:427  lDBID:99427001 
         Rule NEW:  ZnSys:SysExhFlow / SystemExhaustFlow  Type: Float  iPropID:428  lDBID:99428001 
         Rule NEW:  ZnSys:SysCodeExhFlow / SystemCodeExhaustFlow  Type: Float  iPropID:429  lDBID:99429001 
         Rule NEW:  ZnSys:LabExhSysBypassFlow / LaboratoryExhaustSystemBypassFlow  Type: Float  iPropID:430  lDBID:99430001 
         Rule NEW:  ZnSys:LabExhSysBypassFlowRat / LaboratoryExhaustSystemBypassFlowRat  Type: Float  iPropID:431  lDBID:99431001 
         Rule NEW:  ZnSys:ExhSysFanPwrIdx / ExhaustSystemFanPowerIndex  Type: Float  iPropID:432  lDBID:99432001 
         Rule NEW:  AirSys:ClgCapPerArea / CoolingCapacityPerArea  Type: Float  iPropID:440  lDBID:98440001 
         Rule NEW:  AirSys:SupFlowPerTon / SupplyFlowPerTon  Type: Float  iPropID:441  lDBID:98441001 
         Rule NEW:  AirSys:HtgCapPerArea / HeatingCapacityPerArea  Type: Float  iPropID:442  lDBID:98442001 
         Rule NEW:  AirSys:SupFlowPerArea / SupplyFlowPerArea  Type: Float  iPropID:443  lDBID:98443001 
         Rule NEW:  AirSys:OAFlowPerArea / OutsideAirFlowPerArea  Type: Float  iPropID:444  lDBID:98444001 
         Rule NEW:  AirSys:SupAirSegHtgCap / SupplyAirSegmentHeatingCapacity  Type: Float  iPropID:445  lDBID:98445001 
         Rule NEW:  ZnSys:ClgCapPerArea / CoolingCapacityPerArea  Type: Float  iPropID:433  lDBID:99433001 
         Rule NEW:  ZnSys:SupFlowPerTon / SupplyFlowPerTon  Type: Float  iPropID:434  lDBID:99434001 
         Rule NEW:  ZnSys:HtgCapPerArea / HeatingCapacityPerArea  Type: Float  iPropID:435  lDBID:99435001 
         Rule NEW:  ZnSys:SupFlowPerArea / SupplyFlowPerArea  Type: Float  iPropID:436  lDBID:99436001 
         Rule NEW:  ZnSys:OAFlowPerArea / OutsideAirFlowPerArea  Type: Float  iPropID:437  lDBID:99437001 
         Rule NEW:  AirSys:HERSDuctReqTested / HERSDuctRequiredTested  Type: Integer  iPropID:446  lDBID:98446001 
         Rule NEW:  AirSys:HERSDuctTestedOnly / HERSDuctTestedOnly  Type: Integer  iPropID:447  lDBID:98447001 
         Rule NEW:  AirSys:DuctLeakage / DuctLeakage  Type: Float  iPropID:448  lDBID:98448001 
         Rule NEW:  AirSys:DuctLeakCredit / DuctLeakCredit  Type: Integer  iPropID:449  lDBID:98449001 
         Rule NEW:  AirSys:DuctInsMin / DuctInsulationMinimum  Type: Float  iPropID:450  lDBID:98450001 
         Rule NEW:  ZnSys:HERSDuctReqTested / HERSDuctRequiredTested  Type: Integer  iPropID:438  lDBID:99438001 
         Rule NEW:  ZnSys:HERSDuctTestedOnly / HERSDuctTestedOnly  Type: Integer  iPropID:439  lDBID:99439001 
         Rule NEW:  ZnSys:DuctLeakage / DuctLeakage  Type: Float  iPropID:440  lDBID:99440001 
         Rule NEW:  ZnSys:DuctLeakCredit / DuctLeakCredit  Type: Float  iPropID:441  lDBID:99441001 
         Rule NEW:  ZnSys:DuctSysType / DuctSystemType  Type: Float  iPropID:442  lDBID:99442001 
         Rule NEW:  ZnSys:DuctInsMin / DuctInsulationMinimum  Type: Float  iPropID:443  lDBID:99443001 
         Rule NEW:  AirSys:HasDirectEvapClr / HasDirectEvaporativeCooler  Type: Integer  iPropID:451  lDBID:98451001 
         Rule NEW:  AirSys:HasIndirectEvapClr / HasIndirectEvaporativeCooler  Type: Integer  iPropID:452  lDBID:98452001 
         Rule NEW:  AirSys:AirSysErrID / AirSystemErrorID  Type: Integer  iPropID:453  lDBID:98453001 
         Rule NEW:  AirSys:AirSysErrMsg / AirSystemErrorMessage  Type: String  iPropID:454  lDBID:98454001 
         Rule NEW:  AirSys:PDAdjErrMsg / PressureDropAdjustmentsErrorMessage  Type: String  iPropID:455  lDBID:98455001 
         Rule NEW:  AirSeg:TypeErrMsg / TypeErrorMessage  Type: String  iPropID:28  lDBID:101028001 
         Rule NEW:  CoilClg:CoilClgErrID / CoilCoolingErrorID  Type: Integer  iPropID:111  lDBID:104111001 
         Rule NEW:  CoilClg:CoilClgErrMsg / AirSystemErrorMessage  Type: String  iPropID:112  lDBID:104112001 
         Rule NEW:  CoilHtg:CoilHtgErrID / CoilHeatingErrorID  Type: Integer  iPropID:116  lDBID:105116001 
         Rule NEW:  CoilHtg:CoilHtgErrMsg / CoilHeatingMessage  Type: String  iPropID:117  lDBID:105117001 
         done.

Reading rule file: HVACPrimary-Summary.rule
         Rule NEW:  FluidSys:ClgCapNew / CoolingCapacityNew  Type: Float  iPropID:221  lDBID:109221001 
         Rule NEW:  FluidSys:HtgCapNew / HeatingCapacityNew  Type: Float  iPropID:222  lDBID:109222001 
         done.

Reading rule file: Building-AdditionsAlterations.rule
         Rule NEW:  Spc:ChildExtAreaNew / ChildExteriorAreaNew  Type: Float  iPropID:850  lDBID:53850001 
         Rule NEW:  Spc:ChildDemAreaNew / ChildDemisingAreaNew  Type: Float  iPropID:851  lDBID:53851001 
         Rule NEW:  Spc:ChildExtAreaExisting / ChildExteriorAreaExisting  Type: Float  iPropID:852  lDBID:53852001 
         Rule NEW:  Spc:ChildDemAreaExisting / ChildDemisingAreaExisting  Type: Float  iPropID:853  lDBID:53853001 
         Rule NEW:  Spc:ChildExtAreaAltered / ChildExteriorAreaAltered  Type: Float  iPropID:854  lDBID:53854001 
         Rule NEW:  Spc:ChildDemAreaAltered / ChildDemisingAreaAltered  Type: Float  iPropID:855  lDBID:53855001 
         Rule NEW:  Spc:OverallAreaNew / OverallAreaNew  Type: Float  iPropID:856  lDBID:53856001 
         Rule NEW:  Spc:OverallAreaExisting / OverallAreaExisting  Type: Float  iPropID:857  lDBID:53857001 
         Rule NEW:  Spc:OverallAreaAltered / OverallAreaAltered  Type: Float  iPropID:858  lDBID:53858001 
         Rule NEW:  ThrmlZn:OverallAreaNew / OverallAreaNew  Type: Float  iPropID:469  lDBID:97469001 
         Rule NEW:  ThrmlZn:OverallAreaExisting / OverallAreaExisting  Type: Float  iPropID:470  lDBID:97470001 
         Rule NEW:  ThrmlZn:OverallAreaAltered / OverallAreaAltered  Type: Float  iPropID:471  lDBID:97471001 
         Rule NEW:  ThrmlZn:HVACStatus / HVACStatus  Type: Enumeration  iPropID:472  lDBID:97472001 
         Rule NEW:  ThrmlZn:IsNewHVAC / IsNewHVAC  Type: Integer  iPropID:473  lDBID:97473001 
         Rule NEW:  ThrmlZn:IsExistingHVAC / IsExistingHVAC  Type: Integer  iPropID:474  lDBID:97474001 
         Rule NEW:  ThrmlZn:IsNewVent / IsNewVentilation  Type: Integer  iPropID:475  lDBID:97475001 
         Rule NEW:  ThrmlZn:IsNewExh / IsNewExhaust  Type: Integer  iPropID:476  lDBID:97476001 
         Rule NEW:  Spc:HVACStatus / HVACStatus  Type: Enumeration  iPropID:859  lDBID:53859001 
         Rule NEW:  Spc:IsNewHVAC / IsNewHVAC  Type: Integer  iPropID:860  lDBID:53860001 
         Rule NEW:  Spc:IsExistingHVAC / IsExistingHVAC  Type: Integer  iPropID:861  lDBID:53861001 
         Rule NEW:  Spc:IsNewVent / IsNewVent  Type: Integer  iPropID:862  lDBID:53862001 
         Rule NEW:  Spc:IsNewExh / IsNewExh  Type: Integer  iPropID:863  lDBID:53863001 
         Rule NEW:  Story:TotFlrAreaNewWithMult / TotalFloorAreaNewWithMultiplier  Type: Float  iPropID:221  lDBID:51221001 
         Rule NEW:  Story:IsNewStory / IsNewStory  Type: Integer  iPropID:222  lDBID:51222001 
         Rule NEW:  Story:NonResFlrAreaNewWithMult / NonresidentialFloorAreaNewWithMultiplier  Type: Float  iPropID:223  lDBID:51223001 
         Rule NEW:  Story:ResFlrAreaNewWithMult / ResidentialFloorAreaNewWithMultiplier  Type: Float  iPropID:224  lDBID:51224001 
         Rule NEW:  Story:NonResFlrAreaNewHVACWithMult / NonresidentialFloorAreaNewHVACWithMultiplier  Type: Float  iPropID:225  lDBID:51225001 
         Rule NEW:  Story:ResFlrAreaNewHVACWithMult / ResidentialFloorAreaNewWithHVACMultiplier  Type: Float  iPropID:226  lDBID:51226001 
         Rule NEW:  Story:TotFlrAreaAlteredWithMult / TotalFloorAreaNewWithMultiplier  Type: Float  iPropID:227  lDBID:51227001 
         Rule NEW:  Story:NonResFlrAreaAlteredWithMult / NonresidentialFloorAreaAlteredWithMultiplier  Type: Float  iPropID:228  lDBID:51228001 
         Rule NEW:  Story:ResFlrAreaAlteredWithMult / ResidentialFloorAreaAlteredWithMultiplier  Type: Float  iPropID:229  lDBID:51229001 
         Rule NEW:  Story:TotCondFlrAreaAlteredWithMult / TotalConditionedFloorAreaAlteredWithMultiplier  Type: Float  iPropID:230  lDBID:51230001 
         Rule NEW:  Story:TotFlrAreaExistingWithMult / TotalFloorAreaExistingWithMultiplier  Type: Float  iPropID:231  lDBID:51231001 
         Rule NEW:  Story:NonResFlrAreaExistingWithMult / NonresidentialFloorAreaExistingWithMultiplier  Type: Float  iPropID:232  lDBID:51232001 
         Rule NEW:  Story:ResFlrAreaExistingWithMult / ResidentialFloorAreaExistingWithMultiplier  Type: Float  iPropID:233  lDBID:51233001 
         Rule NEW:  Story:TotCondFlrAreaExistingWithMult / TotalConditionedFloorAreaExistingWithMultiplier  Type: Float  iPropID:234  lDBID:51234001 
         Rule NEW:  Bldg:NonResFlrAreaNew / NonresidentialFloorAreaNew  Type: Float  iPropID:300  lDBID:50300001 
         Rule NEW:  Bldg:ResFlrAreaNew / ResidentialFloorAreaNew  Type: Float  iPropID:301  lDBID:50301001 
         Rule NEW:  Bldg:TotCondVolNew / TotalConditionedVolumeNew  Type: Float  iPropID:302  lDBID:50302001 
         Rule NEW:  Bldg:TotFlrAreaAltered / TotalFloorAreaAltered  Type: Float  iPropID:303  lDBID:50303001 
         Rule NEW:  Bldg:NonResFlrAreaAltered / NonresidentialFloorAreaAltered  Type: Float  iPropID:304  lDBID:50304001 
         Rule NEW:  Bldg:ResFlrAreaAltered / ResidentialFloorAreaAltered  Type: Float  iPropID:305  lDBID:50305001 
         Rule NEW:  Bldg:TotCondFlrAreaAltered / TotalConditionedFloorAreaAltered  Type: Float  iPropID:306  lDBID:50306001 
         Rule NEW:  Bldg:TotCondVolAltered / TotalConditionedVolumeAltered  Type: Float  iPropID:307  lDBID:50307001 
         Rule NEW:  Bldg:TotFlrAreaExisting / TotalFloorAreaExisting  Type: Float  iPropID:308  lDBID:50308001 
         Rule NEW:  Bldg:NonResFlrAreaExisting / NonresidentialFloorAreaExisting  Type: Float  iPropID:309  lDBID:50309001 
         Rule NEW:  Bldg:ResFlrAreaExisting / ResidentialFloorAreaExisting  Type: Float  iPropID:310  lDBID:50310001 
         Rule NEW:  Bldg:TotCondFlrAreaExisting / TotalConditionedFloorAreaExisting  Type: Float  iPropID:311  lDBID:50311001 
         Rule NEW:  Bldg:TotCondVolExisting / TotalConditionedVolumeExisting  Type: Float  iPropID:312  lDBID:50312001 
         Rule NEW:  Bldg:CoilClgCapNonHydronicNew / CoilCoolingCapacityNonHydronicNew  Type: Float  iPropID:313  lDBID:50313001 
         Rule NEW:  Bldg:CoilHtgCapNonHydronicNew / CoilHeatingCapacityNonHydronicNew  Type: Float  iPropID:314  lDBID:50314001 
         Rule NEW:  Bldg:CoilClgCapHydronicNew / CoilCoolingCapacityHydronicNew  Type: Float  iPropID:315  lDBID:50315001 
         Rule NEW:  Bldg:CoilHtgCapHydronicNew / CoilHeatingCapacityHydronicNew  Type: Float  iPropID:316  lDBID:50316001 
         Rule NEW:  Bldg:CoilClgCapHydronicExisting / CoilCoolingCapacityHydronicExisting  Type: Float  iPropID:317  lDBID:50317001 
         Rule NEW:  Bldg:CoilHtgCapHydronicExisting / CoilHeatingCapacityHydronicExisting  Type: Float  iPropID:318  lDBID:50318001 
         Rule NEW:  Bldg:PlantClgCapNew / PlantCoolingCapacityNew  Type: Float  iPropID:319  lDBID:50319001 
         Rule NEW:  Bldg:PlantHtgCapNew / PlantHeatingCapacityNew  Type: Float  iPropID:320  lDBID:50320001 
         Rule NEW:  Bldg:CoilClgCapNonHydronicExisting / CoilCoolingCapacityNonHydronicExisting  Type: Float  iPropID:321  lDBID:50321001 
         Rule NEW:  Bldg:CoilHtgCapNonHydronicExisting / CoilHeatingCapacityNonHydronicExisting  Type: Float  iPropID:322  lDBID:50322001 
         Rule NEW:  Bldg:PlantClgCapExisting / PlantCoolingCapacityExisting  Type: Float  iPropID:323  lDBID:50323001 
         Rule NEW:  Bldg:PlantHtgCapExisting / PlantHeatingCapacityExisting  Type: Float  iPropID:324  lDBID:50324001 
         Rule NEW:  Bldg:TotClgCap / TotalCoolingCapacity  Type: Float  iPropID:325  lDBID:50325001 
         Rule NEW:  Bldg:TotClgCapNew / TotalCoolingCapacityNew  Type: Float  iPropID:326  lDBID:50326001 
         Rule NEW:  Bldg:TotHtgCap / TotalHeatingCapacity  Type: Float  iPropID:327  lDBID:50327001 
         Rule NEW:  Bldg:TotHtgCapNew / TotalHeatingCapacityNew  Type: Float  iPropID:328  lDBID:50328001 
         Rule NEW:  Bldg:DeltaClgCapBldgRat / DeltaCoolingCapacityBuildingRatio  Type: Float  iPropID:329  lDBID:50329001 
         Rule NEW:  Bldg:DeltaHtgCapBldgRat / DeltaHeatingCapacityBuildingRatio  Type: Float  iPropID:330  lDBID:50330001 
         Rule NEW:  Bldg:DeltaClgCapAltAddRat / DeltaCoolingCapacityAlterationRatio  Type: Float  iPropID:331  lDBID:50331001 
         Rule NEW:  Bldg:DeltaHtgCapAltAddRat / DeltaHeatingCapacityAlterationRatio  Type: Float  iPropID:332  lDBID:50332001 
         Rule NEW:  Bldg:DeltaCapBldgRatThreshold / DeltaCapacityBuildingRatioThreshold  Type: Float  iPropID:333  lDBID:50333001 
         Rule NEW:  Bldg:DeltaCapAltAddRatThreshold / DeltaCapacityAlterationRatioThreshold  Type: Float  iPropID:334  lDBID:50334001 
         Rule NEW:  Proj:BaseHVACSameAsPropHVAC / BaselineHVACSameAsProposedHVAC  Type: Integer  iPropID:917  lDBID:1917001 
         Rule NEW:  Bldg:PlantClgCapNewRat / PlantCoolingCapacityNewRatio  Type: Float  iPropID:335  lDBID:50335001 
         Rule NEW:  Bldg:CoilClgCapNonHydronicNewRat / CoilCoolingCapacityNonHydronicNewRatio  Type: Float  iPropID:336  lDBID:50336001 
         Rule NEW:  Bldg:TotClgCapNewRat / TotalCoolingCapacityNewRatio  Type: Float  iPropID:337  lDBID:50337001 
         Rule NEW:  Bldg:PlantHtgCapNewRat / PlantHeatingCapacityNewRatio  Type: Float  iPropID:338  lDBID:50338001 
         Rule NEW:  Bldg:CoilHtgCapNonHydronicNewRat / CoilHeatingCapacityNonHydronicNewRatio  Type: Float  iPropID:339  lDBID:50339001 
         Rule NEW:  Bldg:TotHtgCapNewRat / TotalHeatingCapacityNewRatio  Type: Float  iPropID:340  lDBID:50340001 
         done.

Reading rule file: Project-ExceptionalConditions.rule
         Rule NEW:  ConsAssm:HasCRRCProdIDNewConst / HasCoolRoofRatingCouncilProductIdentificationNewConstruction  Type: Integer  iPropID:102  lDBID:39102001 
         Rule NEW:  Spc:ExcptCondPVBldgType / ExcptCondPVBldgType  Type: Integer  iPropID:864  lDBID:53864001 
         Rule NEW:  ResOtherZn:ExcptCondPVBldgType / ExcptCondPVBldgType  Type: Integer  iPropID:477  lDBID:71477001 
         done.

Reading rule file: Reporting-SpaceDet.rule
         Rule NEW:  Proj:XFormFlag / TransformFlag  Type: Integer  iPropID:777  lDBID:1777001 
         Rule NEW:  Spc:VentFlowPerArea / VentilationFlowPerArea  Type: Float  iPropID:865  lDBID:53865001 
         Rule NEW:  Spc:IntLoadsRpt / InteriorLoadsReport  Type: String  iPropID:866  lDBID:53866001 
         Rule NEW:  Spc:IntLoadsRpt_RegLtg / IntLoadsRpt_RegLtg  Type: String  iPropID:867  lDBID:53867001 
         Rule NEW:  Spc:IntLoadsRpt_NRegLtg / IntLoadsRpt_NRegLtg  Type: String  iPropID:868  lDBID:53868001 
         Rule NEW:  Spc:IntLoadsRpt_Recpt / IntLoadsRpt_Recpt  Type: String  iPropID:869  lDBID:53869001 
         Rule NEW:  Spc:IntLoadsRpt_ProcElec / IntLoadsRpt_ProcElec  Type: String  iPropID:870  lDBID:53870001 
         Rule NEW:  Spc:IntLoadsRpt_CommRfrg / IntLoadsRpt_CommRfrg  Type: String  iPropID:871  lDBID:53871001 
         Rule NEW:  Spc:IntLoadsRpt_GasEqp / IntLoadsRpt_GasEqp  Type: String  iPropID:872  lDBID:53872001 
         Rule NEW:  Spc:IntLoadsRpt_ProcGas / IntLoadsRpt_ProcGas  Type: String  iPropID:873  lDBID:53873001 
         Rule NEW:  Spc:IntLoadsRpt / InteriorLoadsReport  Type: String  iPropID:866  lDBID:53866001 
         Rule NEW:  Spc:IntSpcLoadsRpt / InteriorSpaceLoadsReport  Type: String  iPropID:874  lDBID:53874001 
         Rule NEW:  Spc:IntSpcLoadsRpt_Spc / IntSpcLoadsRpt_Spc  Type: String  iPropID:875  lDBID:53875001 
         Rule NEW:  Spc:IntSpcLoadsRpt_Occ / IntSpcLoadsRpt_Occ  Type: String  iPropID:876  lDBID:53876001 
         Rule NEW:  Spc:IntSpcLoadsRpt_SWH / IntSpcLoadsRpt_SWH  Type: String  iPropID:877  lDBID:53877001 
         Rule NEW:  Spc:IntSpcLoadsRpt_Vent / IntSpcLoadsRpt_Vent  Type: String  iPropID:878  lDBID:53878001 
         Rule NEW:  Spc:IntSpcLoadsRpt_ThrmlZn / IntSpcLoadsRpt_ThrmlZn  Type: String  iPropID:879  lDBID:53879001 
         Rule NEW:  Spc:IntLoadsRpt / InteriorLoadsReport  Type: String  iPropID:866  lDBID:53866001 
         Rule NEW:  Spc:SpcIntLtgRpt / SpaceInteriorLightingReport  Type: String  iPropID:880  lDBID:53880001 
         Rule NEW:  Spc:SpcIntLtgRpt_Spc / SpcIntLtgRpt_Spc  Type: String  iPropID:881  lDBID:53881001 
         Rule NEW:  Spc:SpcIntLtgRpt_RegLtg / SpcIntLtgRpt_RegLtg  Type: String  iPropID:882  lDBID:53882001 
         Rule NEW:  Spc:SpcIntLtgRpt_NRegLtg / SpcIntLtgRpt_NRegLtg  Type: String  iPropID:883  lDBID:53883001 
         Rule NEW:  Spc:IntLoadsRpt / InteriorLoadsReport  Type: String  iPropID:866  lDBID:53866001 
         Rule NEW:  IntLtgSys:SpcIntLtgSysRpt / SpaceInteriorLightingSystemReport  Type: String  iPropID:199  lDBID:54199001 
         Rule NEW:  IntLtgSys:SpcIntLtgSysRpt_Spc / SpcIntLtgSysRpt_Spc  Type: String  iPropID:200  lDBID:54200001 
         Rule NEW:  IntLtgSys:SpcIntLtgSysRpt_RegLtg / SpcIntLtgSysRpt_RegLtg  Type: String  iPropID:201  lDBID:54201001 
         Rule NEW:  IntLtgSys:IntLoadsRpt / IntLoadsRpt  Type: unknown!  iPropID:202  lDBID:54202001 
         Rule NEW:  Spc:SpcIntDayltgLtgRpt / SpaceInteriorLightingReport  Type: String  iPropID:884  lDBID:53884001 
         Rule NEW:  Spc:SpcIntDayltgLtgRpt_Spc / SpcIntDayltgLtgRpt_Spc  Type: String  iPropID:885  lDBID:53885001 
         Rule NEW:  Spc:SpcIntDayltgLtgRpt_Skylit / SpcIntDayltgLtgRpt_Skylit  Type: String  iPropID:886  lDBID:53886001 
         Rule NEW:  Spc:SpcIntDayltgLtgRpt_PriSide / SpcIntDayltgLtgRpt_PriSide  Type: String  iPropID:887  lDBID:53887001 
         Rule NEW:  Spc:SpcIntDayltgLtgRpt_SecSide / SpcIntDayltgLtgRpt_SecSide  Type: String  iPropID:888  lDBID:53888001 
         Rule NEW:  Spc:IntLoadsRpt / InteriorLoadsReport  Type: String  iPropID:866  lDBID:53866001 
         done.

Reading rule file: Reporting-Schedules.rule
         Rule NEW:  Sch:NumWeeks / NumWeeks  Type: Float  iPropID:17  lDBID:38017001 
         Rule NEW:  SchDay:Sum / Sum  Type: Float  iPropID:6  lDBID:35006001 
         Rule NEW:  SchDay:Avg / Avg  Type: Float  iPropID:7  lDBID:35007001 
         Rule NEW:  SchDay:MaxVal / MaxVal  Type: Float  iPropID:8  lDBID:35008001 
         Rule NEW:  SchDay:MinVal / MinVal  Type: Float  iPropID:9  lDBID:35009001 
         Rule NEW:  SchWeek:MaxVal / MaxVal  Type: Float  iPropID:20  lDBID:37020001 
         Rule NEW:  SchWeek:MinVal / MinVal  Type: Float  iPropID:21  lDBID:37021001 
         Rule NEW:  Sch:MaxVal / MaxVal  Type: Float  iPropID:18  lDBID:38018001 
         Rule NEW:  Sch:MinVal / MinVal  Type: Float  iPropID:19  lDBID:38019001 
         Rule NEW:  Sch:ApproxFullLdHrs / ApproximateFullLoadHours  Type: Float  iPropID:20  lDBID:38020001 
         done.

Reading rule file: Reporting-EnvelopeDet.rule
         Rule NEW:  Proj:XFormFlag / TransformFlag  Type: Integer  iPropID:777  lDBID:1777001 
         Rule NEW:  Proj:ProjRpt / ProjectReport  Type: String  iPropID:918  lDBID:1918001 
         Rule NEW:  Proj:ProjRpt_Name / ProjectReport_Name  Type: String  iPropID:919  lDBID:1919001 
         Rule NEW:  Proj:ProjRpt / ProjectReport  Type: String  iPropID:918  lDBID:1918001 
         Rule NEW:  Proj:ProjHVACRpt / ProjectHVACReport  Type: String  iPropID:920  lDBID:1920001 
         Rule NEW:  Proj:ProjHVACRpt_Name / ProjectHVACReport_Name  Type: String  iPropID:921  lDBID:1921001 
         Rule NEW:  Proj:ProjHVACRpt / ProjectHVACReport  Type: String  iPropID:920  lDBID:1920001 
         Rule NEW:  Bldg:Story_1EnvRpt / Story_1EnvelopeReport  Type: String  iPropID:341  lDBID:50341001 
         Rule NEW:  Bldg:Story_1EnvRpt_Name / Story_1EnvelopeReport_Name  Type: String  iPropID:342  lDBID:50342001 
         Rule NEW:  Bldg:Story_1EnvRpt / Story_1EnvelopeReport  Type: String  iPropID:341  lDBID:50341001 
         Rule NEW:  Bldg:Story_2EnvRpt / Story_2EnvelopeReport  Type: String  iPropID:343  lDBID:50343001 
         Rule NEW:  Bldg:Story_2EnvRpt_Name / Story_2EnvelopeReport_Name  Type: String  iPropID:344  lDBID:50344001 
         Rule NEW:  Bldg:Story_2EnvRpt / Story_2EnvelopeReport  Type: String  iPropID:343  lDBID:50343001 
         Rule NEW:  Bldg:Story_3EnvRpt / Story_3EnvelopeReport  Type: String  iPropID:345  lDBID:50345001 
         Rule NEW:  Bldg:Story_3EnvRpt_Name / Story_3EnvelopeReport_Name  Type: String  iPropID:346  lDBID:50346001 
         Rule NEW:  Bldg:Story_3EnvRpt / Story_3EnvelopeReport  Type: String  iPropID:345  lDBID:50345001 
         Rule NEW:  Bldg:Area_1EnvRpt / Area_1EnvelopeReport  Type: String  iPropID:347  lDBID:50347001 
         Rule NEW:  Bldg:Area_1EnvRpt_Name / Area_1EnvelopeReport_Name  Type: String  iPropID:348  lDBID:50348001 
         Rule NEW:  Bldg:Area_1EnvRpt / Area_1EnvelopeReport  Type: String  iPropID:347  lDBID:50347001 
         Rule NEW:  Bldg:Area_2EnvRpt / Area_2EnvelopeReport  Type: String  iPropID:349  lDBID:50349001 
         Rule NEW:  Bldg:Area_2EnvRpt_Name / Area_2EnvelopeReport_Name  Type: String  iPropID:350  lDBID:50350001 
         Rule NEW:  Bldg:Area_2EnvRpt / Area_2EnvelopeReport  Type: String  iPropID:349  lDBID:50349001 
         Rule NEW:  Bldg:Area_3EnvRpt / Area_3EnvelopeReport  Type: String  iPropID:351  lDBID:50351001 
         Rule NEW:  Bldg:Area_3EnvRpt_Name / Area_3EnvelopeReport_Name  Type: String  iPropID:352  lDBID:50352001 
         Rule NEW:  Bldg:Area_3EnvRpt / Area_3EnvelopeReport  Type: String  iPropID:351  lDBID:50351001 
         Rule NEW:  Bldg:WallEnvRpt / WallEnvelopeReport  Type: String  iPropID:353  lDBID:50353001 
         Rule NEW:  Bldg:WallEnvRpt_Name / WallEnvelopeReport_Name  Type: String  iPropID:354  lDBID:50354001 
         Rule NEW:  Bldg:WallEnvRpt / WallEnvelopeReport  Type: String  iPropID:353  lDBID:50353001 
         Rule NEW:  Bldg:NewWallEnvRpt / NewWallEnvelopeReport  Type: String  iPropID:355  lDBID:50355001 
         Rule NEW:  Bldg:NewWallEnvRpt_Name / NewWallEnvelopeReport_Name  Type: String  iPropID:356  lDBID:50356001 
         Rule NEW:  Bldg:NewWallEnvRpt / NewWallEnvelopeReport  Type: String  iPropID:355  lDBID:50355001 
         Rule NEW:  Bldg:ExsOrAltWallEnvRpt / ExsOrAltWallEnvelopeReport  Type: String  iPropID:357  lDBID:50357001 
         Rule NEW:  Bldg:ExsOrAltWallEnvRpt_Name / ExsOrAltWallEnvelopeReport_Name  Type: String  iPropID:358  lDBID:50358001 
         Rule NEW:  Bldg:ExsOrAltWallEnvRpt / ExsOrAltWallEnvelopeReport  Type: String  iPropID:357  lDBID:50357001 
         Rule NEW:  Bldg:WindowEnvRpt / WindowEnvelopeReport  Type: String  iPropID:359  lDBID:50359001 
         Rule NEW:  Bldg:WindowEnvRpt_Name / WindowEnvelopeReport_Name  Type: String  iPropID:360  lDBID:50360001 
         Rule NEW:  Bldg:WindowEnvRpt / WindowEnvelopeReport  Type: String  iPropID:359  lDBID:50359001 
         Rule NEW:  Bldg:NewWallNewWindowEnvRpt / NewWallNewWindowEnvelopeReport  Type: String  iPropID:361  lDBID:50361001 
         Rule NEW:  Bldg:NewWallNewWindowEnvRpt_Name / NewWallNewWindowEnvelopeReport_Name  Type: String  iPropID:362  lDBID:50362001 
         Rule NEW:  Bldg:NewWallNewWindowEnvRpt / NewWallNewWindowEnvelopeReport  Type: String  iPropID:361  lDBID:50361001 
         Rule NEW:  Bldg:ExsOrAltWallNewWindowEnvRpt / ExsOrAltWallNewWindowEnvelopeReport  Type: String  iPropID:363  lDBID:50363001 
         Rule NEW:  Bldg:ExsOrAltWallNewWindowEnvRpt_Name / ExsOrAltWallNewWindowEnvelopeReport_Name  Type: String  iPropID:364  lDBID:50364001 
         Rule NEW:  Bldg:ExsOrAltWallNewWindowEnvRpt / ExsOrAltWallNewWindowEnvelopeReport  Type: String  iPropID:363  lDBID:50363001 
         Rule NEW:  Bldg:ExsOrAltWallExsOrAltWindowEnvRpt / ExsOrAltWallExsOrAltWindowEnvelopeReport  Type: String  iPropID:365  lDBID:50365001 
         Rule NEW:  Bldg:ExsOrAltWallExsOrAltWindowEnvRpt_Name / ExsOrAltWallExsOrAltWindowEnvelopeReport_Name  Type: String  iPropID:366  lDBID:50366001 
         Rule NEW:  Bldg:ExsOrAltWallExsOrAltWindowEnvRpt / ExsOrAltWallExsOrAltWindowEnvelopeReport  Type: String  iPropID:365  lDBID:50365001 
         Rule NEW:  Bldg:WWREnvRpt / WWREnvelopeReport  Type: String  iPropID:367  lDBID:50367001 
         Rule NEW:  Bldg:WWREnvRpt_Name / WWREnvelopeReport_Name  Type: String  iPropID:368  lDBID:50368001 
         Rule NEW:  Bldg:WWREnvRpt / WWREnvelopeReport  Type: String  iPropID:367  lDBID:50367001 
         Rule NEW:  Bldg:NewWallNewWinWWREnvRpt / NewWallNewWinWWREnvelopeReport  Type: String  iPropID:369  lDBID:50369001 
         Rule NEW:  Bldg:NewWallNewWinWWREnvRpt_Name / NewWallNewWinWWREnvelopeReport_Name  Type: String  iPropID:370  lDBID:50370001 
         Rule NEW:  Bldg:NewWallNewWinWWREnvRpt / NewWallNewWinWWREnvelopeReport  Type: String  iPropID:369  lDBID:50369001 
         Rule NEW:  Bldg:ExsOrAltWallNewWinWWREnvRpt / ExsOrAltWallNewWinWWREnvelopeReport  Type: String  iPropID:371  lDBID:50371001 
         Rule NEW:  Bldg:ExsOrAltWallNewWinWWREnvRpt_Name / ExsOrAltWallNewWinWWREnvelopeReport_Name  Type: String  iPropID:372  lDBID:50372001 
         Rule NEW:  Bldg:ExsOrAltWallNewWinWWREnvRpt / ExsOrAltWallNewWinWWREnvelopeReport  Type: String  iPropID:371  lDBID:50371001 
         Rule NEW:  Bldg:ExsOrAltWallExsOrAltWinWWREnvRpt / ExsOrAltWallExsOrAltWinWWREnvelopeReport  Type: String  iPropID:373  lDBID:50373001 
         Rule NEW:  Bldg:ExsOrAltWallExsOrAltWinWWREnvRpt_Name / ExsOrAltWallExsOrAltWinWWREnvelopeReport_Name  Type: String  iPropID:374  lDBID:50374001 
         Rule NEW:  Bldg:ExsOrAltWallExsOrAltWinWWREnvRpt / ExsOrAltWallExsOrAltWinWWREnvelopeReport  Type: String  iPropID:373  lDBID:50373001 
         Rule NEW:  Bldg:SRREnvRpt / SRREnvelopeReport  Type: String  iPropID:375  lDBID:50375001 
         Rule NEW:  Bldg:SRREnvRpt_Geom / SRREnvelopeReport_Geometry  Type: String  iPropID:376  lDBID:50376001 
         Rule NEW:  Bldg:SRREnvRpt / SRREnvelopeReport  Type: String  iPropID:375  lDBID:50375001 
         Rule NEW:  Bldg:NewRoofNewSkyltSRREnvRpt / NewRoofNewSkyltSRREnvelopeReport  Type: String  iPropID:377  lDBID:50377001 
         Rule NEW:  Bldg:NewRoofNewSkyltSRREnvRpt_Geom / NewRoofNewSkyltSRREnvelopeReport_Geometry  Type: String  iPropID:378  lDBID:50378001 
         Rule NEW:  Bldg:NewRoofNewSkyltSRREnvRpt / NewRoofNewSkyltSRREnvelopeReport  Type: String  iPropID:377  lDBID:50377001 
         Rule NEW:  Bldg:ExsOrAltRoofNewSkyltSRREnvRpt / ExsOrAltRoofNewSkyltSRREnvelopeReport  Type: String  iPropID:379  lDBID:50379001 
         Rule NEW:  Bldg:ExsOrAltRoofNewSkyltSRREnvRpt_Geom / ExsOrAltRoofNewSkyltSRREnvelopeReport_Geometry  Type: String  iPropID:380  lDBID:50380001 
         Rule NEW:  Bldg:ExsOrAltRoofNewSkyltSRREnvRpt / ExsOrAltRoofNewSkyltSRREnvelopeReport  Type: String  iPropID:379  lDBID:50379001 
         Rule NEW:  Bldg:ExsOrAltRoofExsOrAltSkyltSRREnvRpt / ExsOrAltRoofExsOrAltSkyltSRREnvelopeReport  Type: String  iPropID:381  lDBID:50381001 
         Rule NEW:  Bldg:ExsOrAltRoofExsOrAltSkyltSRREnvRpt_Geom / ExsOrAltRoofExsOrAltSkyltSRREnvelopeReport_Geometry  Type: String  iPropID:382  lDBID:50382001 
         Rule NEW:  Bldg:ExsOrAltRoofExsOrAltSkyltSRREnvRpt / ExsOrAltRoofExsOrAltSkyltSRREnvelopeReport  Type: String  iPropID:381  lDBID:50381001 
         Rule NEW:  Roof:EnvRpt / EnvelopeReport  Type: String  iPropID:76  lDBID:61076001 
         Rule NEW:  Roof:EnvRpt_Name / EnvelopeReport_Name  Type: String  iPropID:77  lDBID:61077001 
         Rule NEW:  Roof:EnvRpt_Geom / EnvelopeReport_Geometry  Type: String  iPropID:78  lDBID:61078001 
         Rule NEW:  Roof:EnvRpt_Cons / EnvelopeReport_Construction  Type: String  iPropID:79  lDBID:61079001 
         Rule NEW:  Roof:EnvRpt / EnvelopeReport  Type: String  iPropID:76  lDBID:61076001 
         Rule NEW:  ExtWall:EnvRpt / EnvelopeReport  Type: String  iPropID:88  lDBID:58088001 
         Rule NEW:  ExtWall:EnvRpt_Name / EnvelopeReport_Name  Type: String  iPropID:89  lDBID:58089001 
         Rule NEW:  ExtWall:EnvRpt_Geom / EnvelopeReport_Geometry  Type: String  iPropID:90  lDBID:58090001 
         Rule NEW:  ExtWall:EnvRpt_Cons / EnvelopeReport_Construction  Type: String  iPropID:91  lDBID:58091001 
         Rule NEW:  ExtWall:EnvRpt / EnvelopeReport  Type: String  iPropID:88  lDBID:58088001 
         Rule NEW:  ExtFlr:EnvRpt / EnvelopeReport  Type: String  iPropID:41  lDBID:57041001 
         Rule NEW:  ExtFlr:EnvRpt_Name / EnvelopeReport_Name  Type: String  iPropID:42  lDBID:57042001 
         Rule NEW:  ExtFlr:EnvRpt_Cons / EnvelopeReport_Construction  Type: String  iPropID:43  lDBID:57043001 
         Rule NEW:  ExtFlr:EnvRpt / EnvelopeReport  Type: String  iPropID:41  lDBID:57041001 
         Rule NEW:  UndgrFlr:EnvRpt / EnvelopeReport  Type: String  iPropID:35  lDBID:62035001 
         Rule NEW:  UndgrFlr:EnvRpt_Name / EnvelopeReport_Name  Type: String  iPropID:36  lDBID:62036001 
         Rule NEW:  UndgrFlr:EnvRpt_Geom / EnvelopeReport_Geometry  Type: String  iPropID:37  lDBID:62037001 
         Rule NEW:  UndgrFlr:EnvRpt_Cons / EnvelopeReport_Construction  Type: String  iPropID:38  lDBID:62038001 
         Rule NEW:  UndgrFlr:EnvRpt / EnvelopeReport  Type: String  iPropID:35  lDBID:62035001 
         Rule NEW:  Win:EnvRpt / EnvelopeReport  Type: String  iPropID:87  lDBID:64087001 
         Rule NEW:  Win:EnvRpt_Name / EnvelopeReport_Name  Type: String  iPropID:88  lDBID:64088001 
         Rule NEW:  Win:EnvRpt_Geom / EnvelopeReport_Geometry  Type: String  iPropID:89  lDBID:64089001 
         Rule NEW:  Win:EnvRpt_Cons / EnvelopeReport_Construction  Type: String  iPropID:90  lDBID:64090001 
         Rule NEW:  Win:EnvRpt / EnvelopeReport  Type: String  iPropID:87  lDBID:64087001 
         Rule NEW:  Skylt:EnvRpt / EnvelopeReport  Type: String  iPropID:24  lDBID:65024001 
         Rule NEW:  Skylt:EnvRpt_Name / EnvelopeReport_Name  Type: String  iPropID:25  lDBID:65025001 
         Rule NEW:  Skylt:EnvRpt_Geom / EnvelopeReport_Geometry  Type: String  iPropID:26  lDBID:65026001 
         Rule NEW:  Skylt:EnvRpt_Cons / EnvelopeReport_Construction  Type: String  iPropID:27  lDBID:65027001 
         Rule NEW:  Skylt:EnvRpt / EnvelopeReport  Type: String  iPropID:24  lDBID:65024001 
         Rule NEW:  Ceiling:EnvRpt / EnvelopeReport  Type: String  iPropID:40  lDBID:56040001 
         Rule NEW:  Ceiling:EnvRpt_Name / EnvelopeReport_Name  Type: String  iPropID:41  lDBID:56041001 
         Rule NEW:  Ceiling:EnvRpt_Geom / EnvelopeReport_Geometry  Type: String  iPropID:42  lDBID:56042001 
         Rule NEW:  Ceiling:EnvRpt_Cons / EnvelopeReport_Construction  Type: String  iPropID:43  lDBID:56043001 
         Rule NEW:  Ceiling:EnvRpt / EnvelopeReport  Type: String  iPropID:40  lDBID:56040001 
         Rule NEW:  IntWall:EnvRpt / EnvelopeReport  Type: String  iPropID:43  lDBID:60043001 
         Rule NEW:  IntWall:EnvRpt_Name / EnvelopeReport_Name  Type: String  iPropID:44  lDBID:60044001 
         Rule NEW:  IntWall:EnvRpt_Geom / EnvelopeReport_Geometry  Type: String  iPropID:45  lDBID:60045001 
         Rule NEW:  IntWall:EnvRpt_Cons / EnvelopeReport_Construction  Type: String  iPropID:46  lDBID:60046001 
         Rule NEW:  IntWall:EnvRpt / EnvelopeReport  Type: String  iPropID:43  lDBID:60043001 
         Rule NEW:  IntFlr:EnvRpt / EnvelopeReport  Type: String  iPropID:39  lDBID:59039001 
         Rule NEW:  IntFlr:EnvRpt_Name / EnvelopeReport_Name  Type: String  iPropID:40  lDBID:59040001 
         Rule NEW:  IntFlr:EnvRpt_Cons / EnvelopeReport_Construction  Type: String  iPropID:41  lDBID:59041001 
         Rule NEW:  IntFlr:EnvRpt / EnvelopeReport  Type: String  iPropID:39  lDBID:59039001 
         Rule NEW:  ConsAssm:ConsEnvRpt / EnvelopeReport  Type: String  iPropID:103  lDBID:39103001 
         Rule NEW:  ConsAssm:ConsEnvRpt_Name_1 / EnvelopeReport_Name  Type: String  iPropID:104  lDBID:39104001 
         Rule NEW:  ConsAssm:ConsEnvRpt_Name_2 / EnvelopeReport_Name  Type: String  iPropID:105  lDBID:39105001 
         Rule NEW:  ConsAssm:ConsEnvRpt / EnvelopeReport  Type: String  iPropID:103  lDBID:39103001 
         Rule NEW:  Mat:EnvRpt / EnvelopeReport  Type: String  iPropID:64  lDBID:40064001 
         Rule NEW:  Mat:EnvRpt_Name / EnvelopeReport_Name  Type: String  iPropID:65  lDBID:40065001 
         Rule NEW:  Mat:EnvRpt_Frame / EnvelopeReport_Name  Type: String  iPropID:66  lDBID:40066001 
         Rule NEW:  Mat:EnvRpt / EnvelopeReport  Type: String  iPropID:64  lDBID:40064001 
         done.

Reading rule file: Reporting-HVACSecondaryDet.rule
         Rule NEW:  CoilClg:ZnServed / ZoneServed  Type: String  iPropID:113  lDBID:104113001 
         Rule NEW:  CoilHtg:ZnServed / ZoneServed  Type: String  iPropID:118  lDBID:105118001 
         Rule NEW:  Fan:ZnServed / ZoneServed  Type: String  iPropID:86  lDBID:106086001 
         Rule NEW:  CoilClg:SysServed / SystemServed  Type: String  iPropID:114  lDBID:104114001 
         Rule NEW:  CoilHtg:SysServed / SystemServed  Type: String  iPropID:119  lDBID:105119001 
         Rule NEW:  Fan:SysServed / SystemServed  Type: String  iPropID:87  lDBID:106087001 
         Rule NEW:  CoilClg:SizingRatCalculated / SizingRatioCalculated  Type: Float  iPropID:115  lDBID:104115001 
         Rule NEW:  CoilHtg:SizingRatCalculated / SizingRatioCalculated  Type: Float  iPropID:120  lDBID:105120001 
         Rule NEW:  AirSys:HVACSecRpt / HVACSecondaryReport  Type: String  iPropID:456  lDBID:98456001 
         Rule NEW:  AirSys:HVACSecRpt_Name / HVACSecondaryReport_Name  Type: String  iPropID:457  lDBID:98457001 
         Rule NEW:  AirSys:HVACSecRpt_Part1 / HVACSecondaryReport_Part1  Type: String  iPropID:458  lDBID:98458001 
         Rule NEW:  AirSys:HVACSecRpt_Part2 / HVACSecondaryReport_Part2  Type: String  iPropID:459  lDBID:98459001 
         Rule NEW:  AirSys:HVACSecRpt / HVACSecondaryReport  Type: String  iPropID:456  lDBID:98456001 
         Rule NEW:  ZnSys:HVACSecRpt / HVACSecondaryReport  Type: String  iPropID:444  lDBID:99444001 
         Rule NEW:  ZnSys:HVACSecRpt_Name / HVACSecRpt_Name  Type: String  iPropID:445  lDBID:99445001 
         Rule NEW:  ZnSys:HVACSecRpt_Part1 / HVACSecondaryReport_Part1  Type: String  iPropID:446  lDBID:99446001 
         Rule NEW:  ZnSys:HVACSecRpt_Part2 / HVACSecRpt_Part2  Type: String  iPropID:447  lDBID:99447001 
         Rule NEW:  ZnSys:HVACSecRpt / HVACSecondaryReport  Type: String  iPropID:444  lDBID:99444001 
         Rule NEW:  TrmlUnit:HVACSecRpt / HVACSecondaryReport  Type: String  iPropID:80  lDBID:103080001 
         Rule NEW:  TrmlUnit:HVACSecRpt_Name / HVACSecRpt_Name  Type: String  iPropID:81  lDBID:103081001 
         Rule NEW:  TrmlUnit:HVACSecRpt_Part1 / HVACSecRpt_Part1  Type: String  iPropID:82  lDBID:103082001 
         Rule NEW:  TrmlUnit:HVACSecRpt / HVACSecondaryReport  Type: String  iPropID:80  lDBID:103080001 
         Rule NEW:  CoilClg:HVACSecRpt / HVACSecondaryReport  Type: String  iPropID:116  lDBID:104116001 
         Rule NEW:  CoilClg:HVACSecRpt_Name / HVACSecRpt_Name  Type: String  iPropID:117  lDBID:104117001 
         Rule NEW:  CoilClg:HVACSecRpt_Part1 / HVACSecRpt_Part1  Type: String  iPropID:118  lDBID:104118001 
         Rule NEW:  CoilClg:HVACSecRpt_Part2 / HVACSecRpt_Part2  Type: String  iPropID:119  lDBID:104119001 
         Rule NEW:  CoilClg:HVACSecRpt / HVACSecondaryReport  Type: String  iPropID:116  lDBID:104116001 
         Rule NEW:  CoilHtg:HVACSecRpt / HVACSecondaryReport  Type: String  iPropID:121  lDBID:105121001 
         Rule NEW:  CoilHtg:HVACSecRpt_Name / HVACSecRpt_Name  Type: String  iPropID:122  lDBID:105122001 
         Rule NEW:  CoilHtg:HVACSecRpt_Part1 / HVACSecRpt_Part1  Type: String  iPropID:123  lDBID:105123001 
         Rule NEW:  CoilHtg:HVACSecRpt_Part2 / HVACSecRpt_Part2  Type: String  iPropID:124  lDBID:105124001 
         Rule NEW:  CoilHtg:HVACSecRpt_Part3 / HVACSecRpt_Part3  Type: String  iPropID:125  lDBID:105125001 
         Rule NEW:  CoilHtg:HVACSecRpt / HVACSecondaryReport  Type: String  iPropID:121  lDBID:105121001 
         Rule NEW:  Fan:HVACSecRpt / HVACSecondaryReport  Type: String  iPropID:88  lDBID:106088001 
         Rule NEW:  Fan:HVACSecRpt_Name / HVACSecRpt_Name  Type: String  iPropID:89  lDBID:106089001 
         Rule NEW:  Fan:HVACSecRpt_Part1 / HVACSecRpt_Part1  Type: String  iPropID:90  lDBID:106090001 
         Rule NEW:  Fan:HVACSecRpt / HVACSecondaryReport  Type: String  iPropID:88  lDBID:106088001 
         Rule NEW:  OACtrl:HVACSecRpt / HVACSecondaryReport  Type: String  iPropID:30  lDBID:107030001 
         Rule NEW:  OACtrl:HVACSecRpt_Name / HVACSecRpt_Name  Type: String  iPropID:31  lDBID:107031001 
         Rule NEW:  OACtrl:HVACSecRpt_Part1 / HVACSecRpt_Part1  Type: String  iPropID:32  lDBID:107032001 
         Rule NEW:  OACtrl:HVACSecRpt / HVACSecondaryReport  Type: String  iPropID:30  lDBID:107030001 
         done.

Reading rule file: Reporting-HVACPrimaryDet.rule
         Rule NEW:  FluidSys:SupNumComps / SupplyNumberComponents  Type: Integer  iPropID:223  lDBID:109223001 
         Rule NEW:  FluidSys:SupCompCap / SupplyComponentCapacity  Type: Float  iPropID:224  lDBID:109224001 
         Rule NEW:  FluidSys:SupplyCompFlowRt / SupplyComponentFlowRate  Type: Float  iPropID:225  lDBID:109225001 
         Rule NEW:  FluidSys:DemandNumComps / DemandNumberComponents  Type: Integer  iPropID:226  lDBID:109226001 
         Rule NEW:  FluidSys:DemandCompTotCap / DemandComponentTotalCapacity  Type: Float  iPropID:227  lDBID:109227001 
         Rule NEW:  FluidSys:DemandCompSensCap / DemandComponentSensibleCapacity  Type: Float  iPropID:228  lDBID:109228001 
         Rule NEW:  FluidSys:DemandCompFlowRt / DemandComponentFlowRate  Type: Float  iPropID:229  lDBID:109229001 
         Rule NEW:  FluidSys:HVACPriRpt / FluidSystemReport  Type: String  iPropID:230  lDBID:109230001 
         Rule NEW:  FluidSys:HVACPriRpt_Name / HVACPriRpt_Name  Type: String  iPropID:231  lDBID:109231001 
         Rule NEW:  FluidSys:HVACPriRpt_Part1 / HVACPriRpt_Part1  Type: String  iPropID:232  lDBID:109232001 
         Rule NEW:  FluidSys:HVACPriRpt_Part2 / HVACPriRpt_Part2  Type: String  iPropID:233  lDBID:109233001 
         Rule NEW:  FluidSys:HVACPriRpt / FluidSystemReport  Type: String  iPropID:230  lDBID:109230001 
         Rule NEW:  HtPump:HVACPriRpt / HeatPumpReport  Type: String  iPropID:90  lDBID:117090001 
         Rule NEW:  HtPump:HVACPriRpt_Name / HVACPriRpt_Name  Type: String  iPropID:91  lDBID:117091001 
         Rule NEW:  HtPump:HVACPriRpt_Det / HVACPriRpt_Det  Type: String  iPropID:92  lDBID:117092001 
         Rule NEW:  HtPump:HVACPriRpt / HeatPumpReport  Type: String  iPropID:90  lDBID:117090001 
         Rule NEW:  Blr:HVACPriRpt / BoilerReport  Type: String  iPropID:51  lDBID:114051001 
         Rule NEW:  Blr:HVACPriRpt_Name / HVACPriRpt_Name  Type: String  iPropID:52  lDBID:114052001 
         Rule NEW:  Blr:HVACPriRpt_Det / HVACPriRpt_Det  Type: String  iPropID:53  lDBID:114053001 
         Rule NEW:  Blr:HVACPriRpt / BoilerReport  Type: String  iPropID:51  lDBID:114051001 
         Rule NEW:  Chlr:HVACPriRpt / ChillerReport  Type: String  iPropID:84  lDBID:111084001 
         Rule NEW:  Chlr:HVACPriRpt_Name / HVACPriRpt_Name  Type: String  iPropID:85  lDBID:111085001 
         Rule NEW:  Chlr:HVACPriRpt_Det / HVACPriRpt_Det  Type: String  iPropID:86  lDBID:111086001 
         Rule NEW:  Chlr:HVACPriRpt / ChillerReport  Type: String  iPropID:84  lDBID:111084001 
         Rule NEW:  HtRej:HVACPriRpt / CoolingTowerReport  Type: String  iPropID:60  lDBID:115060001 
         Rule NEW:  HtRej:HVACPriRpt_Name / HVACPriRpt_Name  Type: String  iPropID:61  lDBID:115061001 
         Rule NEW:  HtRej:HVACPriRpt_Det / HVACPriRpt_Det  Type: String  iPropID:62  lDBID:115062001 
         Rule NEW:  HtRej:HVACPriRpt / CoolingTowerReport  Type: String  iPropID:60  lDBID:115060001 
         Rule NEW:  Pump:HVACPriRpt / PumpReport  Type: String  iPropID:39  lDBID:118039001 
         Rule NEW:  Pump:HVACPriRpt_Name / HVACPriRpt_Name  Type: String  iPropID:40  lDBID:118040001 
         Rule NEW:  Pump:HVACPriRpt_Det / HVACPriRpt_Det  Type: String  iPropID:41  lDBID:118041001 
         Rule NEW:  Pump:HVACPriRpt / PumpReport  Type: String  iPropID:39  lDBID:118039001 
         Rule NEW:  WtrHtr:HVACPriRpt / WaterHeaterReport  Type: String  iPropID:209  lDBID:116209001 
         Rule NEW:  WtrHtr:HVACPriRpt_Name / HVACPriRpt_Name  Type: String  iPropID:210  lDBID:116210001 
         Rule NEW:  WtrHtr:HVACPriRpt_Det / HVACPriRpt_Det  Type: String  iPropID:211  lDBID:116211001 
         Rule NEW:  WtrHtr:HVACPriRpt / WaterHeaterReport  Type: String  iPropID:209  lDBID:116209001 
         Rule NEW:  ResWtrHtr:HVACPriRpt / WaterHeaterReport  Type: String  iPropID:129  lDBID:133129001 
         done.

Reading rule file: Reporting-VentilationExhaust.rule
         Rule NEW:  Story:VentExhRpt / VentilationExhaustReport  Type: String  iPropID:235  lDBID:51235001 
         Rule NEW:  Story:VentExhRpt_Name / VentilationExhaustReport_Name  Type: String  iPropID:236  lDBID:51236001 
         Rule NEW:  Story:VentExhRpt_Part1 / VentilationExhaustReport_Part1  Type: String  iPropID:237  lDBID:51237001 
         Rule NEW:  Story:VentExhRpt_Part2 / VentilationExhaustReport_Part2  Type: String  iPropID:238  lDBID:51238001 
         Rule NEW:  Story:VentExhRpt / VentilationExhaustReport  Type: String  iPropID:235  lDBID:51235001 
         Rule NEW:  Spc:VentExhRpt / VentilationExhaustReport  Type: String  iPropID:889  lDBID:53889001 
         Rule NEW:  Spc:VentExhRpt_Name / VentilationExhaustReport_Name  Type: String  iPropID:890  lDBID:53890001 
         Rule NEW:  Spc:VentExhRpt_Part1 / VentilationExhaustReport_Part1  Type: String  iPropID:891  lDBID:53891001 
         Rule NEW:  Spc:VentExhRpt_Part2 / VentilationExhaustReport_Part2  Type: String  iPropID:892  lDBID:53892001 
         Rule NEW:  Spc:VentExhRpt / VentilationExhaustReport  Type: String  iPropID:889  lDBID:53889001 
         Rule NEW:  ThrmlZn:VentExhRpt / VentilationExhaustReport  Type: String  iPropID:477  lDBID:97477001 
         Rule NEW:  ThrmlZn:VentExhRpt_Name / VentilationExhaustReport_Name  Type: String  iPropID:478  lDBID:97478001 
         Rule NEW:  ThrmlZn:VentExhRpt_Part1 / VentilationExhaustReport_Part1  Type: String  iPropID:479  lDBID:97479001 
         Rule NEW:  ThrmlZn:VentExhRpt_Part2 / VentilationExhaustReport_Part2  Type: String  iPropID:480  lDBID:97480001 
         Rule NEW:  ThrmlZn:VentExhRpt / VentilationExhaustReport  Type: String  iPropID:477  lDBID:97477001 
         done.

Reading rule file: Reporting-TableSizing.rule
         Rule NEW:  TrmlUnit:TableName / TableName  Type: String  iPropID:83  lDBID:103083001 
         Rule NEW:  TrmlUnit:HVACSecSizingRpt / HVACSecondarySizingReport  Type: String  iPropID:84  lDBID:103084001 
         Rule NEW:  TrmlUnit:HVACSecSizingRpt_Part1 / HVACSecondarySizingReport_Part1  Type: String  iPropID:85  lDBID:103085001 
         Rule NEW:  TrmlUnit:HVACSecSizingRpt / HVACSecondarySizingReport  Type: String  iPropID:84  lDBID:103084001 
         Rule NEW:  TrmlUnit:HVACSecSizingRpt / HVACSecondarySizingReport  Type: String  iPropID:84  lDBID:103084001 
         Rule NEW:  CoilClg:TableName / TableName  Type: String  iPropID:120  lDBID:104120001 
         Rule NEW:  CoilClg:HVACSecSizingRpt / HVACSecondarySizingReport  Type: String  iPropID:121  lDBID:104121001 
         Rule NEW:  CoilClg:HVACSecSizingRpt_Part1 / HVACSecondarySizingReport_Part1  Type: String  iPropID:122  lDBID:104122001 
         Rule NEW:  CoilClg:HVACSecSizingRpt / HVACSecondarySizingReport  Type: String  iPropID:121  lDBID:104121001 
         Rule NEW:  CoilClg:HVACSecSizingRpt / HVACSecondarySizingReport  Type: String  iPropID:121  lDBID:104121001 
         Rule NEW:  CoilHtg:TableName / TableName  Type: String  iPropID:126  lDBID:105126001 
         Rule NEW:  CoilHtg:HVACSecSizingRpt / HVACSecondarySizingReport  Type: String  iPropID:127  lDBID:105127001 
         Rule NEW:  CoilHtg:HVACSecSizingRpt_Part1 / HVACSecondarySizingReport_Part1  Type: String  iPropID:128  lDBID:105128001 
         Rule NEW:  CoilHtg:HVACSecSizingRpt / HVACSecondarySizingReport  Type: String  iPropID:127  lDBID:105127001 
         Rule NEW:  CoilHtg:HVACSecSizingRpt / HVACSecondarySizingReport  Type: String  iPropID:127  lDBID:105127001 
         Rule NEW:  Fan:TableName / TableName  Type: String  iPropID:91  lDBID:106091001 
         Rule NEW:  Fan:HVACSecSizingRpt / HVACSecondarySizingReport  Type: String  iPropID:92  lDBID:106092001 
         Rule NEW:  Fan:HVACSecSizingRpt_Part1 / HVACSecondarySizingReport_Part1  Type: String  iPropID:93  lDBID:106093001 
         Rule NEW:  Fan:HVACSecSizingRpt / HVACSecondarySizingReport  Type: String  iPropID:92  lDBID:106092001 
         Rule NEW:  Fan:HVACSecSizingRpt / HVACSecondarySizingReport  Type: String  iPropID:92  lDBID:106092001 
         Rule NEW:  OACtrl:TableName / TableName  Type: String  iPropID:33  lDBID:107033001 
         Rule NEW:  OACtrl:HVACSecSizingRpt / HVACSecondarySizingReport  Type: String  iPropID:34  lDBID:107034001 
         Rule NEW:  OACtrl:HVACSecSizingRpt_Part1 / HVACSecondarySizingReport_Part1  Type: String  iPropID:35  lDBID:107035001 
         Rule NEW:  OACtrl:HVACSecSizingRpt / HVACSecondarySizingReport  Type: String  iPropID:34  lDBID:107034001 
         Rule NEW:  OACtrl:HVACSecSizingRpt / HVACSecondarySizingReport  Type: String  iPropID:34  lDBID:107034001 
         done.

Reading rule file: Reporting-FanPowerAdjustment-T24N.rule
         Rule NEW:  AirSys:FanPwrAdjRpt / FanPowerAdjustmentReport  Type: String  iPropID:460  lDBID:98460001 
         Rule NEW:  AirSys:FanPwrAdjRpt_Name / FanPowerAdjustmentReport_Name  Type: String  iPropID:461  lDBID:98461001 
         Rule NEW:  AirSys:FanPwrAdjRpt_Part1 / FanPowerAdjustmentReport_Part1  Type: String  iPropID:462  lDBID:98462001 
         Rule NEW:  AirSys:FanPwrAdjRpt_Part2 / FanPowerAdjustmentReport_Part2  Type: String  iPropID:463  lDBID:98463001 
         Rule NEW:  AirSys:FanPwrAdjRpt_Part3 / FanPowerAdjustmentReport_Part3  Type: String  iPropID:464  lDBID:98464001 
         Rule NEW:  AirSys:FanPwrAdjRpt_Part4 / FanPowerAdjustmentReport_Part4  Type: String  iPropID:465  lDBID:98465001 
         Rule NEW:  AirSys:FanPwrAdjRpt / FanPowerAdjustmentReport  Type: String  iPropID:460  lDBID:98460001 
         Rule NEW:  ZnSys:FanPwrAdjRpt / FanPowerAdjustmentReport  Type: String  iPropID:448  lDBID:99448001 
         Rule NEW:  ZnSys:FanPwrAdjRpt_Name / FanPowerAdjustmentReport_Name  Type: String  iPropID:449  lDBID:99449001 
         Rule NEW:  ZnSys:FanPwrAdjRpt_Part1 / FanPowerAdjustmentReport_Part1  Type: String  iPropID:450  lDBID:99450001 
         Rule NEW:  ZnSys:FanPwrAdjRpt_Part2 / FanPowerAdjustmentReport_Part2  Type: String  iPropID:451  lDBID:99451001 
         Rule NEW:  ZnSys:FanPwrAdjRpt_Part3 / FanPowerAdjustmentReport_Part3  Type: String  iPropID:452  lDBID:99452001 
         Rule NEW:  ZnSys:FanPwrAdjRpt_Part4 / FanPowerAdjustmentReport_Part4  Type: String  iPropID:453  lDBID:99453001 
         Rule NEW:  ZnSys:FanPwrAdjRpt / FanPowerAdjustmentReport  Type: String  iPropID:448  lDBID:99448001 
         Rule NEW:  ThrmlZn:FanPwrAdjRpt / FanPowerAdjustmentReport  Type: String  iPropID:481  lDBID:97481001 
         Rule NEW:  ThrmlZn:FanPwrAdjRpt_Name / FanPowerAdjustmentReport_Name  Type: String  iPropID:482  lDBID:97482001 
         Rule NEW:  ThrmlZn:FanPwrAdjRpt_Part1 / FanPowerAdjustmentReport_Part1  Type: String  iPropID:483  lDBID:97483001 
         Rule NEW:  ThrmlZn:FanPwrAdjRpt_Part2 / FanPowerAdjustmentReport_Part2  Type: String  iPropID:484  lDBID:97484001 
         Rule NEW:  ThrmlZn:FanPwrAdjRpt_Part3 / FanPowerAdjustmentReport_Part3  Type: String  iPropID:485  lDBID:97485001 
         Rule NEW:  ThrmlZn:FanPwrAdjRpt / FanPowerAdjustmentReport  Type: String  iPropID:481  lDBID:97481001 
         done.

Reading rule file: Reporting-PVBattery.rule
         Rule NEW:  Proj:XFormFlag / TransformFlag  Type: Integer  iPropID:777  lDBID:1777001 
         Rule NEW:  Proj:PVBattRptStr / PhotovoltaicBatteryReportString  Type: String  iPropID:922  lDBID:1922001 
         Rule NEW:  Proj:PVBattRptStr / PhotovoltaicBatteryReportString  Type: String  iPropID:922  lDBID:1922001 
         Rule NEW:  Spc:PVBattRptStr / PVBattRptStr  Type: unknown!  iPropID:893  lDBID:53893001 
         Rule NEW:  ResOtherZn:PVBattRptStr / PVBattRptStr  Type: unknown!  iPropID:478  lDBID:71478001 
         Rule NEW:  ResZn:PVBattRptStr / PVBattRptStr  Type: unknown!  iPropID:359  lDBID:70359001 
         Rule NEW:  Proj:PVBattRptStr / PhotovoltaicBatteryReportString  Type: String  iPropID:922  lDBID:1922001 
         Rule NEW:  Proj:PVBattRptStr / PhotovoltaicBatteryReportString  Type: String  iPropID:922  lDBID:1922001 
         done.

Reading rule file: Project-ComplianceFormsMultiFamily.rule
         Rule NEW:  ResOtherZn:ResProjRef / ResidentialProjectReference  Type: ObjectRef (ResProj)  iPropID:479  lDBID:71479001 
         Rule NEW:  ResOtherZn:TriggerNRCAMch02A / TriggerNRCAMch02A  Type: Integer  iPropID:480  lDBID:71480001 
         Rule NEW:  ResOtherZn:NRCAMch02ASysName / NRCAMch02ASystemName  Type: String  iPropID:481  lDBID:71481001 
         Rule NEW:  ResOtherZn:TriggerNRCAMch06A / TriggerNRCAMch06A  Type: Integer  iPropID:482  lDBID:71482001 
         Rule NEW:  ResOtherZn:NRCAMch06ASysName / NRCAMch02ASystemName  Type: String  iPropID:483  lDBID:71483001 
         Rule NEW:  ResHVACSys:ResProjRef / ResidentialProjectReference  Type: ObjectRef (ResProj)  iPropID:367  lDBID:120367001 
         Rule NEW:  ResHVACSys:TriggerNRCAMch03A / TriggerNRCAMch03A  Type: Integer  iPropID:368  lDBID:120368001 
         Rule NEW:  ResHVACSys:TriggerNRCAMch04H / TriggerNRCAMch04H  Type: Integer  iPropID:369  lDBID:120369001 
         Rule NEW:  ResHVACSys:TriggerNRCAMch05A / TriggerNRCAMch05A  Type: Integer  iPropID:370  lDBID:120370001 
         Rule NEW:  ResHVACSys:TriggerNRCAMch07A / TriggerNRCAMch07A  Type: Integer  iPropID:371  lDBID:120371001 
         Rule NEW:  ResHVACSys:TriggerNRCAMch11A / TriggerNRCAMch11A  Type: Integer  iPropID:372  lDBID:120372001 
         Rule NEW:  ResHVACSys:TriggerNRCAMch12A / TriggerNRCAMch12A  Type: Integer  iPropID:373  lDBID:120373001 
         Rule NEW:  ResHVACSys:TriggerNRCAMch13A / TriggerNRCAMch13A  Type: Integer  iPropID:374  lDBID:120374001 
         Rule NEW:  ResHVACSys:TriggerNRCAMch14A / TriggerNRCAMch14A  Type: Integer  iPropID:375  lDBID:120375001 
         Rule NEW:  ResHVACSys:TriggerNRCAMch16A / TriggerNRCAMch16A  Type: Integer  iPropID:376  lDBID:120376001 
         Rule NEW:  ResHVACSys:TriggerNRCAMch18A / TriggerNRCAMch18A  Type: Integer  iPropID:377  lDBID:120377001 
         Rule NEW:  ResHVACSys:TriggerNRCAMch19A / TriggerNRCAMch19A  Type: Integer  iPropID:378  lDBID:120378001 
         Rule NEW:  ResDHWSys:ResProjRef / ProjectReference  Type: ObjectRef (ResProj)  iPropID:269  lDBID:131269001 
         Rule NEW:  ResDHWSys:TriggerNRCAMch09A / TriggerNRCAMch09A  Type: Integer  iPropID:270  lDBID:131270001 
         Rule NEW:  ResDHWSys:TriggerNRCAMch10A / TriggerNRCAMch10A  Type: Integer  iPropID:271  lDBID:131271001 
         Rule NEW:  ResDHWSys:TriggerNRCAMch11A / TriggerNRCAMch11A  Type: Integer  iPropID:272  lDBID:131272001 
         Rule NEW:  ResDHWSys:TriggerNRCAMch15A / TriggerNRCAMch15A  Type: Integer  iPropID:273  lDBID:131273001 
         Rule NEW:  ResDHWSys:TriggerNRCAMch17A / TriggerNRCAMch17A  Type: Integer  iPropID:274  lDBID:131274001 
         Rule NEW:  ResDHWSys:TriggerNRCAMch18A / TriggerNRCAMch18A  Type: Integer  iPropID:275  lDBID:131275001 
         Rule NEW:  ResDHWSys:TriggerNRCAMch24A / TriggerNRCAMch24A  Type: Integer  iPropID:276  lDBID:131276001 
         Rule NEW:  DwellUnitType:ResProjRef / ProjectReference  Type: ObjectRef (ResProj)  iPropID:326  lDBID:69326001 
         Rule NEW:  DwellUnitType:ResNRCAMchSystemName / ResidentialNRCAMchSystemName  Type: String  iPropID:327  lDBID:69327001 
         Rule NEW:  DwellUnitType:ResNRCAMchIAQSystemName / ResidentialNRCAMchIAQSystemName  Type: String  iPropID:328  lDBID:69328001 
         Rule NEW:  DwellUnitType:ResNRCAMchBalancedIAQSystemName / ResidentialNRCAMchBalancedIAQSystemName  Type: String  iPropID:329  lDBID:69329001 
         Rule NEW:  DwellUnitType:TriggerNRCAMch02A / TriggerNRCAMch02A  Type: Integer  iPropID:330  lDBID:69330001 
         Rule NEW:  DwellUnitType:TriggerNRCAMch03A / TriggerNRCAMch03A  Type: Integer  iPropID:331  lDBID:69331001 
         Rule NEW:  DwellUnitType:TriggerNRCAMch04H / TriggerNRCAMch04H  Type: Integer  iPropID:332  lDBID:69332001 
         Rule NEW:  DwellUnitType:TriggerNRCAMch04A / TriggerNRCAMch04A  Type: Integer  iPropID:333  lDBID:69333001 
         Rule NEW:  DwellUnitType:TriggerNRCAMch05A / TriggerNRCAMch05A  Type: Integer  iPropID:334  lDBID:69334001 
         Rule NEW:  DwellUnitType:TriggerNRCAMch06A / TriggerNRCAMch06A  Type: Integer  iPropID:335  lDBID:69335001 
         Rule NEW:  DwellUnitType:TriggerNRCAMch07A / TriggerNRCAMch07A  Type: Integer  iPropID:336  lDBID:69336001 
         Rule NEW:  DwellUnitType:TriggerNRCAMch11A / TriggerNRCAMch11A  Type: Integer  iPropID:337  lDBID:69337001 
         Rule NEW:  DwellUnitType:TriggerNRCAMch12A / TriggerNRCAMch12A  Type: Integer  iPropID:338  lDBID:69338001 
         Rule NEW:  DwellUnitType:TriggerNRCAMch13A / TriggerNRCAMch13A  Type: Integer  iPropID:339  lDBID:69339001 
         Rule NEW:  DwellUnitType:TriggerNRCAMch14A / TriggerNRCAMch14A  Type: Integer  iPropID:340  lDBID:69340001 
         Rule NEW:  DwellUnitType:TriggerNRCAMch16A / TriggerNRCAMch16A  Type: Integer  iPropID:341  lDBID:69341001 
         Rule NEW:  DwellUnitType:TriggerNRCAMch18A / TriggerNRCAMch18A  Type: Integer  iPropID:342  lDBID:69342001 
         Rule NEW:  DwellUnitType:TriggerNRCAMch19A / TriggerNRCAMch19A  Type: Integer  iPropID:343  lDBID:69343001 
         Rule NEW:  DwellUnitType:TriggerNRCAMch20H / TriggerNRCAMch20H  Type: Integer  iPropID:344  lDBID:69344001 
         Rule NEW:  DwellUnitType:TriggerNRCAMch21A / TriggerNRCAMch21A  Type: Integer  iPropID:345  lDBID:69345001 
         Rule NEW:  DwellUnitType:TriggerNRCAMch22A / TriggerNRCAMch22A  Type: Integer  iPropID:346  lDBID:69346001 
         Rule NEW:  DwellUnitType:TriggerNRCAMch23A / TriggerNRCAMch23A  Type: Integer  iPropID:347  lDBID:69347001 
         Rule NEW:  ResProj:NRCAMch02A / NRCAMechanical02A  Type: Integer  iPropID:578  lDBID:2578001 
         Rule NEW:  ResProj:NRCAMch03A / NRCAMechanical03A  Type: Integer  iPropID:579  lDBID:2579001 
         Rule NEW:  ResProj:NRCAMch04A / NRCAMechanical04A  Type: Integer  iPropID:580  lDBID:2580001 
         Rule NEW:  ResProj:NRCAMch05A / NRCAMechanical05A  Type: Integer  iPropID:581  lDBID:2581001 
         Rule NEW:  ResProj:NRCAMch06A / NRCAMechanical06A  Type: Integer  iPropID:582  lDBID:2582001 
         Rule NEW:  ResProj:NRCAMch07A / NRCAMechanical07A  Type: Integer  iPropID:583  lDBID:2583001 
         Rule NEW:  ResProj:NRCAMch09A / NRCAMechanical09A  Type: Integer  iPropID:584  lDBID:2584001 
         Rule NEW:  ResProj:NRCAMch10A / NRCAMechanical10A  Type: Integer  iPropID:585  lDBID:2585001 
         Rule NEW:  ResProj:NRCAMch11A / NRCAMechanical11A  Type: Integer  iPropID:586  lDBID:2586001 
         Rule NEW:  ResProj:NRCAMch12A / NRCAMechanical12A  Type: Integer  iPropID:587  lDBID:2587001 
         Rule NEW:  ResProj:NRCAMch13A / NRCAMechanical13A  Type: Integer  iPropID:588  lDBID:2588001 
         Rule NEW:  ResProj:NRCAMch14A / NRCAMechanical14A  Type: Integer  iPropID:589  lDBID:2589001 
         Rule NEW:  ResProj:NRCAMch15A / NRCAMechanical15A  Type: Integer  iPropID:590  lDBID:2590001 
         Rule NEW:  ResProj:NRCAMch16A / NRCAMechanical16A  Type: Integer  iPropID:591  lDBID:2591001 
         Rule NEW:  ResProj:NRCAMch17A / NRCAMechanical17A  Type: Integer  iPropID:592  lDBID:2592001 
         Rule NEW:  ResProj:NRCAMch18A / NRCAMechanical18A  Type: Integer  iPropID:593  lDBID:2593001 
         Rule NEW:  ResProj:NRCAMch19A / NRCAMechanical19A  Type: Integer  iPropID:594  lDBID:2594001 
         Rule NEW:  ResProj:NRCAMch20H / NRCAMechanical20H  Type: Integer  iPropID:595  lDBID:2595001 
         Rule NEW:  ResProj:NRCAMch21A / NRCAMechanical21A  Type: Integer  iPropID:596  lDBID:2596001 
         Rule NEW:  ResProj:NRCAMch22A / NRCAMechanical22A  Type: Integer  iPropID:597  lDBID:2597001 
         Rule NEW:  ResProj:NRCAMch23A / NRCAMechanical23A  Type: Integer  iPropID:598  lDBID:2598001 
         Rule NEW:  ResProj:NRCAMch24A / NRCAMechanical24A  Type: Integer  iPropID:599  lDBID:2599001 
         done.

Reading rule file: Project-ComplianceForms.rule
         Rule NEW:  AirSys:ProjRef / ProjectReference  Type: ObjectRef (Proj)  iPropID:466  lDBID:98466001 
         Rule NEW:  ZnSys:ProjRef / ProjectReference  Type: ObjectRef (Proj)  iPropID:454  lDBID:99454001 
         Rule NEW:  VRFSys:ProjRef / ProjectReference  Type: ObjectRef (Proj)  iPropID:164  lDBID:100164001 
         Rule NEW:  FluidSys:ProjRef / ProjectReference  Type: ObjectRef (Proj)  iPropID:234  lDBID:109234001 
         Rule NEW:  Proj:DuctStatus / DuctStatus  Type: Integer  iPropID:923  lDBID:1923001 
         Rule NEW:  ResDHWSys:IsDHWSolarSysIncl / IsDomesticHotWaterSolarSystemIncluded  Type: Integer  iPropID:277  lDBID:131277001 
         Rule NEW:  Spc:IsProcKit / IsProcessKitchen  Type: Integer  iPropID:894  lDBID:53894001 
         Rule NEW:  Spc:HasNewComputerRmHVAC / HasNewComputerRoomHVAC  Type: Integer  iPropID:895  lDBID:53895001 
         Rule NEW:  Spc:IsProcLab / IsProcessLaboratory  Type: Integer  iPropID:896  lDBID:53896001 
         Rule NEW:  Spc:IsProcParking / IsProcessParking  Type: Integer  iPropID:897  lDBID:53897001 
         Rule NEW:  AirSys:ResOtherZnRef / AirSystemReference  Type: ObjectRef (AirSys)  iPropID:467  lDBID:98467001 
         Rule NEW:  AirSys:ResOtherZnAreaCheck / ResidentialOtherZoneArea  Type: Integer  iPropID:468  lDBID:98468001 
         Rule NEW:  AirSys:SingleZnSysCheck / SingleZoneSystemCheck  Type: Integer  iPropID:469  lDBID:98469001 
         Rule NEW:  AirSys:ZnServedAreaCheck / ZoneServedAreaCheck  Type: Integer  iPropID:470  lDBID:98470001 
         Rule NEW:  OACtrl:HasEconoCtrls / HasEconomizerControls  Type: Integer  iPropID:36  lDBID:107036001 
         Rule NEW:  ZnSys:SingleZnSysCheck / SingleZoneSystemCheck  Type: Integer  iPropID:455  lDBID:99455001 
         Rule NEW:  ZnSys:ZnServedAreaCheck / ZoneServedAreaCheck  Type: Integer  iPropID:456  lDBID:99456001 
         Rule NEW:  FluidSys:CHWHWPumpVarSpdFlag / ChilledWaterHotWaterPumpVariableSpeedFlag  Type: Integer  iPropID:235  lDBID:109235001 
         Rule NEW:  FluidSys:CWPumpVarSpdFlag / CondenserWaterPumpVariableSpeedFlag  Type: Integer  iPropID:236  lDBID:109236001 
         Rule NEW:  FenCons:IsNFRCRtd / IsNFRCRated  Type: Integer  iPropID:80  lDBID:44080001 
         Rule NEW:  FenCons:IsDefRtd / IsNFRCRated  Type: Integer  iPropID:81  lDBID:44081001 
         Rule NEW:  ResZnGrp:IsWinNew / IsWindowNew  Type: Integer  iPropID:50  lDBID:52050001 
         Rule NEW:  ResZnGrp:IsWinClerestory / IsWindowClerestory  Type: Integer  iPropID:51  lDBID:52051001 
         Rule NEW:  Spc:HasDayltgCtrls / HasDaylightingControls  Type: Integer  iPropID:898  lDBID:53898001 
         Rule NEW:  IntLtgSys:HasLtgCtrls / HasLightingControls  Type: Integer  iPropID:203  lDBID:54203001 
         Rule NEW:  IntLtgSys:HasDayltgCtrls / HasDaylightingControls  Type: Integer  iPropID:204  lDBID:54204001 
         Rule NEW:  IntLtgSys:HasDayltgDevice / HasDaylightDevice  Type: Integer  iPropID:205  lDBID:54205001 
         Rule NEW:  IntLtgSys:HasOccSensorCtrls / HasOccupantSensorControls  Type: Integer  iPropID:206  lDBID:54206001 
         Rule NEW:  IntLtgSys:HasDemandResponseCtrls / HasDemandResponsiveControls  Type: Integer  iPropID:207  lDBID:54207001 
         Rule NEW:  IntLtgSys:HasInstitutionalTuning / HasInstitutionalTuning  Type: Integer  iPropID:208  lDBID:54208001 
         Rule NEW:  Spc:IsVideoconferencingStudio / IsVideoconferencingStudio  Type: Integer  iPropID:899  lDBID:53899001 
         Rule NEW:  IntLtgSys:HasVideoConfAllow / HasVideoConferencingAllowance  Type: Integer  iPropID:209  lDBID:54209001 
         Rule NEW:  Bldg:NRCAMch02A / NRCAMch02A  Type: Integer  iPropID:383  lDBID:50383001 
         Rule NEW:  Bldg:NRCAMch03A / NRCAMch03A  Type: Integer  iPropID:384  lDBID:50384001 
         Rule NEW:  Bldg:NRCAMch04A / NRCAMch04A  Type: Integer  iPropID:385  lDBID:50385001 
         Rule NEW:  Bldg:NRCAMch05A / NRCAMch05A  Type: Integer  iPropID:386  lDBID:50386001 
         Rule NEW:  Bldg:NRCAMch06A / NRCAMch06A  Type: Integer  iPropID:387  lDBID:50387001 
         Rule NEW:  Bldg:NRCAMch07A / NRCAMch07A  Type: Integer  iPropID:388  lDBID:50388001 
         Rule NEW:  Bldg:NRCAMch11A / NRCAMch11A  Type: Integer  iPropID:389  lDBID:50389001 
         Rule NEW:  Bldg:NRCAMch12A / NRCAMch12A  Type: Integer  iPropID:390  lDBID:50390001 
         Rule NEW:  Bldg:NRCAMch13A / NRCAMch13A  Type: Integer  iPropID:391  lDBID:50391001 
         Rule NEW:  Bldg:NRCAMch14A / NRCAMch14A  Type: Integer  iPropID:392  lDBID:50392001 
         Rule NEW:  Bldg:NRCAMch16A / NRCAMch16A  Type: Integer  iPropID:393  lDBID:50393001 
         Rule NEW:  Bldg:NRCAMch18A / NRCAMch18A  Type: Integer  iPropID:394  lDBID:50394001 
         Rule NEW:  Bldg:NRCAMch19A / NRCAMch19A  Type: Integer  iPropID:395  lDBID:50395001 
         Rule NEW:  Proj:HighRiseResLivingUnitCnt / HighRiseResidentialLivingUnitCount  Type: Integer  iPropID:924  lDBID:1924001 
         Rule NEW:  Proj:LowRiseResLivingUnitCnt / LowRiseResidentialLivingUnitCount  Type: Integer  iPropID:925  lDBID:1925001 
         Rule NEW:  Proj:ResLivingUnitCnt / ResidentialLivingUnitCount  Type: Integer  iPropID:926  lDBID:1926001 
         Rule NEW:  Proj:HotelMotelGuestRmCnt / HotelMotelGuestRoomCount  Type: Integer  iPropID:927  lDBID:1927001 
         Rule NEW:  Proj:ResDHWSysIsCentral / ResidentialDomesticHotWaterSystemIsCentral  Type: Integer  iPropID:928  lDBID:1928001 
         Rule NEW:  ResDHWSys:ResDHWSysIsIndividual / ResidentialDomesticHotWaterSystemIsIndividual  Type: Integer  iPropID:278  lDBID:131278001 
         Rule NEW:  Proj:ResDHWSysIsIndividual / ResidentialDomesticHotWaterSystemIsIndividual  Type: Integer  iPropID:929  lDBID:1929001 
         Rule NEW:  Proj:ResDHWHERSChk / ResidentialDomesticHotWaterHeatingHERSCheck  Type: Integer  iPropID:930  lDBID:1930001 
         done.

Reading rule file: Analysis-Control.rule
         Rule NEW:  Proj:SimComFlag / SimComFlag  Type: Integer  iPropID:931  lDBID:1931001 
         Rule NEW:  ResProj:HVACSizingNeeded / HVACSizingNeeded  Type: Integer  iPropID:600  lDBID:2600001 
         Rule NEW:  CoilHtg:ExcludeFromSizing / ExcludeFromSizing  Type: Integer  iPropID:129  lDBID:105129001 
         Rule NEW:  CoilClg:ExcludeFromSizing / ExcludeFromSizing  Type: Integer  iPropID:123  lDBID:104123001 
         Rule NEW:  FluidSeg:CoilsNotExcluded / CoilsNotExcluded  Type: Integer  iPropID:55  lDBID:110055001 
         Rule NEW:  Blr:ExcludeFromSizing / ExcludeFromSizing  Type: Integer  iPropID:54  lDBID:114054001 
         Rule NEW:  Chlr:ExcludeFromSizing / ExcludeFromSizing  Type: Integer  iPropID:87  lDBID:111087001 
         Rule NEW:  HtRej:ExcludeFromSizing / ExcludeFromSizing  Type: Integer  iPropID:63  lDBID:115063001 
         Rule NEW:  ThrmlEngyStor:ExcludeFromSizing / ExcludeFromSizing  Type: Integer  iPropID:43  lDBID:112043001 
         Rule NEW:  HX:ExcludeFromSizing / ExcludeFromSizing  Type: Integer  iPropID:29  lDBID:113029001 
         Rule NEW:  FluidSeg:PriEquipNotExcluded / PrimaryEquipmentNotExcluded  Type: Integer  iPropID:56  lDBID:110056001 
         Rule NEW:  Proj:StdsYr / StandardsYear  Type: Integer  iPropID:932  lDBID:1932001 
         Rule NEW:  Proj:NumAutosizedResHtPumps / NumberAutosizedResidentialHeatPumps  Type: Integer  iPropID:933  lDBID:1933001 
         Rule NEW:  ResHtPumpSys:IsVCHP2 / IsVCHP2  Type: Integer  iPropID:270  lDBID:123270001 
         Rule NEW:  Proj:NumResVCHP2HtPumps / NumberResidentialVCHP2HeatPumps  Type: Integer  iPropID:934  lDBID:1934001 
         Rule NEW:  FluidSys:CSELoadMeterIdx / CSELoadMeterIdx  Type: Integer  iPropID:158  lDBID:109158001 
         Rule NEW:  Proj:CSE_LoadPassingExportFileName / CSE_LoadPassingExportFileName  Type: unknown!  iPropID:935  lDBID:1935001 
         Rule NEW:  AirSys:ExcludeFromEPlus / ExcludeFromEnergyPlus  Type: Integer  iPropID:471  lDBID:98471001 
         Rule NEW:  AirSys:CSE_AirHandlerRef / CSE_AirHandlerReference  Type: ObjectRef (cseAIRHANDLER)  iPropID:472  lDBID:98472001 
         Rule NEW:  cseAIRHANDLER:AirSysRef / AirSystemReference  Type: ObjectRef (AirSys)  iPropID:91  lDBID:192091001 
         Rule NEW:  ResOtherZn:CSE_TerminalRef / CSE_TerminalReference  Type: ObjectRef (cseTERMINAL)  iPropID:484  lDBID:71484001 
         Rule NEW:  cseTERMINAL:ResOtherZnRef / ResidentialOtherZoneReference  Type: ObjectRef (ResOtherZn)  iPropID:17  lDBID:170017001 
         done.

Reading rule file: ModelBackwardCompatibility.rule
         Rule NEW:  Proj:BldgOwnerName / BuildingOwnerName  Type: String  iPropID:936  lDBID:1936001 
         Rule NEW:  Proj:BldgOwnerCompany / BuildingOwnerCompany  Type: String  iPropID:937  lDBID:1937001 
         Rule NEW:  Proj:BldgOwnerAddress / BuildingOwnerAddress  Type: String  iPropID:938  lDBID:1938001 
         Rule NEW:  Proj:BldgOwnerCity / BuildingOwnerCity  Type: String  iPropID:939  lDBID:1939001 
         Rule NEW:  Proj:BldgOwnerState / BuildingOwnerState  Type: String  iPropID:940  lDBID:1940001 
         Rule NEW:  Proj:BldgOwnerZipCode / BuildingOwnerZipCode  Type: String  iPropID:941  lDBID:1941001 
         Rule NEW:  Proj:BldgOwnerPhone / BuildingOwnerPhone  Type: String  iPropID:942  lDBID:1942001 
         Rule NEW:  Proj:SiteFuelType / SiteFuelType  Type: Enumeration  iPropID:943  lDBID:1943001 
         Rule NEW:  ProjVar:ExcptCondCompleteBldg / ExceptionalConditionCompleteBuilding  Type: Enumeration  iPropID:72  lDBID:3072001 
         Rule NEW:  Proj:DHWCalcMthd / DHWCalculationMethod  Type: Enumeration  iPropID:944  lDBID:1944001 
         Rule NEW:  Spc:Status / Status  Type: Enumeration  iPropID:900  lDBID:53900001 
         Rule NEW:  Spc:MandatoryLtgCtrlRpt / MandatoryLightingControlReport  Type: Integer  iPropID:901  lDBID:53901001 
         Rule NEW:  Spc:IntLPDPrescrip / InteriorLightingPowerDensityPrescriptive  Type: Float  iPropID:902  lDBID:53902001 
         Rule NEW:  ResOtherZn:CodeExhFanPwr / CodeExhaustFanPower  Type: Float  iPropID:485  lDBID:71485001 
         Rule NEW:  ResOtherZn:ExhCtrlMthd / ExhaustControlMethod  Type: Enumeration  iPropID:486  lDBID:71486001 
         Rule NEW:  AirSys:DsgnAirFlowMin / DesignAirFlowMinimum  Type: Float  iPropID:473  lDBID:98473001 
         Rule NEW:  ResDHWSys:UseDefaultLps / UseDefaultLoops  Type: Integer  iPropID:279  lDBID:131279001 
         Rule NEW:  ResDHWSys:PumpPwr / PumpPower  Type: Float  iPropID:280  lDBID:131280001 
         done.

Reading rule file: TreeDescriptions.rule
         Rule NEW:  Roof:TreeDescrip / TreeDescrip  Type: String  iPropID:80  lDBID:61080001 
         Rule NEW:  ExtWall:TreeDescrip / TreeDescrip  Type: String  iPropID:92  lDBID:58092001 
         Rule NEW:  ExtFlr:TreeDescrip / TreeDescrip  Type: String  iPropID:44  lDBID:57044001 
         Rule NEW:  Win:TreeDescrip / TreeDescrip  Type: String  iPropID:91  lDBID:64091001 
         Rule NEW:  Skylt:TreeDescrip / TreeDescrip  Type: String  iPropID:28  lDBID:65028001 
         Rule NEW:  Dr:TreeDescrip / TreeDescrip  Type: String  iPropID:32  lDBID:67032001 
         Rule NEW:  Ceiling:TreeDescrip / TreeDescrip  Type: String  iPropID:44  lDBID:56044001 
         Rule NEW:  IntFlr:TreeDescrip / TreeDescrip  Type: String  iPropID:42  lDBID:59042001 
         Rule NEW:  IntWall:TreeDescrip / TreeDescrip  Type: String  iPropID:47  lDBID:60047001 
         Rule NEW:  UndgrFlr:TreeDescrip / TreeDescrip  Type: String  iPropID:39  lDBID:62039001 
         Rule NEW:  UndgrWall:TreeDescrip / TreeDescrip  Type: String  iPropID:24  lDBID:63024001 
         Rule NEW:  Bldg:TreeDescrip / TreeDescrip  Type: String  iPropID:396  lDBID:50396001 
         Rule NEW:  Story:TreeDescrip / TreeDescrip  Type: String  iPropID:239  lDBID:51239001 
         Rule NEW:  Spc:TreeDescrip / TreeDescrip  Type: String  iPropID:903  lDBID:53903001 
         Rule NEW:  ResExtWall:AzimuthLabel / AzimuthLabel  Type: String  iPropID:64  lDBID:78064001 
         Rule NEW:  ResExtWall:TreeDescrip / TreeDescrip  Type: String  iPropID:65  lDBID:78065001 
         Rule NEW:  ResIntWall:TreeDescrip / TreeDescrip  Type: String  iPropID:44  lDBID:79044001 
         Rule NEW:  ResIntWall:TreeDescrip / TreeDescrip  Type: String  iPropID:44  lDBID:79044001 
         Rule NEW:  ResIntWall:TreeDescrip / TreeDescrip  Type: String  iPropID:44  lDBID:79044001 
         Rule NEW:  ResUndgrWall:TreeDescrip / TreeDescrip  Type: String  iPropID:21  lDBID:80021001 
         Rule NEW:  ResUndgrWall:TreeDescrip / TreeDescrip  Type: String  iPropID:21  lDBID:80021001 
         Rule NEW:  ResCathedralCeiling:TreeDescrip / TreeDescrip  Type: String  iPropID:52  lDBID:81052001 
         Rule NEW:  ResCathedralCeiling:TreeDescrip / TreeDescrip  Type: String  iPropID:52  lDBID:81052001 
         Rule NEW:  ResCathedralCeiling:TreeDescrip / TreeDescrip  Type: String  iPropID:52  lDBID:81052001 
         Rule NEW:  ResCeilingBelowAttic:TreeDescrip / TreeDescrip  Type: String  iPropID:62  lDBID:82062001 
         Rule NEW:  ResCeilingBelowAttic:TreeDescrip / TreeDescrip  Type: String  iPropID:62  lDBID:82062001 
         Rule NEW:  ResCeilingBelowAttic:TreeDescrip / TreeDescrip  Type: String  iPropID:62  lDBID:82062001 
         Rule NEW:  ResIntCeiling:TreeDescrip / TreeDescrip  Type: String  iPropID:40  lDBID:83040001 
         Rule NEW:  ResIntCeiling:TreeDescrip / TreeDescrip  Type: String  iPropID:40  lDBID:83040001 
         Rule NEW:  ResIntCeiling:TreeDescrip / TreeDescrip  Type: String  iPropID:40  lDBID:83040001 
         Rule NEW:  ResSlabFlr:TreeDescrip / TreeDescrip  Type: String  iPropID:35  lDBID:84035001 
         Rule NEW:  ResExtFlr:TreeDescrip / TreeDescrip  Type: String  iPropID:29  lDBID:85029001 
         Rule NEW:  ResExtFlr:TreeDescrip / TreeDescrip  Type: String  iPropID:29  lDBID:85029001 
         Rule NEW:  ResFlrOverCrawlSpc:TreeDescrip / TreeDescrip  Type: String  iPropID:25  lDBID:86025001 
         Rule NEW:  ResFlrOverCrawlSpc:TreeDescrip / TreeDescrip  Type: String  iPropID:25  lDBID:86025001 
         Rule NEW:  ResIntFlr:TreeDescrip / TreeDescrip  Type: String  iPropID:44  lDBID:87044001 
         Rule NEW:  ResIntFlr:TreeDescrip / TreeDescrip  Type: String  iPropID:44  lDBID:87044001 
         Rule NEW:  ResIntFlr:TreeDescrip / TreeDescrip  Type: String  iPropID:44  lDBID:87044001 
         Rule NEW:  ResUndgrFlr:TreeDescrip / TreeDescrip  Type: String  iPropID:24  lDBID:88024001 
         Rule NEW:  ResWin:TreeDescrip / TreeDescrip  Type: String  iPropID:83  lDBID:90083001 
         Rule NEW:  ResDr:TreeDescrip / TreeDescrip  Type: String  iPropID:19  lDBID:92019001 
         Rule NEW:  ResDistSys:TreeDescrip / TreeDescrip  Type: String  iPropID:82  lDBID:125082001 
         Rule NEW:  ResFanSys:TreeDescrip / TreeDescrip  Type: String  iPropID:22  lDBID:127022001 
         Rule NEW:  ThrmlZn:TreeDescrip / TreeDescrip  Type: String  iPropID:486  lDBID:97486001 
         Rule NEW:  AirSeg:TreeDescrip / TreeDescrip  Type: String  iPropID:29  lDBID:101029001 
         Rule NEW:  CoilClg:TreeDescrip / TreeDescrip  Type: String  iPropID:124  lDBID:104124001 
         Rule NEW:  CoilHtg:TreeDescrip / TreeDescrip  Type: String  iPropID:130  lDBID:105130001 
         Rule NEW:  Fan:TreeDescrip / TreeDescrip  Type: String  iPropID:94  lDBID:106094001 
         Rule NEW:  TrmlUnit:TreeDescrip / TreeDescrip  Type: String  iPropID:86  lDBID:103086001 
         Rule NEW:  OACtrl:TreeDescrip / TreeDescrip  Type: String  iPropID:37  lDBID:107037001 
         Rule NEW:  EvapClr:TreeDescrip / TreeDescrip  Type: String  iPropID:16  lDBID:102016001 
         Rule NEW:  AirSys:TreeDescrip / TreeDescrip  Type: String  iPropID:474  lDBID:98474001 
         Rule NEW:  ZnSys:TreeDescrip / TreeDescrip  Type: String  iPropID:457  lDBID:99457001 
         Rule NEW:  FluidSys:TreeDescrip / TreeDescrip  Type: String  iPropID:237  lDBID:109237001 
         Rule NEW:  Blr:TreeDescrip / TreeDescrip  Type: String  iPropID:55  lDBID:114055001 
         Rule NEW:  Chlr:TreeDescrip / TreeDescrip  Type: String  iPropID:88  lDBID:111088001 
         Rule NEW:  HtRej:TreeDescrip / TreeDescrip  Type: String  iPropID:64  lDBID:115064001 
         Rule NEW:  Pump:TreeDescrip / TreeDescrip  Type: String  iPropID:42  lDBID:118042001 
         Rule NEW:  ThrmlEngyStor:TreeDescrip / TreeDescrip  Type: String  iPropID:44  lDBID:112044001 
         Rule NEW:  HX:TreeDescrip / TreeDescrip  Type: String  iPropID:30  lDBID:113030001 
         Rule NEW:  WtrHtr:TreeDescrip / TreeDescrip  Type: String  iPropID:212  lDBID:116212001 
         done.

Reading rule file: CALGreen.rule
         Rule NEW:  Proj:CALGreenScreenVal / CALGreenScreenValue  Type: Integer  iPropID:945  lDBID:1945001 
         Rule NEW:  Proj:RuleEvalDuration / RuleEvalDuration  Type: Float  iPropID:714  lDBID:1714001 
         done.

Reading rule file: ZEROCode.rule
         Rule NEW:  Proj:RuleEvalDuration / RuleEvalDuration  Type: Float  iPropID:714  lDBID:1714001 
         done.

Reading rule file: Multifam-BackwardCompat.rule
         Rule NEW:  Story:ResZnGrpRef / ResZnGrpRef  Type: ObjectRef (ResZnGrp)  iPropID:240  lDBID:51240001 
         Rule NEW:  Spc:InclResZones / InclResZones  Type: Integer  iPropID:904  lDBID:53904001 
         Rule NEW:  Spc:ResZnRef / ResZnRef  Type: ObjectRef (ResZn)  iPropID:905  lDBID:53905001 
         done.

Reading rule file: Lighting-ResOtherZn-Allowances_T24N.rule
         Rule NEW:  ResOtherZn:ACMPrkgATMQty / ACMPrkgATMQty  Type: Float  iPropID:487  lDBID:71487001 
         Rule NEW:  ResOtherZn:ACMDetTaskAllow / ACMDetTaskAllow  Type: Float  iPropID:488  lDBID:71488001 
         Rule NEW:  ResOtherZn:ACMSpecTaskAllow / ACMSpecTaskAllow  Type: Float  iPropID:489  lDBID:71489001 
         Rule NEW:  ResOtherZn:ACMDecorativeAllow / ACMDecorativeAllow  Type: Float  iPropID:490  lDBID:71490001 
         Rule NEW:  ResOtherZn:AMCPrecAllow / AMCPrecAllow  Type: Float  iPropID:491  lDBID:71491001 
         Rule NEW:  ResOtherZn:WhtOrChkAllow / WhtOrChkAllow  Type: Float  iPropID:492  lDBID:71492001 
         Rule NEW:  ResOtherZn:ACMVideoAllow / ACMVideoAllow  Type: Float  iPropID:493  lDBID:71493001 
         Rule NEW:  ResOtherZn:ACMPrkgATMAllow / ACMPrkgATMAllow  Type: Float  iPropID:494  lDBID:71494001 
         Rule NEW:  ResOtherZn:ACMPortOffLtgAllow / ACMPortOffLtgAllow  Type: Float  iPropID:495  lDBID:71495001 
         Rule NEW:  ResOtherZn:ACMExtIllumMirrorAllow / ACMExtIllumMirrorAllow  Type: Float  iPropID:496  lDBID:71496001 
         Rule NEW:  ResOtherZn:ACMIntIllumMirrorAllow / ACMIntIllumMirrorAllow  Type: Float  iPropID:497  lDBID:71497001 
         Rule NEW:  ResOtherZn:ACMTransLtgOffAtNightAllow / ACMTransLtgOffAtNightAllow  Type: Float  iPropID:498  lDBID:71498001 
         Rule NEW:  ResOtherZn:ACMTunWhtOrDimToWarmAllow / ACMTunWhtOrDimToWarmAllow  Type: Float  iPropID:499  lDBID:71499001 
         Rule NEW:  ResOtherZn:ACMWallDispAllow / ACMWallDispAllow  Type: Float  iPropID:500  lDBID:71500001 
         Rule NEW:  ResOtherZn:ACMFlrDispTaskTaskAllow / ACMFlrDispTaskTaskAllow  Type: Float  iPropID:501  lDBID:71501001 
         Rule NEW:  ResOtherZn:ACMValDispAllow / ACMValDispAllow  Type: Float  iPropID:502  lDBID:71502001 
         Rule NEW:  ResOtherZn:ACMTotAllowPwr / ACMTotAllowPwr  Type: Float  iPropID:503  lDBID:71503001 
         Rule NEW:  ResOtherZn:ACMTotAllowPwrWithMult / ACMTotAllowPwrWithMult  Type: Float  iPropID:504  lDBID:71504001 
         Rule NEW:  ResOtherZn:CondACMTotAllowPwr / CondACMTotAllowPwr  Type: Float  iPropID:505  lDBID:71505001 
         Rule NEW:  ResOtherZn:CondACMTotAllowPwrWithMult / CondACMTotAllowPwrWithMult  Type: Float  iPropID:506  lDBID:71506001 
         Rule NEW:  ResOtherZn:UncondACMTotAllowPwr / UncondACMTotAllowPwr  Type: Float  iPropID:507  lDBID:71507001 
         Rule NEW:  ResOtherZn:UncondACMTotAllowPwrWithMult / UncondACMTotAllowPwrWithMult  Type: Float  iPropID:508  lDBID:71508001 
         Rule NEW:  ResOtherZn:ACMTotAllowLPD / AreaCategoryMethodTotalAllowanceLightingPowerDensity  Type: Float  iPropID:509  lDBID:71509001 
         Rule NEW:  ResOtherZn:RegAddlAllowPwr / RegulatedAdditionalAllowancePower  Type: Float  iPropID:510  lDBID:71510001 
         Rule NEW:  ResOtherZn:RegAddlAllowFlag / RegulatedAdditionalAllowanceFlag  Type: Integer  iPropID:511  lDBID:71511001 
         done.

Reading rule file: Lighting-ResOtherZn-General.rule
         Rule NEW:  ResOtherZn:IntLtgSysChildren / IntLtgSysChildren  Type: Integer  iPropID:512  lDBID:71512001 
         Rule NEW:  ResOtherZn:NewLumCnt / NewLuminaireCount  Type: Integer  iPropID:513  lDBID:71513001 
         Rule NEW:  ResOtherZn:AltLumCnt / AlteredLumCount  Type: Integer  iPropID:514  lDBID:71514001 
         Rule NEW:  ResOtherZn:ExistLumCnt / ExistingLuminaireCount  Type: Integer  iPropID:515  lDBID:71515001 
         Rule NEW:  ResOtherZn:FutureLumCnt / FutureLuminaireCount  Type: Integer  iPropID:516  lDBID:71516001 
         Rule NEW:  ResOtherZn:TotLumCnt / TotalLuminaireCount  Type: Integer  iPropID:517  lDBID:71517001 
         Rule NEW:  ResOtherZn:AltLumFrac / AlteredLuminaireFraction  Type: Float  iPropID:518  lDBID:71518001 
         Rule NEW:  ResOtherZn:SpcOverallLumStatus / SpaceOverallLuminaireStatus  Type: String  iPropID:519  lDBID:71519001 
         Rule NEW:  ResOtherZn:DefaultLtgStatus / DefaultLightingStatus  Type: Enumeration  iPropID:520  lDBID:71520001 
         Rule NEW:  ResOtherZn:LtgStatus / LtgStatus  Type: Enumeration  iPropID:521  lDBID:71521001 
         Rule NEW:  ResOtherZn:IsValidLtgStatus / IsValidLightingStatus  Type: Integer  iPropID:522  lDBID:71522001 
         Rule NEW:  ResOtherZn:LtgStatusForComp / StatusForCompliance  Type: String  iPropID:523  lDBID:71523001 
         Rule NEW:  ResOtherZn:IsNewLtg / IsNewLighting  Type: Integer  iPropID:524  lDBID:71524001 
         Rule NEW:  ResOtherZn:IsAlteredLtg / IsAlteredLighting  Type: Integer  iPropID:525  lDBID:71525001 
         Rule NEW:  ResOtherZn:IsExistingLtg / IsExistingLighting  Type: Integer  iPropID:526  lDBID:71526001 
         Rule NEW:  ResOtherZn:IsFutureLtg / IsExistingLighting  Type: Integer  iPropID:527  lDBID:71527001 
         Rule NEW:  ResOtherZn:ApplyStdLtg / ApplyStandardLighting  Type: Integer  iPropID:528  lDBID:71528001 
         Rule NEW:  ResOtherZn:ACMBaseGenLPD / AreaCategoryMethodGeneralLPD  Type: Float  iPropID:529  lDBID:71529001 
         Rule NEW:  ResOtherZn:ACMBaseGenPwr / AreaCategoryMethodGeneralPower  Type: Float  iPropID:530  lDBID:71530001 
         Rule NEW:  ResOtherZn:RegBaseGenLPD / RegulatedBaselineGeneralLightingPowerDensity  Type: Float  iPropID:531  lDBID:71531001 
         Rule NEW:  ResOtherZn:RegBaseGenPwr / RegulatedBaselineGeneralPower  Type: Float  iPropID:532  lDBID:71532001 
         Rule NEW:  ResOtherZn:RegGenAddlAllowPwr / RegulatedGeneralAdditionalAllowancePower  Type: Float  iPropID:533  lDBID:71533001 
         Rule NEW:  ResWin:MinPresVT / MinimumPrescriptiveVisibleTransmittance  Type: Float  iPropID:84  lDBID:90084001 
         Rule NEW:  ResWin:LowVTLPDAdjFlag / LowVisibleTransmittanceLPDAdjustmentFlag  Type: Integer  iPropID:85  lDBID:90085001 
         Rule NEW:  ResOtherZn:LowVTLPDAdj / LowVisibleTransmittanceLPDAdjustment  Type: Float  iPropID:534  lDBID:71534001 
         Rule NEW:  ResOtherZn:RegLtgPwr / RegLtgPwr  Type: Float  iPropID:535  lDBID:71535001 
         Rule NEW:  ResOtherZn:LPDUIDispToggle / LightingPowerDensityUIDisplayToggle  Type: Integer  iPropID:536  lDBID:71536001 
         Rule NEW:  ResOtherZn:IntLtgRegEndUseCat / IntLtgRegEndUseCat  Type: Enumeration  iPropID:537  lDBID:71537001 
         Rule NEW:  ResOtherZn:RegInstLtgPwr / RegulatedInstalledLightingPower  Type: Float  iPropID:538  lDBID:71538001 
         Rule NEW:  ResOtherZn:RegInstLPD / RegulatedInstalledLightingPowerDensity  Type: Float  iPropID:539  lDBID:71539001 
         Rule NEW:  ResOtherZn:RegLtgPwrFlag / RegulatedLightingPowerFlag  Type: Integer  iPropID:540  lDBID:71540001 
         Rule NEW:  ResOtherZn:NonRegLtgPwrFlag / NonRegulatedLightingPowerFlag  Type: Integer  iPropID:541  lDBID:71541001 
         Rule NEW:  ResOtherZn:ZeroLtgPwrFlag / ZeroLightingPowerFlag  Type: Integer  iPropID:542  lDBID:71542001 
         done.

Reading rule file: Project-NRCCPRF.rule
         Rule NEW:  nrccSection_C22Result8:noXMLoutput_EnergySumStandard / noXMLoutput_EnergySumStandard  Type: Float  iPropID:9  lDBID:220009001 
         Rule NEW:  nrccSection_C22Result8:noXMLoutput_PV1_EnergySumStandard / noXMLoutput_PV1_EnergySumStandard  Type: Float  iPropID:10  lDBID:220010001 
         Rule NEW:  nrccSection_C22Result8:noXMLoutput_Flex1_EnergySumStandard / noXMLoutput_Flex1_EnergySumStandard  Type: Float  iPropID:11  lDBID:220011001 
         Rule NEW:  nrccSection_C22Result8:noXMLoutput_EnergySumStandardMBtu / noXMLoutput_EnergySumStandardMBtu  Type: Float  iPropID:12  lDBID:220012001 
         Rule NEW:  nrccSection_C22Result8:noXMLoutput_EnergySumProposed / noXMLoutput_EnergySumProposed  Type: Float  iPropID:13  lDBID:220013001 
         Rule NEW:  nrccSection_C22Result8:noXMLoutput_PV1_EnergySumProposed / noXMLoutput_PV1_EnergySumProposed  Type: Float  iPropID:14  lDBID:220014001 
         Rule NEW:  nrccSection_C22Result8:noXMLoutput_Flex1_EnergySumProposed / noXMLoutput_Flex1_EnergySumProposed  Type: Float  iPropID:15  lDBID:220015001 
         Rule NEW:  nrccSection_C22Result8:noXMLoutput_EnergySumProposedMBtu / noXMLoutput_EnergySumProposedMBtu  Type: Float  iPropID:16  lDBID:220016001 
         Rule NEW:  ThrmlZn:nrcctblRowUMLHC22Ref / nrcctblRowUMLHC22Ref  Type: ObjectRef (nrcctblRowUMLHC22)  iPropID:487  lDBID:97487001 
         Rule NEW:  nrcctblRowUMLHC22:noXMLoutput_ThrmlZnRef / noXMLoutput_ThrmlZnRef  Type: ObjectRef (ThrmlZn)  iPropID:6  lDBID:223006001 
         Rule NEW:  ThrmlZn:nrcctblRowUMLHRef / nrcctblRowUMLHRef  Type: ObjectRef (nrcctblRowUMLH)  iPropID:488  lDBID:97488001 
         Rule NEW:  nrcctblRowUMLH:noXMLoutput_ThrmlZnRef / noXMLoutput_ThrmlZnRef  Type: ObjectRef (ThrmlZn)  iPropID:6  lDBID:229006001 
         done.

Reading rule file: Envelope-NRCCPRF.rule
         Rule NEW:  Spc:nrcctblRowBatExceptRef / nrcctblRowBatExceptRef  Type: ObjectRef (nrcctblRowBatExcept)  iPropID:906  lDBID:53906001 
         Rule NEW:  nrcctblRowBatExcept:noXMLoutput_SpcRef / noXMLoutput_SpcRef  Type: ObjectRef (Spc)  iPropID:4  lDBID:252004001 
         Rule NEW:  ResOtherZn:nrcctblRowBatExceptRef / nrcctblRowBatExceptRef  Type: ObjectRef (nrcctblRowBatExcept)  iPropID:543  lDBID:71543001 
         Rule NEW:  nrcctblRowBatExcept:noXMLoutput_ResOtherZnRef / noXMLoutput_ResOtherZnRef  Type: ObjectRef (ResOtherZn)  iPropID:5  lDBID:252005001 
         Rule NEW:  ConsAssm:nrcctblRowCRRCRef / nrcctblRowCRRCRef  Type: ObjectRef (nrcctblRowCRRC)  iPropID:106  lDBID:39106001 
         Rule NEW:  nrcctblRowCRRC:noXMLoutput_ConsAssmRef / noXMLoutput_ConsAssmRef  Type: ObjectRef (ConsAssm)  iPropID:9  lDBID:256009001 
         Rule NEW:  ResCathedralCeiling:nrcctblRowCRRCmfRef / nrcctblRowCRRCmfRef  Type: ObjectRef (nrcctblRowCRRCmf)  iPropID:53  lDBID:81053001 
         Rule NEW:  nrcctblRowCRRCmf:noXMLoutput_ResCathedralCeilingRef / noXMLoutput_ResCathedralCeilingRef  Type: ObjectRef (ResCathedralCeiling)  iPropID:8  lDBID:259008001 
         Rule NEW:  ResAttic:nrcctblRowCRRCmfRef / nrcctblRowCRRCmfRef  Type: ObjectRef (nrcctblRowCRRCmf)  iPropID:72  lDBID:73072001 
         Rule NEW:  nrcctblRowCRRCmf:noXMLoutput_ResAtticRef / noXMLoutput_ResAtticRef  Type: ObjectRef (ResAttic)  iPropID:9  lDBID:259009001 
         Rule NEW:  Story:nrcctblRowAirBarRef / nrcctblRowAirBarRef  Type: ObjectRef (nrcctblRowAirBar)  iPropID:241  lDBID:51241001 
         Rule NEW:  nrcctblRowAirBar:noXMLoutput_StoryRef / noXMLoutput_StoryRef  Type: ObjectRef (Story)  iPropID:3  lDBID:265003001 
         Rule NEW:  ConsAssm:nrcctblRowOpaqRef / nrcctblRowOpaqRef  Type: ObjectRef (nrcctblRowOpaq)  iPropID:107  lDBID:39107001 
         Rule NEW:  nrcctblRowOpaq:noXMLoutput_ConsAssmRef / noXMLoutput_ConsAssmRef  Type: ObjectRef (ConsAssm)  iPropID:19  lDBID:268019001 
         Rule NEW:  ConsAssm:nrccOpaq09Ref / nrccOpaq09Ref  Type: ObjectRef (nrccOpaq09)  iPropID:108  lDBID:39108001 
         Rule NEW:  nrccOpaq09:noXMLoutput_ConsAssmRef / noXMLoutput_ConsAssmRef  Type: ObjectRef (ConsAssm)  iPropID:1  lDBID:269001001 
         Rule NEW:  ConsAssm:nrccOpaq09SlabRef / nrccOpaq09SlabRef  Type: ObjectRef (nrccOpaq09Slab)  iPropID:109  lDBID:39109001 
         Rule NEW:  nrccOpaq09Slab:noXMLoutput_ConsAssmRef / noXMLoutput_ConsAssmRef  Type: ObjectRef (ConsAssm)  iPropID:4  lDBID:270004001 
         Rule NEW:  ConsAssm:nrccOpaq09LayersRef / nrccOpaq09LayersRef  Type: ObjectRef (nrccOpaq09Layers)  iPropID:110  lDBID:39110001 
         Rule NEW:  nrccOpaq09Layers:noXMLoutput_ConsAssmRef / noXMLoutput_ConsAssmRef  Type: ObjectRef (ConsAssm)  iPropID:31  lDBID:271031001 
         Rule NEW:  ResConsAssm:nrcctblRowOpaqRef / nrcctblRowOpaqRef  Type: ObjectRef (nrcctblRowOpaq)  iPropID:157  lDBID:41157001 
         Rule NEW:  nrcctblRowOpaq:noXMLoutput_ResConsAssmRef / noXMLoutput_ResConsAssmRef  Type: ObjectRef (ResConsAssm)  iPropID:20  lDBID:268020001 
         Rule NEW:  ResConsAssm:nrccOpaq09Ref / nrccOpaq09Ref  Type: ObjectRef (nrccOpaq09)  iPropID:158  lDBID:41158001 
         Rule NEW:  nrccOpaq09:noXMLoutput_ResConsAssmRef / noXMLoutput_ResConsAssmRef  Type: ObjectRef (ResConsAssm)  iPropID:2  lDBID:269002001 
         Rule NEW:  ResConsAssm:nrccOpaq09LayersRef / nrccOpaq09LayersRef  Type: ObjectRef (nrccOpaq09Layers)  iPropID:159  lDBID:41159001 
         Rule NEW:  nrccOpaq09Layers:noXMLoutput_ResConsAssmRef / noXMLoutput_ResConsAssmRef  Type: ObjectRef (ResConsAssm)  iPropID:32  lDBID:271032001 
         Rule NEW:  DrCons:nrcctblRowDoorRef / nrcctblRowDoorRef  Type: ObjectRef (nrcctblRowDoor)  iPropID:15  lDBID:45015001 
         Rule NEW:  nrcctblRowDoor:noXMLoutput_DrConsRef / noXMLoutput_DrConsRef  Type: ObjectRef (DrCons)  iPropID:5  lDBID:274005001 
         Rule NEW:  FenCons:nrcctblRowFenRef / nrcctblRowFenRef  Type: ObjectRef (nrcctblRowFen)  iPropID:82  lDBID:44082001 
         Rule NEW:  nrcctblRowFen:noXMLoutput_FenConsRef / noXMLoutput_FenConsRef  Type: ObjectRef (FenCons)  iPropID:30  lDBID:280030001 
         Rule NEW:  Win:nrcctblRowOverHangRef / nrcctblRowOverHangRef  Type: ObjectRef (nrcctblRowOverHang)  iPropID:92  lDBID:64092001 
         Rule NEW:  nrcctblRowOverHang:noXMLoutput_WinRef / noXMLoutput_WinRef  Type: ObjectRef (Win)  iPropID:9  lDBID:286009001 
         Rule NEW:  ResWin:nrcctblRowOverHangRef / nrcctblRowOverHangRef  Type: ObjectRef (nrcctblRowOverHang)  iPropID:86  lDBID:90086001 
         Rule NEW:  nrcctblRowOverHang:noXMLoutput_ResWinRef / noXMLoutput_ResWinRef  Type: ObjectRef (ResWin)  iPropID:10  lDBID:286010001 
         Rule NEW:  Win:nrcctblRowFinsRef / nrcctblRowFinsRef  Type: ObjectRef (nrcctblRowFins)  iPropID:93  lDBID:64093001 
         Rule NEW:  nrcctblRowFins:noXMLoutput_WinRef / noXMLoutput_WinRef  Type: ObjectRef (Win)  iPropID:8  lDBID:289008001 
         Rule NEW:  ResWin:nrcctblRowFinsRef / nrcctblRowFinsRef  Type: ObjectRef (nrcctblRowFins)  iPropID:87  lDBID:90087001 
         Rule NEW:  nrcctblRowFins:noXMLoutput_ResWinRef / noXMLoutput_ResWinRef  Type: ObjectRef (ResWin)  iPropID:9  lDBID:289009001 
         done.

Reading rule file: HVAC-NRCCPRF.rule
         Rule NEW:  AirSys:nrcctblRowHvacDryRef / nrcctblRowHvacDryRef  Type: ObjectRef (nrcctblRowHvacDry)  iPropID:475  lDBID:98475001 
         Rule NEW:  nrcctblRowHvacDry:noXMLoutput_AirSysRef / noXMLoutput_AirSysRef  Type: ObjectRef (AirSys)  iPropID:18  lDBID:292018001 
         Rule NEW:  AirSys:nrccHvacDry06bRef / nrccHvacDry06bRef  Type: ObjectRef (nrccHvacDry06b)  iPropID:476  lDBID:98476001 
         Rule NEW:  nrccHvacDry06b:noXMLoutput_AirSysRef / noXMLoutput_AirSysRef  Type: ObjectRef (AirSys)  iPropID:6  lDBID:293006001 
         Rule NEW:  AirSys:nrccHvacDry06cRef / nrccHvacDry06cRef  Type: ObjectRef (nrccHvacDry06c)  iPropID:477  lDBID:98477001 
         Rule NEW:  nrccHvacDry06c:noXMLoutput_AirSysRef / noXMLoutput_AirSysRef  Type: ObjectRef (AirSys)  iPropID:3  lDBID:294003001 
         Rule NEW:  AirSys:nrccHvacDry08bRef / nrccHvacDry08bRef  Type: ObjectRef (nrccHvacDry08b)  iPropID:478  lDBID:98478001 
         Rule NEW:  nrccHvacDry08b:noXMLoutput_AirSysRef / noXMLoutput_AirSysRef  Type: ObjectRef (AirSys)  iPropID:6  lDBID:295006001 
         Rule NEW:  AirSys:nrccHvacDry08cRef / nrccHvacDry08cRef  Type: ObjectRef (nrccHvacDry08c)  iPropID:479  lDBID:98479001 
         Rule NEW:  nrccHvacDry08c:noXMLoutput_AirSysRef / noXMLoutput_AirSysRef  Type: ObjectRef (AirSys)  iPropID:3  lDBID:296003001 
         Rule NEW:  ZnSys:nrcctblRowHvacDryRef / nrcctblRowHvacDryRef  Type: ObjectRef (nrcctblRowHvacDry)  iPropID:458  lDBID:99458001 
         Rule NEW:  nrcctblRowHvacDry:noXMLoutput_ZnSysRef / noXMLoutput_ZnSysRef  Type: ObjectRef (ZnSys)  iPropID:19  lDBID:292019001 
         Rule NEW:  ZnSys:nrccHvacDry06bRef / nrccHvacDry06bRef  Type: ObjectRef (nrccHvacDry06b)  iPropID:459  lDBID:99459001 
         Rule NEW:  nrccHvacDry06b:noXMLoutput_ZnSysRef / noXMLoutput_ZnSysRef  Type: ObjectRef (ZnSys)  iPropID:7  lDBID:293007001 
         Rule NEW:  ZnSys:nrccHvacDry06cRef / nrccHvacDry06cRef  Type: ObjectRef (nrccHvacDry06c)  iPropID:460  lDBID:99460001 
         Rule NEW:  nrccHvacDry06c:noXMLoutput_ZnSysRef / noXMLoutput_ZnSysRef  Type: ObjectRef (ZnSys)  iPropID:4  lDBID:294004001 
         Rule NEW:  ZnSys:nrccHvacDry08bRef / nrccHvacDry08bRef  Type: ObjectRef (nrccHvacDry08b)  iPropID:461  lDBID:99461001 
         Rule NEW:  nrccHvacDry08b:noXMLoutput_ZnSysRef / noXMLoutput_ZnSysRef  Type: ObjectRef (ZnSys)  iPropID:7  lDBID:295007001 
         Rule NEW:  ZnSys:nrccHvacDry08cRef / nrccHvacDry08cRef  Type: ObjectRef (nrccHvacDry08c)  iPropID:462  lDBID:99462001 
         Rule NEW:  nrccHvacDry08c:noXMLoutput_ZnSysRef / noXMLoutput_ZnSysRef  Type: ObjectRef (ZnSys)  iPropID:4  lDBID:296004001 
         Rule NEW:  VRFSys:nrcctblRowHvacDryRef / nrcctblRowHvacDryRef  Type: ObjectRef (nrcctblRowHvacDry)  iPropID:165  lDBID:100165001 
         Rule NEW:  nrcctblRowHvacDry:noXMLoutput_VRFSysRef / noXMLoutput_VRFSysRef  Type: ObjectRef (VRFSys)  iPropID:20  lDBID:292020001 
         Rule NEW:  VRFSys:nrccHvacDry06bRef / nrccHvacDry06bRef  Type: ObjectRef (nrccHvacDry06b)  iPropID:166  lDBID:100166001 
         Rule NEW:  nrccHvacDry06b:noXMLoutput_VRFSysRef / noXMLoutput_VRFSysRef  Type: ObjectRef (VRFSys)  iPropID:8  lDBID:293008001 
         Rule NEW:  VRFSys:nrccHvacDry06cRef / nrccHvacDry06cRef  Type: ObjectRef (nrccHvacDry06c)  iPropID:167  lDBID:100167001 
         Rule NEW:  nrccHvacDry06c:noXMLoutput_VRFSysRef / noXMLoutput_VRFSysRef  Type: ObjectRef (VRFSys)  iPropID:5  lDBID:294005001 
         Rule NEW:  VRFSys:nrccHvacDry08bRef / nrccHvacDry08bRef  Type: ObjectRef (nrccHvacDry08b)  iPropID:168  lDBID:100168001 
         Rule NEW:  nrccHvacDry08b:noXMLoutput_VRFSysRef / noXMLoutput_VRFSysRef  Type: ObjectRef (VRFSys)  iPropID:8  lDBID:295008001 
         Rule NEW:  VRFSys:nrccHvacDry08cRef / nrccHvacDry08cRef  Type: ObjectRef (nrccHvacDry08c)  iPropID:169  lDBID:100169001 
         Rule NEW:  nrccHvacDry08c:noXMLoutput_VRFSysRef / noXMLoutput_VRFSysRef  Type: ObjectRef (VRFSys)  iPropID:5  lDBID:296005001 
         Rule NEW:  VRFSys:nrccHvacDry08dRef / nrccHvacDry08dRef  Type: ObjectRef (nrccHvacDry08d)  iPropID:170  lDBID:100170001 
         Rule NEW:  nrccHvacDry08d:noXMLoutput_VRFSysRef / noXMLoutput_VRFSysRef  Type: ObjectRef (VRFSys)  iPropID:3  lDBID:297003001 
         Rule NEW:  ResSCSysRpt:nrcctblRowHvacdwellRef / nrcctblRowHvacdwellRef  Type: ObjectRef (nrcctblRowHvacdwell)  iPropID:76  lDBID:181076001 
         Rule NEW:  nrcctblRowHvacdwell:noXMLoutput_ResSCSysRptRef / noXMLoutput_ResSCSysRptRef  Type: ObjectRef (ResSCSysRpt)  iPropID:62  lDBID:300062001 
         Rule NEW:  ResSCSysRpt:nrccHvacdwellCoolEfficRef / nrccHvacdwellCoolEfficRef  Type: ObjectRef (nrccHvacdwellCoolEffic)  iPropID:77  lDBID:181077001 
         Rule NEW:  nrccHvacdwellCoolEffic:noXMLoutput_ResSCSysRptRef / noXMLoutput_ResSCSysRptRef  Type: ObjectRef (ResSCSysRpt)  iPropID:1  lDBID:301001001 
         Rule NEW:  ResSCSysRpt:nrccHvacdwellSingleEfficRef / nrccHvacdwellSingleEfficRef  Type: ObjectRef (nrccHvacdwellSingleEffic)  iPropID:78  lDBID:181078001 
         Rule NEW:  nrccHvacdwellSingleEffic:noXMLoutput_ResSCSysRptRef / noXMLoutput_ResSCSysRptRef  Type: ObjectRef (ResSCSysRpt)  iPropID:15  lDBID:302015001 
         Rule NEW:  ResSCSysRpt:nrccHvacdwellEER_SEERRef / nrccHvacdwellEER_SEERRef  Type: ObjectRef (nrccHvacdwellEER_SEER)  iPropID:79  lDBID:181079001 
         Rule NEW:  nrccHvacdwellEER_SEER:noXMLoutput_ResSCSysRptRef / noXMLoutput_ResSCSysRptRef  Type: ObjectRef (ResSCSysRpt)  iPropID:11  lDBID:303011001 
         Rule NEW:  ResSCSysRpt:nrccHvacdwellCoolEffic_NotApplicableRef / nrccHvacdwellCoolEffic_NotApplicableRef  Type: ObjectRef (nrccHvacdwellCoolEffic_NotApplicable)  iPropID:80  lDBID:181080001 
         Rule NEW:  nrccHvacdwellCoolEffic_NotApplicable:noXMLoutput_ResSCSysRptRef / noXMLoutput_ResSCSysRptRef  Type: ObjectRef (ResSCSysRpt)  iPropID:3  lDBID:304003001 
         Rule NEW:  ResSCSysRpt:nrcctblRowDFHPRef / nrcctblRowDFHPRef  Type: ObjectRef (nrcctblRowDFHP)  iPropID:81  lDBID:181081001 
         Rule NEW:  nrcctblRowDFHP:noXMLoutput_ResSCSysRptRef / noXMLoutput_ResSCSysRptRef  Type: ObjectRef (ResSCSysRpt)  iPropID:19  lDBID:306019001 
         Rule NEW:  ResSCSysRpt:nrccCoolingEfficDfhpRef / nrccCoolingEfficDfhpRef  Type: ObjectRef (nrccCoolingEfficDfhp)  iPropID:82  lDBID:181082001 
         Rule NEW:  nrccCoolingEfficDfhp:noXMLoutput_ResSCSysRptRef / noXMLoutput_ResSCSysRptRef  Type: ObjectRef (ResSCSysRpt)  iPropID:1  lDBID:307001001 
         Rule NEW:  ResSCSysRpt:nrccCoolingSingleEfficDfhpRef / nrccCoolingSingleEfficDfhpRef  Type: ObjectRef (nrccCoolingSingleEfficDfhp)  iPropID:83  lDBID:181083001 
         Rule NEW:  nrccCoolingSingleEfficDfhp:noXMLoutput_ResSCSysRptRef / noXMLoutput_ResSCSysRptRef  Type: ObjectRef (ResSCSysRpt)  iPropID:16  lDBID:308016001 
         Rule NEW:  ResSCSysRpt:nrccCoolingEER_IEER_DfhpRef / nrccCoolingEER_IEER_DfhpRef  Type: ObjectRef (nrccCoolingEER_IEER_Dfhp)  iPropID:84  lDBID:181084001 
         Rule NEW:  nrccCoolingEER_IEER_Dfhp:noXMLoutput_ResSCSysRptRef / noXMLoutput_ResSCSysRptRef  Type: ObjectRef (ResSCSysRpt)  iPropID:11  lDBID:309011001 
         Rule NEW:  ResOtherZn:StoreUserResHVACSysRef / StoreUserResHVACSysRef  Type: ObjectRef (ResHVACSys)  iPropID:544  lDBID:71544001 
         Rule NEW:  ResHVACSys:nrcctblRowHvacCommonMFRef / nrcctblRowHvacCommonMFRef  Type: ObjectRef (nrcctblRowHvacCommonMF)  iPropID:379  lDBID:120379001 
         Rule NEW:  nrcctblRowHvacCommonMF:noXMLoutput_ResHVACSysRef / noXMLoutput_ResHVACSysRef  Type: ObjectRef (ResHVACSys)  iPropID:60  lDBID:311060001 
         Rule NEW:  ResHVACSys:nrccHvacCommonMFCoolEfficRef / nrccHvacCommonMFCoolEfficRef  Type: ObjectRef (nrccHvacCommonMFCoolEffic)  iPropID:380  lDBID:120380001 
         Rule NEW:  nrccHvacCommonMFCoolEffic:noXMLoutput_ResHVACSysRef / noXMLoutput_ResHVACSysRef  Type: ObjectRef (ResHVACSys)  iPropID:1  lDBID:312001001 
         Rule NEW:  ResHVACSys:nrccHvacCommonMFSingleEfficRef / nrccHvacCommonMFSingleEfficRef  Type: ObjectRef (nrccHvacCommonMFSingleEffic)  iPropID:381  lDBID:120381001 
         Rule NEW:  nrccHvacCommonMFSingleEffic:noXMLoutput_ResHVACSysRef / noXMLoutput_ResHVACSysRef  Type: ObjectRef (ResHVACSys)  iPropID:15  lDBID:313015001 
         Rule NEW:  ResHVACSys:nrccHvacCommonMFEER_SEERRef / nrccHvacCommonMFEER_SEERRef  Type: ObjectRef (nrccHvacCommonMFEER_SEER)  iPropID:382  lDBID:120382001 
         Rule NEW:  nrccHvacCommonMFEER_SEER:noXMLoutput_ResHVACSysRef / noXMLoutput_ResHVACSysRef  Type: ObjectRef (ResHVACSys)  iPropID:11  lDBID:314011001 
         Rule NEW:  ResHVACSys:nrccHvacCommonMFCoolEffic_NotApplicableRef / nrccHvacCommonMFCoolEffic_NotApplicableRef  Type: ObjectRef (nrccHvacCommonMFCoolEffic_NotApplicable)  iPropID:383  lDBID:120383001 
         Rule NEW:  nrccHvacCommonMFCoolEffic_NotApplicable:noXMLoutput_ResHVACSysRef / noXMLoutput_ResHVACSysRef  Type: ObjectRef (ResHVACSys)  iPropID:3  lDBID:315003001 
         Rule NEW:  ResHVACSys:NumResOtherZnRefs / NumResOtherZnRefs  Type: Integer  iPropID:384  lDBID:120384001 
         Rule NEW:  AirSys:nrcctblRowFanRef / nrcctblRowFanRef  Type: ObjectRef (nrcctblRowFan)  iPropID:480  lDBID:98480001 
         Rule NEW:  nrcctblRowFan:noXMLoutput_AirSysRef / noXMLoutput_AirSysRef  Type: ObjectRef (AirSys)  iPropID:27  lDBID:318027001 
         Rule NEW:  ZnSys:nrcctblRowFanRef / nrcctblRowFanRef  Type: ObjectRef (nrcctblRowFan)  iPropID:463  lDBID:99463001 
         Rule NEW:  nrcctblRowFan:noXMLoutput_ZnSysRef / noXMLoutput_ZnSysRef  Type: ObjectRef (ZnSys)  iPropID:28  lDBID:318028001 
         Rule NEW:  AirSys:nrcctblRowFanEffRef / nrcctblRowFanEffRef  Type: ObjectRef (nrcctblRowFanEff)  iPropID:481  lDBID:98481001 
         Rule NEW:  nrcctblRowFanEff:noXMLoutput_AirSysRef / noXMLoutput_AirSysRef  Type: ObjectRef (AirSys)  iPropID:14  lDBID:320014001 
         Rule NEW:  ZnSys:nrcctblRowFanEffRef / nrcctblRowFanEffRef  Type: ObjectRef (nrcctblRowFanEff)  iPropID:464  lDBID:99464001 
         Rule NEW:  nrcctblRowFanEff:noXMLoutput_ZnSysRef / noXMLoutput_ZnSysRef  Type: ObjectRef (ZnSys)  iPropID:15  lDBID:320015001 
         Rule NEW:  ResFanSys:nrcctblRowMFFanRef / nrcctblRowMFFanRef  Type: ObjectRef (nrcctblRowMFFan)  iPropID:23  lDBID:127023001 
         Rule NEW:  nrcctblRowMFFan:noXMLoutput_ResFanSysRef / noXMLoutput_ResFanSysRef  Type: ObjectRef (ResFanSys)  iPropID:7  lDBID:322007001 
         Rule NEW:  ResHtPumpSys:nrcctblRowMFFanRef / nrcctblRowMFFanRef  Type: ObjectRef (nrcctblRowMFFan)  iPropID:271  lDBID:123271001 
         Rule NEW:  nrcctblRowMFFan:noXMLoutput_ResHtPumpSysRef / noXMLoutput_ResHtPumpSysRef  Type: ObjectRef (ResHtPumpSys)  iPropID:8  lDBID:322008001 
         Rule NEW:  ResIAQFan:nrcctblRowFanIAQRef / nrcctblRowFanIAQRef  Type: ObjectRef (nrcctblRowFanIAQ)  iPropID:39  lDBID:128039001 
         Rule NEW:  nrcctblRowFanIAQ:noXMLoutput_ResIAQFanRef / noXMLoutput_ResIAQFanRef  Type: ObjectRef (ResIAQFan)  iPropID:8  lDBID:324008001 
         Rule NEW:  ResCentralVentSys:nrcctblRowFanIAQRef / nrcctblRowFanIAQRef  Type: ObjectRef (nrcctblRowFanIAQ)  iPropID:85  lDBID:129085001 
         Rule NEW:  nrcctblRowFanIAQ:noXMLoutput_ResCentralVentSysRef / noXMLoutput_ResCentralVentSysRef  Type: ObjectRef (ResCentralVentSys)  iPropID:9  lDBID:324009001 
         Rule NEW:  ResDuctSeg:nrcctblRowDuctMFRef / nrcctblRowDuctMFRef  Type: ObjectRef (nrcctblRowDuctMF)  iPropID:26  lDBID:126026001 
         Rule NEW:  nrcctblRowDuctMF:noXMLoutput_ResDuctSegRef / noXMLoutput_ResDuctSegRef  Type: ObjectRef (ResDuctSeg)  iPropID:23  lDBID:329023001 
         Rule NEW:  Fan:nrcctblRowFanExhRef / nrcctblRowFanExhRef  Type: ObjectRef (nrcctblRowFanExh)  iPropID:95  lDBID:106095001 
         Rule NEW:  nrcctblRowFanExh:noXMLoutput_FanExhRef / noXMLoutput_FanExhRef  Type: ObjectRef (Fan)  iPropID:11  lDBID:334011001 
         Rule NEW:  Blr:nrcctblRowHvacWetRef / nrcctblRowHvacWetRef  Type: ObjectRef (nrcctblRowHvacWet)  iPropID:56  lDBID:114056001 
         Rule NEW:  nrcctblRowHvacWet:noXMLoutput_BlrRef / noXMLoutput_BlrRef  Type: ObjectRef (Blr)  iPropID:32  lDBID:337032001 
         Rule NEW:  Chlr:nrcctblRowHvacWetRef / nrcctblRowHvacWetRef  Type: ObjectRef (nrcctblRowHvacWet)  iPropID:89  lDBID:111089001 
         Rule NEW:  nrcctblRowHvacWet:noXMLoutput_ChlrRef / noXMLoutput_ChlrRef  Type: ObjectRef (Chlr)  iPropID:33  lDBID:337033001 
         Rule NEW:  HX:nrcctblRowHvacWetRef / nrcctblRowHvacWetRef  Type: ObjectRef (nrcctblRowHvacWet)  iPropID:31  lDBID:113031001 
         Rule NEW:  nrcctblRowHvacWet:noXMLoutput_HXRef / noXMLoutput_HXRef  Type: ObjectRef (HX)  iPropID:34  lDBID:337034001 
         Rule NEW:  HtRej:nrcctblRowHvacWetRef / nrcctblRowHvacWetRef  Type: ObjectRef (nrcctblRowHvacWet)  iPropID:65  lDBID:115065001 
         Rule NEW:  nrcctblRowHvacWet:noXMLoutput_HtRejRef / noXMLoutput_HtRejRef  Type: ObjectRef (HtRej)  iPropID:35  lDBID:337035001 
         Rule NEW:  ThrmlEngyStor:nrcctblRowHvacWetRef / nrcctblRowHvacWetRef  Type: ObjectRef (nrcctblRowHvacWet)  iPropID:45  lDBID:112045001 
         Rule NEW:  nrcctblRowHvacWet:noXMLoutput_ThrmlEngyStorRef / noXMLoutput_ThrmlEngyStorRef  Type: ObjectRef (ThrmlEngyStor)  iPropID:36  lDBID:337036001 
         Rule NEW:  WtrHtr:nrcctblRowHvacWetRef / nrcctblRowHvacWetRef  Type: ObjectRef (nrcctblRowHvacWet)  iPropID:213  lDBID:116213001 
         Rule NEW:  nrcctblRowHvacWet:noXMLoutput_WtrHtrRef / noXMLoutput_WtrHtrRef  Type: ObjectRef (WtrHtr)  iPropID:37  lDBID:337037001 
         Rule NEW:  HtPump:nrcctblRowHvacWetRef / nrcctblRowHvacWetRef  Type: ObjectRef (nrcctblRowHvacWet)  iPropID:93  lDBID:117093001 
         Rule NEW:  nrcctblRowHvacWet:noXMLoutput_HtPumpRef / noXMLoutput_HtPumpRef  Type: ObjectRef (HtPump)  iPropID:38  lDBID:337038001 
         Rule NEW:  Pump:nrcctblRowPumpRef / nrcctblRowPumpRef  Type: ObjectRef (nrcctblRowPump)  iPropID:43  lDBID:118043001 
         Rule NEW:  nrcctblRowPump:noXMLoutput_PumpRef / noXMLoutput_PumpRef  Type: ObjectRef (Pump)  iPropID:9  lDBID:340009001 
         Rule NEW:  AirSys:nrcctblRowHvacSpecRef / nrcctblRowHvacSpecRef  Type: ObjectRef (nrcctblRowHvacSpec)  iPropID:482  lDBID:98482001 
         Rule NEW:  nrcctblRowHvacSpec:noXMLoutput_AirSysRef / noXMLoutput_AirSysRef  Type: ObjectRef (AirSys)  iPropID:7  lDBID:343007001 
         Rule NEW:  AirSys:nrccHvacSpec04ChoiceRef / nrccHvacSpec04ChoiceRef  Type: ObjectRef (nrccHvacSpec04Choice)  iPropID:483  lDBID:98483001 
         Rule NEW:  nrccHvacSpec04Choice:noXMLoutput_AirSysRef / noXMLoutput_AirSysRef  Type: ObjectRef (AirSys)  iPropID:2  lDBID:344002001 
         Rule NEW:  AirSys:nrccHvacSpec04Ref / nrccHvacSpec04Ref  Type: ObjectRef (nrccHvacSpec04)  iPropID:484  lDBID:98484001 
         Rule NEW:  nrccHvacSpec04:noXMLoutput_AirSysRef / noXMLoutput_AirSysRef  Type: ObjectRef (AirSys)  iPropID:5  lDBID:345005001 
         Rule NEW:  ZnSys:nrcctblRowHvacSpecRef / nrcctblRowHvacSpecRef  Type: ObjectRef (nrcctblRowHvacSpec)  iPropID:465  lDBID:99465001 
         Rule NEW:  nrcctblRowHvacSpec:noXMLoutput_ZnSysRef / noXMLoutput_ZnSysRef  Type: ObjectRef (ZnSys)  iPropID:8  lDBID:343008001 
         Rule NEW:  ZnSys:nrccHvacSpec04ChoiceRef / nrccHvacSpec04ChoiceRef  Type: ObjectRef (nrccHvacSpec04Choice)  iPropID:466  lDBID:99466001 
         Rule NEW:  nrccHvacSpec04Choice:noXMLoutput_ZnSysRef / noXMLoutput_ZnSysRef  Type: ObjectRef (ZnSys)  iPropID:3  lDBID:344003001 
         Rule NEW:  ZnSys:nrccHvacSpec04Ref / nrccHvacSpec04Ref  Type: ObjectRef (nrccHvacSpec04)  iPropID:467  lDBID:99467001 
         Rule NEW:  nrccHvacSpec04:noXMLoutput_ZnSysRef / noXMLoutput_ZnSysRef  Type: ObjectRef (ZnSys)  iPropID:6  lDBID:345006001 
         Rule NEW:  VRFSys:nrcctblRowHvacSpecRef / nrcctblRowHvacSpecRef  Type: ObjectRef (nrcctblRowHvacSpec)  iPropID:171  lDBID:100171001 
         Rule NEW:  nrcctblRowHvacSpec:noXMLoutput_VRFSysRef / noXMLoutput_VRFSysRef  Type: ObjectRef (VRFSys)  iPropID:9  lDBID:343009001 
         Rule NEW:  VRFSys:nrccHvacSpec04ChoiceRef / nrccHvacSpec04ChoiceRef  Type: ObjectRef (nrccHvacSpec04Choice)  iPropID:172  lDBID:100172001 
         Rule NEW:  nrccHvacSpec04Choice:noXMLoutput_VRFSysRef / noXMLoutput_VRFSysRef  Type: ObjectRef (VRFSys)  iPropID:4  lDBID:344004001 
         Rule NEW:  VRFSys:nrccHvacSpec04Ref / nrccHvacSpec04Ref  Type: ObjectRef (nrccHvacSpec04)  iPropID:173  lDBID:100173001 
         Rule NEW:  nrccHvacSpec04:noXMLoutput_VRFSysRef / noXMLoutput_VRFSysRef  Type: ObjectRef (VRFSys)  iPropID:7  lDBID:345007001 
         Rule NEW:  FluidSys:nrcctblRowHvacSpecRef / nrcctblRowHvacSpecRef  Type: ObjectRef (nrcctblRowHvacSpec)  iPropID:238  lDBID:109238001 
         Rule NEW:  nrcctblRowHvacSpec:noXMLoutput_FluidSysRef / noXMLoutput_FluidSysRef  Type: ObjectRef (FluidSys)  iPropID:10  lDBID:343010001 
         Rule NEW:  FluidSys:nrccHvacSpec04ChoiceRef / nrccHvacSpec04ChoiceRef  Type: ObjectRef (nrccHvacSpec04Choice)  iPropID:239  lDBID:109239001 
         Rule NEW:  nrccHvacSpec04Choice:noXMLoutput_FluidSysRef / noXMLoutput_FluidSysRef  Type: ObjectRef (FluidSys)  iPropID:5  lDBID:344005001 
         Rule NEW:  FluidSys:nrccHvacSpec04Ref / nrccHvacSpec04Ref  Type: ObjectRef (nrccHvacSpec04)  iPropID:240  lDBID:109240001 
         Rule NEW:  nrccHvacSpec04:noXMLoutput_FluidSysRef / noXMLoutput_FluidSysRef  Type: ObjectRef (FluidSys)  iPropID:8  lDBID:345008001 
         Rule NEW:  ThrmlZn:nrcctblRowVentNRRef / nrcctblRowVentNRRef  Type: ObjectRef (nrcctblRowVentNR)  iPropID:489  lDBID:97489001 
         Rule NEW:  nrcctblRowVentNR:noXMLoutput_ThrmlZnRef / noXMLoutput_ThrmlZnRef  Type: ObjectRef (ThrmlZn)  iPropID:12  lDBID:348012001 
         Rule NEW:  ResOtherZn:nrcctblRowVentNRRef / nrcctblRowVentNRRef  Type: ObjectRef (nrcctblRowVentNR)  iPropID:545  lDBID:71545001 
         Rule NEW:  nrcctblRowVentNR:noXMLoutput_ResOtherZnRef / noXMLoutput_ResOtherZnRef  Type: ObjectRef (ResOtherZn)  iPropID:13  lDBID:348013001 
         Rule NEW:  DwellUnitType:nrcctblRowVentResRef / nrcctblRowVentResRef  Type: ObjectRef (nrcctblRowVentRes)  iPropID:348  lDBID:69348001 
         Rule NEW:  nrcctblRowVentRes:noXMLoutput_DwellUnitTypeRef / noXMLoutput_DwellUnitTypeRef  Type: ObjectRef (DwellUnitType)  iPropID:28  lDBID:351028001 
         Rule NEW:  TrmlUnit:nrcctblRowZoneRef / nrcctblRowZoneRef  Type: ObjectRef (nrcctblRowZone)  iPropID:87  lDBID:103087001 
         Rule NEW:  nrcctblRowZone:noXMLoutput_TrmlUnitRef / noXMLoutput_TrmlUnitRef  Type: ObjectRef (TrmlUnit)  iPropID:27  lDBID:354027001 
         Rule NEW:  ZnSys:nrcctblRowZoneRef / nrcctblRowZoneRef  Type: ObjectRef (nrcctblRowZone)  iPropID:468  lDBID:99468001 
         Rule NEW:  nrcctblRowZone:noXMLoutput_ZnSysRef / noXMLoutput_ZnSysRef  Type: ObjectRef (ZnSys)  iPropID:28  lDBID:354028001 
         Rule NEW:  EvapClr:nrcctblRowEvapRef / nrcctblRowEvapRef  Type: ObjectRef (nrcctblRowEvap)  iPropID:17  lDBID:102017001 
         Rule NEW:  nrcctblRowEvap:noXMLoutput_EvapClrRef / noXMLoutput_EvapClrRef  Type: ObjectRef (EvapClr)  iPropID:15  lDBID:357015001 
         Rule NEW:  AirSys:nrcctblRowHtRecoveryRef / nrcctblRowHtRecoveryRef  Type: ObjectRef (nrcctblRowHtRecovery)  iPropID:485  lDBID:98485001 
         Rule NEW:  nrcctblRowHtRecovery:noXMLoutput_AirSysRef / noXMLoutput_AirSysRef  Type: ObjectRef (AirSys)  iPropID:12  lDBID:360012001 
         Rule NEW:  ZnSys:nrcctblRowHtRecoveryRef / nrcctblRowHtRecoveryRef  Type: ObjectRef (nrcctblRowHtRecovery)  iPropID:469  lDBID:99469001 
         Rule NEW:  nrcctblRowHtRecovery:noXMLoutput_ZnSysRef / noXMLoutput_ZnSysRef  Type: ObjectRef (ZnSys)  iPropID:13  lDBID:360013001 
         done.

Reading rule file: Water-NRCCPRF.rule
         Rule NEW:  ResWtrHtr:nrcctblRowWaterRef / nrcctblRowWaterRef  Type: ObjectRef (nrcctblRowWater)  iPropID:130  lDBID:133130001 
         Rule NEW:  nrcctblRowWater:noXMLoutput_ResWtrHtrRef / noXMLoutput_ResWtrHtrRef  Type: ObjectRef (ResWtrHtr)  iPropID:49  lDBID:363049001 
         Rule NEW:  WtrHtr:nrcctblRowWaterRef / nrcctblRowWaterRef  Type: ObjectRef (nrcctblRowWater)  iPropID:214  lDBID:116214001 
         Rule NEW:  nrcctblRowWater:noXMLoutput_WtrHtrRef / noXMLoutput_WtrHtrRef  Type: ObjectRef (WtrHtr)  iPropID:50  lDBID:363050001 
         Rule NEW:  ResDHWSys:nrcctblRowWaterMFRef / nrcctblRowWaterMFRef  Type: ObjectRef (nrcctblRowWaterMF)  iPropID:281  lDBID:131281001 
         Rule NEW:  nrcctblRowWaterMF:noXMLoutput_ResDHWSysRef / noXMLoutput_ResDHWSysRef  Type: ObjectRef (ResDHWSys)  iPropID:27  lDBID:369027001 
         Rule NEW:  ResDHWSys:nrcctblRowCHPWHRef / nrcctblRowCHPWHRef  Type: ObjectRef (nrcctblRowCHPWH)  iPropID:282  lDBID:131282001 
         Rule NEW:  nrcctblRowCHPWH:noXMLoutput_ResDHWSysRef / noXMLoutput_ResDHWSysRef  Type: ObjectRef (ResDHWSys)  iPropID:14  lDBID:372014001 
         Rule NEW:  ResDHWSys:nrccWaterCHPWH02Ref / nrccWaterCHPWH02Ref  Type: ObjectRef (nrccWaterCHPWH02)  iPropID:283  lDBID:131283001 
         Rule NEW:  nrccWaterCHPWH02:noXMLoutput_ResDHWSysRef / noXMLoutput_ResDHWSysRef  Type: ObjectRef (ResDHWSys)  iPropID:5  lDBID:373005001 
         Rule NEW:  ResDHWSys:nrcctblRowLpTankRef / nrcctblRowLpTankRef  Type: ObjectRef (nrcctblRowLpTank)  iPropID:284  lDBID:131284001 
         Rule NEW:  nrcctblRowLpTank:noXMLoutput_ResDHWSysRef / noXMLoutput_ResDHWSysRef  Type: ObjectRef (ResDHWSys)  iPropID:13  lDBID:376013001 
         Rule NEW:  ResDHWSys:nrccLpTank02Ref / nrccLpTank02Ref  Type: ObjectRef (nrccLpTank02)  iPropID:285  lDBID:131285001 
         Rule NEW:  nrccLpTank02:noXMLoutput_ResDHWSysRef / noXMLoutput_ResDHWSysRef  Type: ObjectRef (ResDHWSys)  iPropID:5  lDBID:377005001 
         Rule NEW:  ResDHWSys:nrcctblRowRecircLpRef / nrcctblRowRecircLpRef  Type: ObjectRef (nrcctblRowRecircLp)  iPropID:286  lDBID:131286001 
         Rule NEW:  nrcctblRowRecircLp:noXMLoutput_ResDHWSysRef / noXMLoutput_ResDHWSysRef  Type: ObjectRef (ResDHWSys)  iPropID:8  lDBID:380008001 
         Rule NEW:  DHWSolSys:nrcctblRowWaterSolarRef / nrcctblRowWaterSolarRef  Type: ObjectRef (nrcctblRowWaterSolar)  iPropID:38  lDBID:135038001 
         Rule NEW:  nrcctblRowWaterSolar:noXMLoutput_DHWSolSysRef / noXMLoutput_DHWSolSysRef  Type: ObjectRef (DHWSolSys)  iPropID:15  lDBID:383015001 
         done.

Reading rule file: Process-NRCCPRF.rule
         Rule NEW:  AirSys:nrcctblRowProcGarageRef / nrcctblRowProcGarageRef  Type: ObjectRef (nrcctblRowProcGarage)  iPropID:486  lDBID:98486001 
         Rule NEW:  nrcctblRowProcGarage:noXMLoutput_AirSysRef / noXMLoutput_AirSysRef  Type: ObjectRef (AirSys)  iPropID:6  lDBID:392006001 
         Rule NEW:  ZnSys:nrcctblRowProcGarageRef / nrcctblRowProcGarageRef  Type: ObjectRef (nrcctblRowProcGarage)  iPropID:470  lDBID:99470001 
         Rule NEW:  nrcctblRowProcGarage:noXMLoutput_ZnSysRef / noXMLoutput_ZnSysRef  Type: ObjectRef (ZnSys)  iPropID:7  lDBID:392007001 
         Rule NEW:  Spc:nrcctblRowProcKitchRef / nrcctblRowProcKitchRef  Type: ObjectRef (nrcctblRowProcKitch)  iPropID:907  lDBID:53907001 
         Rule NEW:  nrcctblRowProcKitch:noXMLoutput_SpcRef / noXMLoutput_SpcRef  Type: ObjectRef (Spc)  iPropID:2  lDBID:395002001 
         Rule NEW:  Spc:nrccTableKitchHoodsRef / nrccTableKitchHoodsRef  Type: ObjectRef (nrccTableKitchHoods)  iPropID:908  lDBID:53908001 
         Rule NEW:  nrccTableKitchHoods:noXMLoutput_SpcRef / noXMLoutput_SpcRef  Type: ObjectRef (Spc)  iPropID:1  lDBID:396001001 
         Rule NEW:  Spc:nrcctblRowKitchHoodsRef1 / nrcctblRowKitchHoodsRef1  Type: ObjectRef (nrcctblRowKitchHoods)  iPropID:909  lDBID:53909001 
         Rule NEW:  Spc:nrcctblRowKitchHoodsRef2 / nrcctblRowKitchHoodsRef2  Type: ObjectRef (nrcctblRowKitchHoods)  iPropID:910  lDBID:53910001 
         Rule NEW:  Spc:nrcctblRowKitchHoodsRef3 / nrcctblRowKitchHoodsRef3  Type: ObjectRef (nrcctblRowKitchHoods)  iPropID:911  lDBID:53911001 
         Rule NEW:  Spc:nrcctblRowKitchHoodsRef4 / nrcctblRowKitchHoodsRef4  Type: ObjectRef (nrcctblRowKitchHoods)  iPropID:912  lDBID:53912001 
         Rule NEW:  Spc:nrcctblRowKitchHoodsRef5 / nrcctblRowKitchHoodsRef5  Type: ObjectRef (nrcctblRowKitchHoods)  iPropID:913  lDBID:53913001 
         Rule NEW:  nrcctblRowKitchHoods:noXMLoutput_SpcRef / noXMLoutput_SpcRef  Type: ObjectRef (Spc)  iPropID:9  lDBID:397009001 
         Rule NEW:  AirSys:nrcctblRowProcCompRef / nrcctblRowProcCompRef  Type: ObjectRef (nrcctblRowProcComp)  iPropID:487  lDBID:98487001 
         Rule NEW:  nrcctblRowProcComp:noXMLoutput_AirSysRef / noXMLoutput_AirSysRef  Type: ObjectRef (AirSys)  iPropID:5  lDBID:400005001 
         Rule NEW:  Spc:nrcctblRowProcLabRef / nrcctblRowProcLabRef  Type: ObjectRef (nrcctblRowProcLab)  iPropID:914  lDBID:53914001 
         Rule NEW:  nrcctblRowProcLab:noXMLoutput_SpcRef / noXMLoutput_SpcRef  Type: ObjectRef (Spc)  iPropID:9  lDBID:403009001 
         done.

Reading rule file: Lighting-NRCCPRF.rule
         Rule NEW:  Spc:nrcctblRowLtgBucketVal / nrcctblRowLtgBucketVal  Type: Integer  iPropID:915  lDBID:53915001 
         Rule NEW:  nrcctblRowLtgInfo:noXMLoutput_LtgTblBucketVal / noXMLoutput_LtgTblBucketVal  Type: Integer  iPropID:9  lDBID:406009001 
         Rule NEW:  nrcctblRowLtgInfo:noXMLoutput_SpcRef / noXMLoutput_SpcRef  Type: ObjectRef (Spc)  iPropID:10  lDBID:406010001 
         Rule NEW:  ResOtherZn:nrcctblRowLtgBucketVal / nrcctblRowLtgBucketVal  Type: Integer  iPropID:546  lDBID:71546001 
         Rule NEW:  nrcctblRowLtgInfo:noXMLoutput_ResOtherZnRef / noXMLoutput_ResOtherZnRef  Type: ObjectRef (ResOtherZn)  iPropID:11  lDBID:406011001 
         Rule NEW:  Lum:nrcctblRowLtgSchedRef / nrcctblRowLtgSchedRef  Type: ObjectRef (nrcctblRowLtgSched)  iPropID:23  lDBID:49023001 
         Rule NEW:  nrcctblRowLtgSched:noXMLoutput_LumRef / noXMLoutput_LumRef  Type: ObjectRef (Lum)  iPropID:8  lDBID:409008001 
         Rule NEW:  IntLtgSys:nrcctblRowLtgCreditsRef / nrcctblRowLtgCreditsRef  Type: ObjectRef (nrcctblRowLtgCredits)  iPropID:210  lDBID:54210001 
         Rule NEW:  nrcctblRowLtgCredits:noXMLoutput_IntLtgSysRef / noXMLoutput_IntLtgSysRef  Type: ObjectRef (IntLtgSys)  iPropID:9  lDBID:412009001 
         Rule NEW:  IntLtgSys:nrccTableLuminairesCreditsRef / nrccTableLuminairesCreditsRef  Type: ObjectRef (nrccTableLuminairesCredits)  iPropID:211  lDBID:54211001 
         Rule NEW:  nrccTableLuminairesCredits:noXMLoutput_IntLtgSysRef / noXMLoutput_IntLtgSysRef  Type: ObjectRef (IntLtgSys)  iPropID:1  lDBID:413001001 
         Rule NEW:  IntLtgSys:nrcctblRowLuminairesCreditsRef1 / nrcctblRowLuminairesCreditsRef1  Type: ObjectRef (nrcctblRowLuminairesCredits)  iPropID:212  lDBID:54212001 
         Rule NEW:  IntLtgSys:nrcctblRowLuminairesCreditsRef2 / nrcctblRowLuminairesCreditsRef2  Type: ObjectRef (nrcctblRowLuminairesCredits)  iPropID:213  lDBID:54213001 
         Rule NEW:  IntLtgSys:nrcctblRowLuminairesCreditsRef3 / nrcctblRowLuminairesCreditsRef3  Type: ObjectRef (nrcctblRowLuminairesCredits)  iPropID:214  lDBID:54214001 
         Rule NEW:  IntLtgSys:nrcctblRowLuminairesCreditsRef4 / nrcctblRowLuminairesCreditsRef4  Type: ObjectRef (nrcctblRowLuminairesCredits)  iPropID:215  lDBID:54215001 
         Rule NEW:  IntLtgSys:nrcctblRowLuminairesCreditsRef5 / nrcctblRowLuminairesCreditsRef5  Type: ObjectRef (nrcctblRowLuminairesCredits)  iPropID:216  lDBID:54216001 
         Rule NEW:  nrcctblRowLuminairesCredits:noXMLoutput_IntLtgSysRef / noXMLoutput_IntLtgSysRef  Type: ObjectRef (IntLtgSys)  iPropID:4  lDBID:414004001 
         Rule NEW:  Spc:nrcctblRowTailoredGenRef / nrcctblRowTailoredGenRef  Type: ObjectRef (nrcctblRowTailoredGen)  iPropID:916  lDBID:53916001 
         Rule NEW:  nrcctblRowTailoredGen:noXMLoutput_SpcRef / noXMLoutput_SpcRef  Type: ObjectRef (Spc)  iPropID:10  lDBID:421010001 
         Rule NEW:  Spc:nrcctblRowTailoredRCRRef / nrcctblRowTailoredRCRRef  Type: ObjectRef (nrcctblRowTailoredRCR)  iPropID:917  lDBID:53917001 
         Rule NEW:  nrcctblRowTailoredRCR:noXMLoutput_SpcRef / noXMLoutput_SpcRef  Type: ObjectRef (Spc)  iPropID:8  lDBID:424008001 
         Rule NEW:  Spc:nrcctblRowTailoredWallRef / nrcctblRowTailoredWallRef  Type: ObjectRef (nrcctblRowTailoredWall)  iPropID:918  lDBID:53918001 
         Rule NEW:  nrcctblRowTailoredWall:noXMLoutput_SpcRef / noXMLoutput_SpcRef  Type: ObjectRef (Spc)  iPropID:9  lDBID:427009001 
         Rule NEW:  Spc:nrccTableIntLtgSysWallRef / nrccTableIntLtgSysWallRef  Type: ObjectRef (nrccTableIntLtgSysWall)  iPropID:919  lDBID:53919001 
         Rule NEW:  nrccTableIntLtgSysWall:noXMLoutput_SpcRef / noXMLoutput_SpcRef  Type: ObjectRef (Spc)  iPropID:1  lDBID:428001001 
         Rule NEW:  IntLtgSys:nrcctblRowIntLtgSysWallRef / nrcctblRowIntLtgSysWallRef  Type: ObjectRef (nrcctblRowIntLtgSysWall)  iPropID:217  lDBID:54217001 
         Rule NEW:  nrcctblRowIntLtgSysWall:noXMLoutput_IntLtgSysRef / noXMLoutput_IntLtgSysRef  Type: ObjectRef (IntLtgSys)  iPropID:4  lDBID:429004001 
         Rule NEW:  IntLtgSys:nrccTableLuminairesWallRef / nrccTableLuminairesWallRef  Type: ObjectRef (nrccTableLuminairesWall)  iPropID:218  lDBID:54218001 
         Rule NEW:  nrccTableLuminairesWall:noXMLoutput_IntLtgSysRef / noXMLoutput_IntLtgSysRef  Type: ObjectRef (IntLtgSys)  iPropID:1  lDBID:430001001 
         Rule NEW:  IntLtgSys:nrcctblRowLuminairesWallRef1 / nrcctblRowLuminairesWallRef1  Type: ObjectRef (nrcctblRowLuminairesWall)  iPropID:219  lDBID:54219001 
         Rule NEW:  IntLtgSys:nrcctblRowLuminairesWallRef2 / nrcctblRowLuminairesWallRef2  Type: ObjectRef (nrcctblRowLuminairesWall)  iPropID:220  lDBID:54220001 
         Rule NEW:  IntLtgSys:nrcctblRowLuminairesWallRef3 / nrcctblRowLuminairesWallRef3  Type: ObjectRef (nrcctblRowLuminairesWall)  iPropID:221  lDBID:54221001 
         Rule NEW:  IntLtgSys:nrcctblRowLuminairesWallRef4 / nrcctblRowLuminairesWallRef4  Type: ObjectRef (nrcctblRowLuminairesWall)  iPropID:222  lDBID:54222001 
         Rule NEW:  IntLtgSys:nrcctblRowLuminairesWallRef5 / nrcctblRowLuminairesWallRef5  Type: ObjectRef (nrcctblRowLuminairesWall)  iPropID:223  lDBID:54223001 
         Rule NEW:  nrcctblRowLuminairesWall:noXMLoutput_IntLtgSysRef / noXMLoutput_IntLtgSysRef  Type: ObjectRef (IntLtgSys)  iPropID:4  lDBID:431004001 
         Rule NEW:  Spc:nrcctblRowTailoredFloorRef / nrcctblRowTailoredFloorRef  Type: ObjectRef (nrcctblRowTailoredFloor)  iPropID:920  lDBID:53920001 
         Rule NEW:  nrcctblRowTailoredFloor:noXMLoutput_SpcRef / noXMLoutput_SpcRef  Type: ObjectRef (Spc)  iPropID:9  lDBID:434009001 
         Rule NEW:  Spc:nrccTableIntLtgSysFloorRef / nrccTableIntLtgSysFloorRef  Type: ObjectRef (nrccTableIntLtgSysFloor)  iPropID:921  lDBID:53921001 
         Rule NEW:  nrccTableIntLtgSysFloor:noXMLoutput_SpcRef / noXMLoutput_SpcRef  Type: ObjectRef (Spc)  iPropID:1  lDBID:435001001 
         Rule NEW:  IntLtgSys:nrcctblRowIntLtgSysFloorRef / nrcctblRowIntLtgSysFloorRef  Type: ObjectRef (nrcctblRowIntLtgSysFloor)  iPropID:224  lDBID:54224001 
         Rule NEW:  nrcctblRowIntLtgSysFloor:noXMLoutput_IntLtgSysRef / noXMLoutput_IntLtgSysRef  Type: ObjectRef (IntLtgSys)  iPropID:4  lDBID:436004001 
         Rule NEW:  IntLtgSys:nrccTableLuminairesFloorRef / nrccTableLuminairesFloorRef  Type: ObjectRef (nrccTableLuminairesFloor)  iPropID:225  lDBID:54225001 
         Rule NEW:  nrccTableLuminairesFloor:noXMLoutput_IntLtgSysRef / noXMLoutput_IntLtgSysRef  Type: ObjectRef (IntLtgSys)  iPropID:1  lDBID:437001001 
         Rule NEW:  IntLtgSys:nrcctblRowLuminairesFloorRef1 / nrcctblRowLuminairesFloorRef1  Type: ObjectRef (nrcctblRowLuminairesFloor)  iPropID:226  lDBID:54226001 
         Rule NEW:  IntLtgSys:nrcctblRowLuminairesFloorRef2 / nrcctblRowLuminairesFloorRef2  Type: ObjectRef (nrcctblRowLuminairesFloor)  iPropID:227  lDBID:54227001 
         Rule NEW:  IntLtgSys:nrcctblRowLuminairesFloorRef3 / nrcctblRowLuminairesFloorRef3  Type: ObjectRef (nrcctblRowLuminairesFloor)  iPropID:228  lDBID:54228001 
         Rule NEW:  IntLtgSys:nrcctblRowLuminairesFloorRef4 / nrcctblRowLuminairesFloorRef4  Type: ObjectRef (nrcctblRowLuminairesFloor)  iPropID:229  lDBID:54229001 
         Rule NEW:  IntLtgSys:nrcctblRowLuminairesFloorRef5 / nrcctblRowLuminairesFloorRef5  Type: ObjectRef (nrcctblRowLuminairesFloor)  iPropID:230  lDBID:54230001 
         Rule NEW:  nrcctblRowLuminairesFloor:noXMLoutput_IntLtgSysRef / noXMLoutput_IntLtgSysRef  Type: ObjectRef (IntLtgSys)  iPropID:4  lDBID:438004001 
         Rule NEW:  Spc:nrcctblRowTailoredOrnamentalRef / nrcctblRowTailoredOrnamentalRef  Type: ObjectRef (nrcctblRowTailoredOrnamental)  iPropID:922  lDBID:53922001 
         Rule NEW:  nrcctblRowTailoredOrnamental:noXMLoutput_SpcRef / noXMLoutput_SpcRef  Type: ObjectRef (Spc)  iPropID:9  lDBID:441009001 
         Rule NEW:  Spc:nrccTableIntLtgSysOrnamentalRef / nrccTableIntLtgSysOrnamentalRef  Type: ObjectRef (nrccTableIntLtgSysOrnamental)  iPropID:923  lDBID:53923001 
         Rule NEW:  nrccTableIntLtgSysOrnamental:noXMLoutput_SpcRef / noXMLoutput_SpcRef  Type: ObjectRef (Spc)  iPropID:1  lDBID:442001001 
         Rule NEW:  IntLtgSys:nrcctblRowIntLtgSysOrnamentalRef / nrcctblRowIntLtgSysOrnamentalRef  Type: ObjectRef (nrcctblRowIntLtgSysOrnamental)  iPropID:231  lDBID:54231001 
         Rule NEW:  nrcctblRowIntLtgSysOrnamental:noXMLoutput_IntLtgSysRef / noXMLoutput_IntLtgSysRef  Type: ObjectRef (IntLtgSys)  iPropID:2  lDBID:443002001 
         Rule NEW:  IntLtgSys:nrccTableLuminairesOrnamentalRef / nrccTableLuminairesOrnamentalRef  Type: ObjectRef (nrccTableLuminairesOrnamental)  iPropID:232  lDBID:54232001 
         Rule NEW:  nrccTableLuminairesOrnamental:noXMLoutput_IntLtgSysRef / noXMLoutput_IntLtgSysRef  Type: ObjectRef (IntLtgSys)  iPropID:1  lDBID:444001001 
         Rule NEW:  IntLtgSys:nrcctblRowLuminairesOrnamentalRef1 / nrcctblRowLuminairesOrnamentalRef1  Type: ObjectRef (nrcctblRowLuminairesOrnamental)  iPropID:233  lDBID:54233001 
         Rule NEW:  IntLtgSys:nrcctblRowLuminairesOrnamentalRef2 / nrcctblRowLuminairesOrnamentalRef2  Type: ObjectRef (nrcctblRowLuminairesOrnamental)  iPropID:234  lDBID:54234001 
         Rule NEW:  IntLtgSys:nrcctblRowLuminairesOrnamentalRef3 / nrcctblRowLuminairesOrnamentalRef3  Type: ObjectRef (nrcctblRowLuminairesOrnamental)  iPropID:235  lDBID:54235001 
         Rule NEW:  IntLtgSys:nrcctblRowLuminairesOrnamentalRef4 / nrcctblRowLuminairesOrnamentalRef4  Type: ObjectRef (nrcctblRowLuminairesOrnamental)  iPropID:236  lDBID:54236001 
         Rule NEW:  IntLtgSys:nrcctblRowLuminairesOrnamentalRef5 / nrcctblRowLuminairesOrnamentalRef5  Type: ObjectRef (nrcctblRowLuminairesOrnamental)  iPropID:237  lDBID:54237001 
         Rule NEW:  nrcctblRowLuminairesOrnamental:noXMLoutput_IntLtgSysRef / noXMLoutput_IntLtgSysRef  Type: ObjectRef (IntLtgSys)  iPropID:4  lDBID:445004001 
         Rule NEW:  Spc:nrcctblRowTailoredValuableRef / nrcctblRowTailoredValuableRef  Type: ObjectRef (nrcctblRowTailoredValuable)  iPropID:924  lDBID:53924001 
         Rule NEW:  nrcctblRowTailoredValuable:noXMLoutput_SpcRef / noXMLoutput_SpcRef  Type: ObjectRef (Spc)  iPropID:9  lDBID:448009001 
         Rule NEW:  Spc:nrccTableTailoredCaseRef / nrccTableTailoredCaseRef  Type: ObjectRef (nrccTableTailoredCase)  iPropID:925  lDBID:53925001 
         Rule NEW:  nrccTableTailoredCase:noXMLoutput_SpcRef / noXMLoutput_SpcRef  Type: ObjectRef (Spc)  iPropID:1  lDBID:449001001 
         Rule NEW:  IntLtgSys:nrcctblRowTailoredCaseRef / nrcctblRowTailoredCaseRef  Type: ObjectRef (nrcctblRowTailoredCase)  iPropID:238  lDBID:54238001 
         Rule NEW:  nrcctblRowTailoredCase:noXMLoutput_IntLtgSysRef / noXMLoutput_IntLtgSysRef  Type: ObjectRef (IntLtgSys)  iPropID:7  lDBID:450007001 
         done.

Reading rule file: PreSim.rule
         done.

Reading table file: C:/dev/bigladder/CBECC/RulesetSrc/shared/Tables/T24RSlabEdgeInsulation.csv

Reading rule file #156:  Rules_LoadModelAdjustments.rule

         done.

Reading rule file #157:  Rules_AnalysisPostProcessing.rule

         done.

Reading rule file #158:  Rules_PreSim.rule

         done.

Reading rule file #159:  Rules_PostSim.rule

         done.

Reading rule file #160:  Rules_GenerateDDYFromWeatherData.rule

         done.

Reading rule file #161:  Rules_Default_DHW-MFam.rule

         done.

Reading rule file #162:  C:/dev/bigladder/CBECC/RulesetSrc/shared/Rules_Default_MFam.rule

         done.

Reading rule file #163:  C:/dev/bigladder/CBECC/RulesetSrc/shared/Rules_Default_ResShell.rule

         done.

Reading rule file #164:  C:/dev/bigladder/CBECC/RulesetSrc/shared/Rules_Default_ResOtherZone.rule

         done.

Reading rule file #165:  C:/dev/bigladder/CBECC/RulesetSrc/shared/Rules_Default_ResEAA.rule

         done.

Reading rule file #166:  C:/dev/bigladder/CBECC/RulesetSrc/shared/Rules_Default_ResLoads.rule

         done.

Reading rule file #167:  C:/dev/bigladder/CBECC/RulesetSrc/shared/Rules_Default_ResConsAssm.rule

         done.

Reading rule file #168:  C:/dev/bigladder/CBECC/RulesetSrc/shared/Rules_Default_ResHVAC.rule

         done.

Reading rule file #169:  C:/dev/bigladder/CBECC/RulesetSrc/shared/Rules_Default_ResDHW.rule

         done.

Reading rule file #170:  C:/dev/bigladder/CBECC/RulesetSrc/shared/Rules_Default_ResDHW-MFam.rule

         done.

Reading rule file #171:  C:/dev/bigladder/CBECC/RulesetSrc/shared/Rules_ResProposedModelPrep.rule

         done.

Reading rule file #172:  C:/dev/bigladder/CBECC/RulesetSrc/shared/Rules_ResModelChecks.rule

         done.

Reading rule file #173:  C:/dev/bigladder/CBECC/RulesetSrc/shared/Rules_CUAC.rule

         done.

Reading rule file #174:  C:/dev/bigladder/CBECC/RulesetSrc/shared/Rules_CUAC_Batch.rule

         done.

Reading rule file #175:  C:/dev/bigladder/CBECC/RulesetSrc/shared/Rules_Rpt_ResBuildingSummaryCSV.rule

         done.

Reading rule file #176:  C:/dev/bigladder/CBECC/RulesetSrc/shared/Rules_ResVCHP3.rule

         done.

Reading rule file #177:  C:/dev/bigladder/CBECC/RulesetSrc/shared/Rules_Default_ResAirCond-PerfMap.rule

         done.

Reading rule file #178:  C:/dev/bigladder/CBECC/RulesetSrc/shared/Rules_CSE_Simulation_Res.rule

         done.

Reading rule file #179:  C:/dev/bigladder/CBECC/RulesetSrc/shared/Rules_CSE_Simulation_ResHVAC.rule

         done.

Reading rule file #180:  C:/dev/bigladder/CBECC/RulesetSrc/shared/Rules_CSE_Simulation_ResDHW.rule

         done.

Reading rule file #181:  C:/dev/bigladder/CBECC/RulesetSrc/shared/Rules_CSE_Simulation_ResConsAssm.rule

         done.

Reading rule file #182:  C:/dev/bigladder/CBECC/RulesetSrc/shared/Rules_CSE_Simulation_ResIntMass.rule

         done.

Reading rule file #183:  C:/dev/bigladder/CBECC/RulesetSrc/shared/Rules_CSE_Simulation_ResSurfaces.rule

         done.

Reading rule file #184:  C:/dev/bigladder/CBECC/RulesetSrc/shared/Rules_CSE_Simulation_ResZns-IntGains.rule

         done.

Reading rule file #185:  C:/dev/bigladder/CBECC/RulesetSrc/shared/Rules_CSE_Simulation_ResReports.rule

         done.

Reading rule file #186:  Rules_CSE_Simulation_ConsAssm.rule

         done.

Reading rule file #187:  Rules_CSE_Simulation_ResHVAC_AirHandler.rule

         done.

Reading rule file #188:  Rules_E+_Simulation_Res.rule

         done.

Reading rule file #189:  Rules_CSE_Simulation_Com.rule

         done.

Reading rule file #190:  Rules_CSE_Simulation_PV.rule

         done.

Reading rule file #191:  Rules_CSE_Simulation_Battery.rule

         done.

Reading rule file #192:  Rules_ProposedModelPrep.rule

         done.

Reading rule file #193:  C:/dev/bigladder/CBECC/RulesetSrc/shared/Rules_SetupMFamInteriorSurfaces.rule

         done.

Reading rule file #194:  Rules_Modelkit.rule

         done.

Reading rule file #195:  C:/dev/bigladder/CBECC/RulesetSrc/shared/Rules_BudgetConversion_Res.rule

         done.

Reading rule file #196:  Rules_BudgetConversion_MFam-Envelope.rule

         done.

Reading rule file #197:  C:/dev/bigladder/CBECC/RulesetSrc/shared/Rules_BudgetConversion_ResDHW.rule

         done.

Reading rule file #198:  C:/dev/bigladder/CBECC/RulesetSrc/shared/CF1RPRF01E_Master.rule

         done.

Reading rule file #199:  LMCCPRF_MFam_SpecialFeatures.rule

         done.

Reading rule file #200:  C:/dev/bigladder/CBECC/RulesetSrc/shared/CF1RPRF01E_HERSFeatures.rule

         done.

Reading rule file #201:  Rules_Transform_MFam-to-Com.rule

         done.

Reading rule file #202:  Rules_BatchRuns.rule

         done.

Reading rule file #203:  Multifam-BackwardCompatRuleLists.rule

         done.

Reading rule file #204:  CALGreen-lists.rule

         done.

Reading rule file #205:  ZEROCode-lists.rule

         done.

Reading rule file #206:  NRCCPRF-Rulelists.rule

         done.

Reading rule file #207:  Rules_ResVent_CentralToIndividual.rule

         done.

Reading rule file #208:  C:/dev/bigladder/CBECC/RulesetSrc/shared/Rules_SubsetFileHashes.rule

         done.

Reading table file:  Tables/2025NR_SLCCbyCZandFuel.csv

Reading table file:  Tables/2025Res_SLCCbyCZandFuel.csv

Reading table file:  Tables/CA2025_PeakDemand.csv

Reading table file:  Tables/2025NR_SOURCEbyCZandFuel.csv

Reading table file:  Tables/2025Res_SOURCEbyCZandFuel.csv

Reading table file:  Tables/2025Res_CO2ElecEmissionsbyCZ.csv

Reading table file:  Tables/2025NR_CO2ElecEmissionsbyCZ.csv

Reading table file: C:/dev/bigladder/CBECC/RulesetSrc/shared/Tables/T24 2025 NEM3-LSC Factors by CZ.csv

Reading table file: C:/dev/bigladder/CBECC/RulesetSrc/shared/Tables/T24 2025 NEM3-ACC Factors by CZ.csv

Reading table file:  C:/dev/bigladder/CBECC/RulesetSrc/shared/Tables/CUAC_UtilityCompanies.csv

Reading table file:  C:/dev/bigladder/CBECC/RulesetSrc/shared/Tables/CUAC_UtilityTerritories.csv

Reading table file:  C:/dev/bigladder/CBECC/RulesetSrc/shared/Tables/CUAC_UtilityRates.csv

Reading table file:  C:/dev/bigladder/CBECC/RulesetSrc/shared/Tables/CUAC_UtilityRateGen2Mapping.csv

Reading table file:  C:/dev/bigladder/CBECC/RulesetSrc/shared/Tables/CUAC_UtilityRateGen2Data.csv

Reading table file:  C:/dev/bigladder/CBECC/RulesetSrc/shared/Tables/CUAC_UtilityRateBackCompat_SP2.csv

Reading table file:  C:/dev/bigladder/CBECC/RulesetSrc/shared/Tables/RuleSubsetFileHashes.csv

         wrote table ClimateZoneBoundaries w/ 1704 rows of data, 361 kb
         wrote table WeatherFileClimateZone w/ 17 rows of data, 9 kb
         wrote table WeatherCliZnDsgnDay w/ 92 rows of data, 1,145 kb
         wrote table WeatherStationRemoval_2022 w/ 9 rows of data, 1 kb
         wrote table SpaceFunctionData w/ 84 rows of data, 133 kb
         wrote table BldgUseData w/ 18 rows of data, 17 kb
         wrote table SpaceFunctionGroups w/ 13 rows of data, 7 kb
         wrote table VentilationSpaceFunctionData w/ 108 rows of data, 21 kb
         wrote table MaterialData w/ 762 rows of data, 343 kb
         wrote table MetalInsFrameLayers w/ 99 rows of data, 29 kb
         wrote table FramingFactors w/ 12 rows of data, 1 kb
         wrote table FenConsInputReqs w/ 11 rows of data, 5 kb
         wrote table AltFenPerformance w/ 16 rows of data, 1 kb
         wrote table BaseVerticalFenPerformance w/ 20 rows of data, 7 kb
         wrote table BaseSkylightPerformance w/ 4 rows of data, 2 kb
         wrote table DefaultFenestrationSHGC w/ 24 rows of data, 5 kb
         wrote table DefaultFenestrationUFactors w/ 18 rows of data, 3 kb
         wrote table NA6FenestrationUFactorCoeff w/ 9 rows of data, 1 kb
         wrote table NA6FenestrationVTf w/ 7 rows of data, 1 kb
         wrote table PAFs w/ 9 rows of data, 3 kb
         wrote table LightHeatGainDistribution w/ 27 rows of data, 4 kb
         wrote table DayltCtrlParms w/ 7 rows of data, 0.596 kb
         wrote table PrescriptiveHtRcvryReqs w/ 20 rows of data, 8 kb
         wrote table UnitaryACHPMinEffReq w/ 138 rows of data, 78 kb
         wrote table AverageStateEnergyCosts w/ 53 rows of data, 6 kb
         wrote table CAComFileHashes w/ 36 rows of data, 7 kb
         wrote table CAComKeys w/ 81 rows of data, 13 kb
         wrote table CAClimateZoneInletMainsTemp w/ 16 rows of data, 0.735 kb
         wrote table CAClimateZoneDHWASHPAdj w/ 16 rows of data, 0.727 kb
         wrote table CAResDHW_LoopPipeSize w/ 10 rows of data, 1 kb
         wrote table CAUEFConvCat w/ 8 rows of data, 2 kb
         wrote table CAUEFModelCoef w/ 21 rows of data, 5 kb
         wrote table CAUEFMinCoef w/ 41 rows of data, 11 kb
         wrote table SolarThermalCollectors w/ 762 rows of data, 146 kb
         wrote table SolarCollectorCountEst w/ 16 rows of data, 2 kb
         wrote table T24RCHPWHCompressor w/ 111 rows of data, 22 kb
         wrote table T24NR_PVCapacity w/ 12 rows of data, 5 kb
         wrote table T24NR_BatteryCapacity w/ 12 rows of data, 5 kb
         wrote table T24MF_PVCapacity w/ 17 rows of data, 1 kb
         wrote table T24RClimateZoneCodeBase w/ 288 rows of data, 714 kb
         wrote table T24RClimateZoneInletMainsTemp w/ 16 rows of data, 0.737 kb
         wrote table T24RClimateZoneDesignDay w/ 144 rows of data, 32 kb
         wrote table T24RMatLibrary w/ 88 rows of data, 7 kb
         wrote table T24RHeatingEquipment w/ 240 rows of data, 120 kb
         wrote table T24RCoolingEquipment w/ 288 rows of data, 147 kb
         wrote table BuriedDuctEffectiveRValue w/ 36 rows of data, 16 kb
         wrote table BuriedDuctLevel w/ 12 rows of data, 1 kb
         wrote table CommunitySolar w/ 4 rows of data, 0.682 kb
         wrote table T24RDHW_LoopPipeSize w/ 10 rows of data, 1 kb
         wrote table VCHP3_NEEPRegressions w/ 5 rows of data, 0.542 kb
         wrote table VCHP3_NEEPStatistics w/ 114 rows of data, 6 kb
         wrote table HtPump3_Interp_2Speed_Low_SEER2EER2ratio_SEER2 w/ 2 rows of data, 0.444 kb
         wrote table HtPump3_Interp_VarSpeed_Low_SEER2EER2ratio_COP w/ 5 rows of data, 0.885 kb
         wrote table HtPump3_Interp_Single_Full_HeatCapRatio_COP w/ 5 rows of data, 1 kb
         wrote table HtPump3_Interp_Two_Full_HeatCapRatio_COP w/ 5 rows of data, 1 kb
         wrote table HtPump3_Interp_VarSpeed_Full_HeatCapRatio_COP w/ 5 rows of data, 1 kb
         wrote table PrescripAdditions_WoodExtWallCons w/ 15 rows of data, 2 kb
         wrote table PrescripAdditions_CeilingBelowAtticCons w/ 27 rows of data, 3 kb
         wrote table PrescripAdditions_RoofDeckInsul w/ 33 rows of data, 3 kb
         wrote table PrescripAdditions_RadiantBarrier w/ 39 rows of data, 3 kb
         wrote table PrescripAdditions_MaxGlazingArea w/ 3 rows of data, 0.3 kb
         wrote table DHWTankAreaCoefs w/ 7 rows of data, 2 kb
         wrote table HPWHData_NEEA w/ 548 rows of data, 530 kb
         wrote table T24RDemandResponseHPWH_Sched w/ 1564 rows of data, 1,011 kb
         wrote table T24RCustomStandardDesign w/ 58 rows of data, 24 kb
         wrote table T24N_2025FanPwrIdxAdj w/ 6 rows of data, 2 kb
         wrote table T24N_2025BaseFanPwrIdx w/ 3 rows of data, 1 kb
         wrote table SchSmlCECStd22010012TrmlUnit w/ 11 rows of data, 3 kb
         wrote table SchSmlCECStd22010012CoilClg w/ 11 rows of data, 3 kb
         wrote table SchSmlCECStd22010012CoilHtg w/ 22 rows of data, 6 kb
         wrote table SchSmlCECStd22010012Fan w/ 11 rows of data, 5 kb
         wrote table SchSmlCECStd22010012OACtrl w/ 11 rows of data, 2 kb
         wrote table OffSmlCECStd22020012TrmlUnit w/ 5 rows of data, 2 kb
         wrote table OffSmlCECStd22020012CoilClg w/ 5 rows of data, 2 kb
         wrote table OffSmlCECStd22020012CoilHtg w/ 10 rows of data, 3 kb
         wrote table OffSmlCECStd22020012Fan w/ 5 rows of data, 2 kb
         wrote table OffSmlCECStd22020012OACtrl w/ 5 rows of data, 1 kb
         wrote table OffSmlCECStd22020012STrmlUnit w/ 5 rows of data, 2 kb
         wrote table OffSmlCECStd22020012SCoilClg w/ 5 rows of data, 2 kb
         wrote table OffSmlCECStd22020012SCoilHtg w/ 10 rows of data, 3 kb
         wrote table OffSmlCECStd22020012SFan w/ 5 rows of data, 2 kb
         wrote table OffSmlCECStd22020012SOACtrl w/ 5 rows of data, 1 kb
         wrote table OffMedCECStd22030012TrmlUnit w/ 15 rows of data, 4 kb
         wrote table OffMedCECStd22030012CoilClg w/ 3 rows of data, 1 kb
         wrote table OffMedCECStd22030012CoilHtg w/ 18 rows of data, 5 kb
         wrote table OffMedCECStd22030012Fan w/ 3 rows of data, 1 kb
         wrote table OffMedCECStd22030012OACtrl w/ 3 rows of data, 0.636 kb
         wrote table OffMedCECStd22030012STrmlUnit w/ 15 rows of data, 4 kb
         wrote table OffMedCECStd22030012SCoilClg w/ 3 rows of data, 1 kb
         wrote table OffMedCECStd22030012SCoilHtg w/ 18 rows of data, 5 kb
         wrote table OffMedCECStd22030012SFan w/ 3 rows of data, 1 kb
         wrote table OffMedCECStd22030012SOACtrl w/ 3 rows of data, 0.637 kb
         wrote table OffLrgCECStd22040012TrmlUnit w/ 21 rows of data, 6 kb
         wrote table OffLrgCECStd22040012CoilClg w/ 5 rows of data, 2 kb
         wrote table OffLrgCECStd22040012CoilHtg w/ 26 rows of data, 8 kb
         wrote table OffLrgCECStd22040012Fan w/ 8 rows of data, 3 kb
         wrote table OffLrgCECStd22040012OACtrl w/ 5 rows of data, 1 kb
         wrote table RetlMedCECStd22050012TrmlUnit w/ 4 rows of data, 1 kb
         wrote table RetlMedCECStd22050012CoilClg w/ 4 rows of data, 1 kb
         wrote table RetlMedCECStd22050012CoilHtg w/ 8 rows of data, 2 kb
         wrote table RetlMedCECStd22050012Fan w/ 4 rows of data, 2 kb
         wrote table RetlMedCECStd22050012OACtrl w/ 4 rows of data, 0.848 kb
         wrote table RstntSmlCECStd22060012TrmlUnit w/ 2 rows of data, 0.722 kb
         wrote table RstntSmlCECStd22060012CoilClg w/ 2 rows of data, 0.776 kb
         wrote table RstntSmlCECStd22060012CoilHtg w/ 2 rows of data, 0.713 kb
         wrote table RstntSmlCECStd22060012Fan w/ 2 rows of data, 1 kb
         wrote table RstntSmlCECStd22060012OACtrl w/ 2 rows of data, 0.477 kb
         wrote table HotSmlCECStd22070012TrmlUnit w/ 28 rows of data, 8 kb
         wrote table HotSmlCECStd22070012CoilClg w/ 39 rows of data, 13 kb
         wrote table HotSmlCECStd22070012CoilHtg w/ 67 rows of data, 20 kb
         wrote table HotSmlCECStd22070012Fan w/ 39 rows of data, 17 kb
         wrote table HotSmlCECStd22070012OACtrl w/ 4 rows of data, 0.805 kb
         wrote table WhseCECStd22080012TrmlUnit w/ 3 rows of data, 1 kb
         wrote table WhseCECStd22080012CoilClg w/ 1 rows of data, 0.49 kb
         wrote table WhseCECStd22080012CoilHtg w/ 4 rows of data, 1 kb
         wrote table WhseCECStd22080012Fan w/ 3 rows of data, 1 kb
         wrote table WhseCECStd22080012OACtrl w/ 3 rows of data, 0.638 kb
         wrote table RetlLrgCECStd22090012TrmlUnit w/ 11 rows of data, 3 kb
         wrote table RetlLrgCECStd22090012CoilClg w/ 11 rows of data, 3 kb
         wrote table RetlLrgCECStd22090012CoilHtg w/ 22 rows of data, 6 kb
         wrote table RetlLrgCECStd22090012Fan w/ 11 rows of data, 5 kb
         wrote table RetlLrgCECStd22090012OACtrl w/ 11 rows of data, 2 kb
         wrote table HighRiseRes10StoryCECStd220110012TrmlUnit w/ 30 rows of data, 9 kb
         wrote table HighRiseRes10StoryCECStd220110012CoilClg w/ 21 rows of data, 7 kb
         wrote table HighRiseRes10StoryCECStd220110012CoilHtg w/ 33 rows of data, 9 kb
         wrote table HighRiseRes10StoryCECStd220110012Fan w/ 57 rows of data, 23 kb
         wrote table HighRiseRes10StoryCECStd220110012OACtrl w/ 21 rows of data, 4 kb
         wrote table SchSmlCECStd25010012TrmlUnit w/ 11 rows of data, 3 kb
         wrote table SchSmlCECStd25010012CoilClg w/ 11 rows of data, 3 kb
         wrote table SchSmlCECStd25010012CoilHtg w/ 22 rows of data, 6 kb
         wrote table SchSmlCECStd25010012Fan w/ 11 rows of data, 5 kb
         wrote table SchSmlCECStd25010012OACtrl w/ 11 rows of data, 2 kb
         wrote table OffSmlCECStd25020012TrmlUnit w/ 5 rows of data, 2 kb
         wrote table OffSmlCECStd25020012CoilClg w/ 5 rows of data, 2 kb
         wrote table OffSmlCECStd25020012CoilHtg w/ 10 rows of data, 3 kb
         wrote table OffSmlCECStd25020012Fan w/ 5 rows of data, 2 kb
         wrote table OffSmlCECStd25020012OACtrl w/ 5 rows of data, 1 kb
         wrote table OffSmlCECStd25020012STrmlUnit w/ 5 rows of data, 2 kb
         wrote table OffSmlCECStd25020012SCoilClg w/ 5 rows of data, 2 kb
         wrote table OffSmlCECStd25020012SCoilHtg w/ 10 rows of data, 3 kb
         wrote table OffSmlCECStd25020012SFan w/ 5 rows of data, 2 kb
         wrote table OffSmlCECStd25020012SOACtrl w/ 5 rows of data, 1 kb
         wrote table OffMedCECStd25030012TrmlUnit w/ 15 rows of data, 4 kb
         wrote table OffMedCECStd25030012CoilClg w/ 3 rows of data, 1 kb
         wrote table OffMedCECStd25030012CoilHtg w/ 18 rows of data, 5 kb
         wrote table OffMedCECStd25030012Fan w/ 6 rows of data, 3 kb
         wrote table OffMedCECStd25030012OACtrl w/ 3 rows of data, 0.642 kb
         wrote table OffMedCECStd25030012STrmlUnit w/ 15 rows of data, 4 kb
         wrote table OffMedCECStd25030012SCoilClg w/ 3 rows of data, 1 kb
         wrote table OffMedCECStd25030012SCoilHtg w/ 18 rows of data, 5 kb
         wrote table OffMedCECStd25030012SFan w/ 6 rows of data, 3 kb
         wrote table OffMedCECStd25030012SOACtrl w/ 3 rows of data, 0.643 kb
         wrote table OffLrgCECStd25040012TrmlUnit w/ 21 rows of data, 6 kb
         wrote table OffLrgCECStd25040012CoilClg w/ 5 rows of data, 2 kb
         wrote table OffLrgCECStd25040012CoilHtg w/ 26 rows of data, 8 kb
         wrote table OffLrgCECStd25040012Fan w/ 8 rows of data, 3 kb
         wrote table OffLrgCECStd25040012OACtrl w/ 5 rows of data, 1 kb
         wrote table RetlMedCECStd25050012TrmlUnit w/ 4 rows of data, 1 kb
         wrote table RetlMedCECStd25050012CoilClg w/ 4 rows of data, 1 kb
         wrote table RetlMedCECStd25050012CoilHtg w/ 8 rows of data, 2 kb
         wrote table RetlMedCECStd25050012Fan w/ 4 rows of data, 2 kb
         wrote table RetlMedCECStd25050012OACtrl w/ 4 rows of data, 0.848 kb
         wrote table RstntSmlCECStd25060012TrmlUnit w/ 2 rows of data, 0.722 kb
         wrote table RstntSmlCECStd25060012CoilClg w/ 2 rows of data, 0.776 kb
         wrote table RstntSmlCECStd25060012CoilHtg w/ 2 rows of data, 0.713 kb
         wrote table RstntSmlCECStd25060012Fan w/ 2 rows of data, 1 kb
         wrote table RstntSmlCECStd25060012OACtrl w/ 2 rows of data, 0.477 kb
         wrote table HotSmlCECStd25070012TrmlUnit w/ 28 rows of data, 8 kb
         wrote table HotSmlCECStd25070012CoilClg w/ 39 rows of data, 13 kb
         wrote table HotSmlCECStd25070012CoilHtg w/ 67 rows of data, 20 kb
         wrote table HotSmlCECStd25070012Fan w/ 39 rows of data, 17 kb
         wrote table HotSmlCECStd25070012OACtrl w/ 4 rows of data, 0.805 kb
         wrote table WhseCECStd25080012TrmlUnit w/ 3 rows of data, 1 kb
         wrote table WhseCECStd25080012CoilClg w/ 1 rows of data, 0.49 kb
         wrote table WhseCECStd25080012CoilHtg w/ 4 rows of data, 1 kb
         wrote table WhseCECStd25080012Fan w/ 4 rows of data, 2 kb
         wrote table WhseCECStd25080012OACtrl w/ 3 rows of data, 0.638 kb
         wrote table RetlLrgCECStd25090012TrmlUnit w/ 11 rows of data, 3 kb
         wrote table RetlLrgCECStd25090012CoilClg w/ 11 rows of data, 3 kb
         wrote table RetlLrgCECStd25090012CoilHtg w/ 22 rows of data, 6 kb
         wrote table RetlLrgCECStd25090012Fan w/ 11 rows of data, 5 kb
         wrote table RetlLrgCECStd25090012OACtrl w/ 11 rows of data, 2 kb
         wrote table SecTDV_ZEROCode w/ 8760 rows of data, 526 kb
         wrote table ProjCompStatusCat w/ 23 rows of data, 9 kb
         wrote table ValidCompStatus w/ 23 rows of data, 7 kb
         wrote table NumberOfT24NResultsSets w/ 3 rows of data, 0.277 kb
         wrote table T24NResultSetData w/ 8 rows of data, 3 kb
         wrote table ZoneBoundaryWallFactorTable w/ 7 rows of data, 0.791 kb
         wrote table TDVSummerPkTable w/ 16 rows of data, 0.716 kb
         wrote table S901GDefaultOpqDoorUFactor w/ 5 rows of data, 0.441 kb
         wrote table CECDefaultOpqDoorUFactor w/ 7 rows of data, 0.594 kb
         wrote table OpaqueEnvelopeMaxUFactor_T24N_2019 w/ 10 rows of data, 1 kb
         wrote table AlteredMassFloorMaxUFactor_T24N_2019 w/ 3 rows of data, 0.254 kb
         wrote table AlteredRoofMaxUFactor_T24N_2019 w/ 3 rows of data, 2 kb
         wrote table KitExhHoodMaxFlow w/ 6 rows of data, 1 kb
         wrote table DayltgRDPCoefficients w/ 3 rows of data, 0.684 kb
         wrote table HeatedSlabFFactor w/ 11 rows of data, 4 kb
         wrote table UnheatedSlabFFactor w/ 11 rows of data, 4 kb
         wrote table ExteriorWallUFactor_S901G w/ 3 rows of data, 2 kb
         wrote table ExteriorWallUFactor_T24N_2016 w/ 18 rows of data, 8 kb
         wrote table ExteriorWallUFactor_T24N_2019 w/ 18 rows of data, 8 kb
         wrote table ExteriorWallUFactor_T24N_2022 w/ 18 rows of data, 8 kb
         wrote table MetalFrameWallConstruct_T24N_2016 w/ 8 rows of data, 0.559 kb
         wrote table MassLightWallConstruct_T24N_2016 w/ 6 rows of data, 0.436 kb
         wrote table MassHeavyWallConstruct_T24N_2016 w/ 6 rows of data, 0.436 kb
         wrote table MetalBldgWallConstruct_T24N_2016 w/ 3 rows of data, 0.265 kb
         wrote table WoodWallConstruct_T24N_2016 w/ 7 rows of data, 0.453 kb
         wrote table MetalFrameWallConstruct_T24N_2019 w/ 8 rows of data, 0.559 kb
         wrote table MassLightWallConstruct_T24N_2019 w/ 6 rows of data, 0.436 kb
         wrote table MassHeavyWallConstruct_T24N_2019 w/ 6 rows of data, 0.436 kb
         wrote table MetalBldgWallConstruct_T24N_2019 w/ 3 rows of data, 0.265 kb
         wrote table WoodWallConstruct_T24N_2019 w/ 7 rows of data, 0.453 kb
         wrote table ExteriorRoofUFactor_S901G w/ 3 rows of data, 2 kb
         wrote table ExteriorFlatRoofUFactor_T24N_2016 w/ 6 rows of data, 3 kb
         wrote table ExteriorSteepRoofUFactor_T24N_2016 w/ 6 rows of data, 3 kb
         wrote table AlteredRoofUFactor_T24N_2016 w/ 6 rows of data, 3 kb
         wrote table ExteriorFlatRoofUFactor_T24N_2019 w/ 6 rows of data, 3 kb
         wrote table ExteriorSteepRoofUFactor_T24N_2019 w/ 6 rows of data, 3 kb
         wrote table AlteredRoofUFactor_T24N_2019 w/ 6 rows of data, 3 kb
         wrote table AlteredRoofUFactor_T24N_2022 w/ 6 rows of data, 3 kb
         wrote table ExteriorSteepRoofUFactor_T24N_2025 w/ 6 rows of data, 3 kb
         wrote table ExteriorFlatRoofUFactor_T24N_2025 w/ 6 rows of data, 3 kb
         wrote table ExteriorFloorUFactor_S901G w/ 3 rows of data, 2 kb
         wrote table ExteriorFloorUFactor w/ 6 rows of data, 3 kb
         wrote table OtherFloorConstruct w/ 4 rows of data, 0.297 kb
         wrote table MassFloorConstruct w/ 8 rows of data, 0.513 kb
         wrote table BaseOpqDoorUFactor_S901G w/ 6 rows of data, 3 kb
         wrote table BaseOpqDoorUFactor w/ 6 rows of data, 3 kb
         wrote table DsgnTStatSetpt w/ 14 rows of data, 1 kb
         wrote table StdElecMtrSize w/ 25 rows of data, 2 kb
         wrote table StdElecMtrPerf w/ 25 rows of data, 2 kb
         wrote table StdDXClgEfficiencyS901G w/ 4 rows of data, 0.246 kb
         wrote table StdHPClgEfficiencyS901G w/ 3 rows of data, 0.206 kb
         wrote table StdHPHtgEfficiency w/ 3 rows of data, 0.203 kb
         wrote table StdLabFumeHoodIntensiveDensity w/ 7 rows of data, 0.389 kb
         wrote table T24BlrMinEff w/ 9 rows of data, 1 kb
         wrote table T24ChlrMinEff w/ 25 rows of data, 7 kb
         wrote table T24HtRejMinGPMPerHP w/ 7 rows of data, 0.642 kb
         wrote table T24HtRejMinGPMPerHP_2025 w/ 2 rows of data, 1 kb
         wrote table DefaultResVRFSpd w/ 2 rows of data, 0.401 kb
         wrote table BaseHtPumpWtHtrTankLossTbl w/ 5 rows of data, 0.308 kb
         wrote table CapfTempCrvCoefTbl w/ 3 rows of data, 0.664 kb
         wrote table COPfTempCrvCoefTbl w/ 3 rows of data, 0.664 kb
         wrote table UEFMdlDrawPatternFHRTbl w/ 4 rows of data, 0.277 kb
         wrote table UEFMdlDrawPatternFlowRtTbl w/ 4 rows of data, 0.283 kb
         wrote table UEFMdlCoefTbl w/ 4 rows of data, 1 kb
         wrote table PrpHPWtrHtrUAEF w/ 5 rows of data, 0.613 kb
         wrote table CALGreenComplianceMargin w/ 22 rows of data, 3 kb
         wrote table T24RSlabEdgeInsulationTable w/ 17 rows of data, 4 kb


Rulelist Summary:                                                                   Allow  Tag As
         Line   Num                                                       Set ALL    Mult   User   Perform
  Num     Num  Rules  Rulelist Name                                         Data    Evals  Defind   Resets   Rulelist Filename
  ---------------------------------------------------------------------------------------------------------------------
    1     207  6817   rl_DEFAULT                                             -        -      -        T      C:/dev/bigladder/CBECC/RulesetSrc/T24NRMF/T24N_2025.txt
    2     207     1   rl_PREANALYSISCHECK                                    T        -      -        T      C:/dev/bigladder/CBECC/RulesetSrc/T24NRMF/T24N_2025.txt
    3     207   444   rl_CHECKCODE                                           T        -      -        T      C:/dev/bigladder/CBECC/RulesetSrc/T24NRMF/T24N_2025.txt
    4     207   439   rl_CHECKSIM                                            T        -      -        T      C:/dev/bigladder/CBECC/RulesetSrc/T24NRMF/T24N_2025.txt
    5     207     1   rl_FILEHASHES                                          T        -      -        T      C:/dev/bigladder/CBECC/RulesetSrc/T24NRMF/T24N_2025.txt
      ---------------------------------------------------------------------------------------------------------
    6     207    12   rl_SECURITYKEYS                                        T        -      -        T      C:/dev/bigladder/CBECC/RulesetSrc/T24NRMF/T24N_2025.txt
    7     207   321   rl_REPORT                                              T        -      -        T      C:/dev/bigladder/CBECC/RulesetSrc/T24NRMF/T24N_2025.txt
    8     207   718   rl_NRCCPRF                                             T        -      -        T      C:/dev/bigladder/CBECC/RulesetSrc/T24NRMF/T24N_2025.txt
    9     207     0   rl_USER                                                T        -      -        T      C:/dev/bigladder/CBECC/RulesetSrc/T24NRMF/T24N_2025.txt
   10     207  3280   rl_SIZING_PROPOSED                                     T        -      -        T      C:/dev/bigladder/CBECC/RulesetSrc/T24NRMF/T24N_2025.txt
      ---------------------------------------------------------------------------------------------------------
   11     207  3037   rl_SIZING_BASELINE                                     T        -      -        T      C:/dev/bigladder/CBECC/RulesetSrc/T24NRMF/T24N_2025.txt
   12     207  4101   rl_ANNUAL_PROPOSED                                     T        -      -        T      C:/dev/bigladder/CBECC/RulesetSrc/T24NRMF/T24N_2025.txt
   13     207  2827   rl_ANNUAL_BASELINE                                     T        -      -        T      C:/dev/bigladder/CBECC/RulesetSrc/T24NRMF/T24N_2025.txt
   14      38    39   LoadModelAdjustments                                   T        -      -        T      Rules_LoadModelAdjustments.rule
   15     378     2   ForceReset_Proj_WeatherStation                         T        -      -        T      Rules_LoadModelAdjustments.rule
      ---------------------------------------------------------------------------------------------------------
   16     385     3   ForceDefault_CodeVersion_RptGenUI                      T        -      -        T      Rules_LoadModelAdjustments.rule
   17     393     0   BackwardCompat_AirSrcHtPumpType_to_HPWHModel           T        -      T        -      Rules_LoadModelAdjustments.rule
   18     426     2   BackwardCompat_WeatherStationRemoval_2022              T        -      T        -      Rules_LoadModelAdjustments.rule
   19     436     2   BackwardCompat_VentStd                                 T        -      T        -      Rules_LoadModelAdjustments.rule
   20     445     5   BackwardCompat_AlowType                                T        -      T        -      Rules_LoadModelAdjustments.rule
      ---------------------------------------------------------------------------------------------------------
   21     458     5   BackwardCompat_VeryValuableDisplayCaseNotAllowa        T        -      T        -      Rules_LoadModelAdjustments.rule
   22     471     2   BackwardCompat_IntLtgSpecMthd                          T        -      T        -      Rules_LoadModelAdjustments.rule
   23     497     2   BackwardCompat_DefCtrl                                 T        -      T        -      Rules_LoadModelAdjustments.rule
   24     507     2   BackwardCompat_DefHtrCap                               T        -      T        -      Rules_LoadModelAdjustments.rule
   25     517     4   ResWtrHtr_Remove_UEFRated                              T        -      T        -      Rules_LoadModelAdjustments.rule
      ---------------------------------------------------------------------------------------------------------
   26     529     0   BlastInput_ResDHWSys_AnnualSolFrac                     T        -      T        -      Rules_LoadModelAdjustments.rule
   27     537     0   BlastInput_ResDHWSys_SolarReporting                    T        -      T        -      Rules_LoadModelAdjustments.rule
   28     569     2   TransformOld_ResDHWSys_RecircPump                      T        -      T        -      Rules_LoadModelAdjustments.rule
   29     588     0   TransformOld_ResDHWSys_CentralSys_DistType             T        -      T        -      Rules_LoadModelAdjustments.rule
   30     606     0   ResWtrHtr_Default_HPWHFlags                            -        -      -        T      Rules_LoadModelAdjustments.rule
      ---------------------------------------------------------------------------------------------------------
   31     621     0   ResWtrHtr_HPWHFlagIssue                                T        -      -        T      Rules_LoadModelAdjustments.rule
   32     626     0   ResWtrHtr_Force_HPWHCat_FromHPWHFlags                  T        -      T        -      Rules_LoadModelAdjustments.rule
   33     635     0   ResWtrHtr_Force_HPWHFlagReset                          T        -      -        T      Rules_LoadModelAdjustments.rule
   34     643     1   TransformOld_ResSpcDHWFeatures_SpecFxtrDistances       T        -      T        -      Rules_LoadModelAdjustments.rule
   35     649    14   Test_Psych_HAProps                                     T        -      -        T      Rules_LoadModelAdjustments.rule
      ---------------------------------------------------------------------------------------------------------
   36     682     2   BackwardCompat_AirSys_DOASClgCtrl                      T        -      T        -      Rules_LoadModelAdjustments.rule
   37     693     2   BackwardCompat_PVArray_CalFlexibleInstall              T        -      T        -      Rules_LoadModelAdjustments.rule
   38     705     2   Blast_ResProj_IntSurfModelMthd                         T        -      -        -      Rules_LoadModelAdjustments.rule
   39     713     1   BackwardCompat_Blast_AddAloneExistArea                 T        -      -        -      Rules_LoadModelAdjustments.rule
   40     719     2   Blast_SpcFuncDefaults_SpcFunc_HighRiseRes              T        -      T        -      Rules_LoadModelAdjustments.rule
      ---------------------------------------------------------------------------------------------------------
   41     726     2   Blast_Spc_SpcFunc_HighRiseRes                          T        -      T        -      Rules_LoadModelAdjustments.rule
   42     733     2   Blast_Proj_MandatoryLtgCtrlSpcFunctRpt_1_HighRiseRes   T        -      T        -      Rules_LoadModelAdjustments.rule
   43     739     2   Blast_Proj_MandatoryLtgCtrlSpcFunctRpt_2_HighRiseRes   T        -      T        -      Rules_LoadModelAdjustments.rule
   44     745     2   Blast_Proj_MandatoryLtgCtrlSpcFunctRpt_3_HighRiseRes   T        -      T        -      Rules_LoadModelAdjustments.rule
   45     751     2   Blast_Proj_MandatoryLtgCtrlSpcFunctRpt_4_HighRiseRes   T        -      T        -      Rules_LoadModelAdjustments.rule
      ---------------------------------------------------------------------------------------------------------
   46     757     2   Blast_Proj_MandatoryLtgCtrlSpcFunctRpt_5_HighRiseRes   T        -      T        -      Rules_LoadModelAdjustments.rule
   47     763     2   Blast_Proj_MandatoryLtgCtrlSpcFunctRpt_6_HighRiseRes   T        -      T        -      Rules_LoadModelAdjustments.rule
   48     769     2   Blast_Proj_MandatoryLtgCtrlSpcFunctRpt_7_HighRiseRes   T        -      T        -      Rules_LoadModelAdjustments.rule
   49     775     2   Blast_Proj_MandatoryLtgCtrlSpcFunctRpt_8_HighRiseRes   T        -      T        -      Rules_LoadModelAdjustments.rule
   50     781     2   Blast_Proj_MandatoryLtgCtrlSpcFunctRpt_9_HighRiseRes   T        -      T        -      Rules_LoadModelAdjustments.rule
      ---------------------------------------------------------------------------------------------------------
   51     787     2   Blast_Proj_MandatoryLtgCtrlSpcFunctRpt_10_HighRiseRes   T        -      T        -      Rules_LoadModelAdjustments.rule
   52     795    10   Blast_ResOtherZnIAQ_forAirSys                          T        -      T        -      Rules_LoadModelAdjustments.rule
   53     813     2   Blast_ResOtherZn_CentralSupplyCFM                      T        -      T        -      Rules_LoadModelAdjustments.rule
   54     819     2   Blast_ResOtherZn_CentralExhaustCFM                     T        -      T        -      Rules_LoadModelAdjustments.rule
   55     827     2   Set_IAQFIDandAccessible_forDwellUnitType               -        -      T        -      Rules_LoadModelAdjustments.rule
      ---------------------------------------------------------------------------------------------------------
   56     834     2   Set_MFamIAQFIDandAccessible                            T        -      T        -      Rules_LoadModelAdjustments.rule
   57     843    10   Resets_ForResAirSys                                    T        -      T        -      Rules_LoadModelAdjustments.rule
   58     919     1   TransformOld_ResClgSys_EffMetric                       T        -      T        -      Rules_LoadModelAdjustments.rule
   59     923     1   TransformOld_ResHtPumpSys_EffMetric                    T        -      T        -      Rules_LoadModelAdjustments.rule
   60     929     2   ForceUpdate_Attic_Status_AlteredRoofSurface            T        -      T        T      Rules_LoadModelAdjustments.rule
      ---------------------------------------------------------------------------------------------------------
   61     937     2   ForceReset_Proj_UseCommunitySolar                      T        -      -        T      Rules_LoadModelAdjustments.rule
   62     942     1   ForceReset_CUAC_UseCommunitySolar                      T        -      -        T      Rules_LoadModelAdjustments.rule
   63     949     4   CUAC_PerformGen2UtilityRateMapping_Electric            T        -      T        -      Rules_LoadModelAdjustments.rule
   64     958     4   CUAC_PerformGen2UtilityRateMapping_Gas                 T        -      T        -      Rules_LoadModelAdjustments.rule
   65     969     4   CUAC_PerformGen2UtilityRateBackwardCompat_SP2_Electric   T        -      T        -      Rules_LoadModelAdjustments.rule
      ---------------------------------------------------------------------------------------------------------
   66     982     3   CRAC_EfficiencyMetricBackwardCompat                    T        -      T        -      Rules_LoadModelAdjustments.rule
   67     992     2   DecorativeDisplayLtgAllowBackwardCompat                T        -      T        -      Rules_LoadModelAdjustments.rule
   68    1002     1   Activate_EnableResearchMode                            T        -      T        -      Rules_LoadModelAdjustments.rule
   69      37     5   AnalysisPostProcessing                                 T        -      -        T      Rules_AnalysisPostProcessing.rule
   70      66     1   SetUserDefined_PVBattResultsValid                      T        -      T        T      Rules_AnalysisPostProcessing.rule
      ---------------------------------------------------------------------------------------------------------
   71      76     5   SetUserDefined_ComplyMessage                           T        -      T        T      Rules_AnalysisPostProcessing.rule
   72     116     3   SetUserDefined_DHW_SSF_Summary                         T        -      T        -      Rules_AnalysisPostProcessing.rule
   73     134    46   SetupResultsUILabels_25                                T        -      T        -      Rules_AnalysisPostProcessing.rule
   74     218     0   RunPostProcessing                                      T        -      -        T      Rules_AnalysisPostProcessing.rule
   75      40     1   zp_EnergyPlus_PreSim                                   T        -      -        T      Rules_PreSim.rule
      ---------------------------------------------------------------------------------------------------------
   76      51     1   zb_EnergyPlus_PreSim                                   T        -      -        T      Rules_PreSim.rule
   77      62     6   ap_EnergyPlus_PreSim                                   T        -      -        T      Rules_PreSim.rule
   78      98     6   ab_EnergyPlus_PreSim                                   T        -      -        T      Rules_PreSim.rule
   79     133     1   EPlus_PreSim_DayltSavTime                              T        -      -        T      Rules_PreSim.rule
   80     141     8   EPlus_PreSim_SuppHtgLockoutCtrl                        T        -      -        T      Rules_PreSim.rule
      ---------------------------------------------------------------------------------------------------------
   81     189    12   EPlus_PreSim_HtRcvryRetAirResetTempCtrl                T        -      -        T      Rules_PreSim.rule
   82     255     7   EPlus_PreSim_OutputVars                                T        -      -        T      Rules_PreSim.rule
   83     279    15   EPlus_PreSim_SimVarsThrmlZn                            T        -      -        T      Rules_PreSim.rule
   84     316    15   EPlus_PreSim_SimVarsHVACSec                            T        -      -        T      Rules_PreSim.rule
   85     353    16   EPlus_PreSim_SimVarsHVACSecTempFlow                    T        -      -        T      Rules_PreSim.rule
      ---------------------------------------------------------------------------------------------------------
   86     390    29   EPlus_PreSim_SimVarsHVACZn                             T        -      -        T      Rules_PreSim.rule
   87     461     6   EPlus_PreSim_SimVarsHVACZnTempFlow                     T        -      -        T      Rules_PreSim.rule
   88     494    13   EPlus_PreSim_SimVarsHtRcvry                            T        -      -        T      Rules_PreSim.rule
   89     523    20   EPlus_PreSim_SimVarsHVACPri                            T        -      -        T      Rules_PreSim.rule
   90     571     1   SetAsElecMeter                                         T        -      -        T      Rules_PreSim.rule
      ---------------------------------------------------------------------------------------------------------
   91     575     1   SetAsGasMeter                                          T        -      -        T      Rules_PreSim.rule
   92     582    74   EPlus_PreSim_Meters                                    T        -      -        T      Rules_PreSim.rule
   93      40     9   zp_PostSim                                             T        -      -        T      Rules_PostSim.rule
   94      99     9   zb_PostSim                                             T        -      -        T      Rules_PostSim.rule
   95     148     5   ap_PostSim                                             T        -      -        T      Rules_PostSim.rule
      ---------------------------------------------------------------------------------------------------------
   96      38     1   GenerateDDYFromWeatherData                             T        -      -        T      Rules_GenerateDDYFromWeatherData.rule
   97      47     4   GenerateDDYFromWeatherData_Dummy                       T        -      -        T      Rules_GenerateDDYFromWeatherData.rule
   98      71     4   GenerateDDYFromWeatherData_Valid                       T        -      -        T      Rules_GenerateDDYFromWeatherData.rule
   99     121     6   Location                                               T        -      -        T      Rules_GenerateDDYFromWeatherData.rule
  100     133    27   DesignDay_Htg_Ann                                      T        -      -        T      Rules_GenerateDDYFromWeatherData.rule
      ---------------------------------------------------------------------------------------------------------
  101     166    26   DesignDay_Clg_06                                       T        -      -        T      Rules_GenerateDDYFromWeatherData.rule
  102     198    26   DesignDay_Clg_07                                       T        -      -        T      Rules_GenerateDDYFromWeatherData.rule
  103     230    26   DesignDay_Clg_08                                       T        -      -        T      Rules_GenerateDDYFromWeatherData.rule
  104     262    26   DesignDay_Clg_09                                       T        -      -        T      Rules_GenerateDDYFromWeatherData.rule
  105     294    26   DesignDay_Clg_10                                       T        -      -        T      Rules_GenerateDDYFromWeatherData.rule
      ---------------------------------------------------------------------------------------------------------
  106     326    26   DesignDay_Clg_11                                       T        -      -        T      Rules_GenerateDDYFromWeatherData.rule
  107     358     8   PopulateDDYFile                                        T        -      -        T      Rules_GenerateDDYFromWeatherData.rule
  108     114    45   Setup_ResSpcDHWFeatures                                -        -      -        T      Rules_Default_DHW-MFam.rule
  109     249     2   Create_Spc_ResSpcDHWFeatures_1                         T        -      T        T      Rules_Default_DHW-MFam.rule
  110     255     2   Create_Spc_ResSpcDHWFeatures_2                         T        -      T        T      Rules_Default_DHW-MFam.rule
      ---------------------------------------------------------------------------------------------------------
  111     261     2   Create_Spc_ResSpcDHWFeatures_3                         T        -      T        T      Rules_Default_DHW-MFam.rule
  112     267     2   Create_Spc_ResSpcDHWFeatures_4                         T        -      T        T      Rules_Default_DHW-MFam.rule
  113     273     2   Create_Spc_ResSpcDHWFeatures_5                         T        -      T        T      Rules_Default_DHW-MFam.rule
  114     279     2   Create_Spc_ResSpcDHWFeatures_6                         T        -      T        T      Rules_Default_DHW-MFam.rule
  115     285     2   Create_Spc_GuestRmResSpcDHWFeatures                    T        -      T        T      Rules_Default_DHW-MFam.rule
      ---------------------------------------------------------------------------------------------------------
  116     294     9   ProposedInput_ResSpcDHWFeatures_CompactDistribution    -        -      -        T      Rules_Default_DHW-MFam.rule
  117     386     1   ProposedInput_ResSpcDHWFeatures_CompactDistribution_1   -        -      -        T      Rules_Default_DHW-MFam.rule
  118     442     2   ProposedInput_MFam_ResSpcDHWFeatures_CompactDistDWHRMsg   -        -      -        T      Rules_Default_DHW-MFam.rule
  119     453     0   ProposedInput_MFam_ResSpcDHWFeatures_CompactDistDWHRMsg_System1   -        -      -        T      Rules_Default_DHW-MFam.rule
  120     485     1   ProposedInput_ResSpcDHWFeatures_DWHRSys                -        -      -        T      Rules_Default_DHW-MFam.rule
      ---------------------------------------------------------------------------------------------------------
  121     493    31   ProposedInput_ResSpcDHWFeatures_DWHRSys_System1        -        -      -        T      Rules_Default_DHW-MFam.rule
  122     967     4   AdjustCom_ResDHWSys_FloorAreaServed                    -        -      -        T      Rules_Default_DHW-MFam.rule
  123     994     1   AdjustCom_ResDHWSys_ShwrDrnWtrHtRecovRpt               -        -      -        T      Rules_Default_DHW-MFam.rule
  124    1004     2   AdjustCom_ResDHWSys_ConsumptionAndNumDUsServed         -        -      -        T      Rules_Default_DHW-MFam.rule
  125    1019     1   AdjustCom_ResDHWSys_NumAssignedDUFracs                 -        -      -        T      Rules_Default_DHW-MFam.rule
      ---------------------------------------------------------------------------------------------------------
  126    1026     1   AdjustCom_ResDHWSys_NumAssignedBRFracs                 -        -      -        T      Rules_Default_DHW-MFam.rule
  127    1036     8   AdjustCom_ResWtrHtr_HeaterCounts                       T        -      -        T      Rules_Default_DHW-MFam.rule
  128      39   134   ProposedInput_MFam                                     -        -      -        T      Rules_Default_MFam.rule
  129    1364     5   Set_ResProj_DefaultIAQFanPwr                           -        -      -        T      Rules_Default_MFam.rule
  130    1512     1   ForceOff_ResProj_IsAllElectric                         T        -      -        T      Rules_Default_MFam.rule
      ---------------------------------------------------------------------------------------------------------
  131    1519     1   Blast_ResProj_AllowStdDesignFuel                       T        -      -        -      Rules_Default_MFam.rule
  132    1525     2   Force_StdDesignFuel_AllElectric                        T        -      -        -      Rules_Default_MFam.rule
  133    1530    14   Force_StdDesignFuel_CodeFinal                          T        -      -        -      Rules_Default_MFam.rule
  134    1625     2   RemoveInput_ResProj_IntSurfHoleSzRatio                 T        -      -        T      Rules_Default_MFam.rule
  135    1630     4   RemoveInput_ResProj_NatVentWindPresCoefMult            T        -      -        T      Rules_Default_MFam.rule
      ---------------------------------------------------------------------------------------------------------
  136      39   268   ProposedInput_Shell                                    -        -      -        T      Rules_Default_ResShell.rule
  137    1305     6   ProposedInput_Garage                                   -        -      -        T      Rules_Default_ResShell.rule
  138    1331     1   ProposedInput_Garage_Com                               -        -      -        T      Rules_Default_ResShell.rule
  139    1346   175   ProposedInput_SurfacesAndInterZoneAreas                -        -      -        T      Rules_Default_ResShell.rule
  140    2406    33   ProposedInput_Shell_AtticAndCoolVent                   -        -      -        T      Rules_Default_ResShell.rule
      ---------------------------------------------------------------------------------------------------------
  141    2562     6   Default_Attic                                          -        -      -        T      Rules_Default_ResShell.rule
  142    2582    12   Default_AtticAreas                                     -        -      -        T      Rules_Default_ResShell.rule
  143    2619    30   Set_ResExtWallAz_WinAreaByOrientation                  T        -      -        T      Rules_Default_ResShell.rule
  144    2714    12   Default_DwellUnitType_DHWSysRefs                       -        -      -        T      Rules_Default_ResShell.rule
  145    2750   178   Default_DHWHeater_AreaServedAndHydronic                -        -      -        T      Rules_Default_ResShell.rule
      ---------------------------------------------------------------------------------------------------------
  146    3373     1   Default_ResOtherZn_ActiveDHWSystem                     -        -      -        T      Rules_Default_ResShell.rule
  147    3384     7   Set_ResDHWSys_TotNumDHWHeaters                         T        -      -        T      Rules_Default_ResShell.rule
  148    3400     3   OverwriteResWinWidthHeightMultiplier                   T        -      -        T      Rules_Default_ResShell.rule
  149    3405     1   ForceResWinAreaToUndefined                             T        -      -        T      Rules_Default_ResShell.rule
  150    3411     3   OverwriteExistingResWinWidthHeightMultiplier           T        -      -        T      Rules_Default_ResShell.rule
      ---------------------------------------------------------------------------------------------------------
  151    3416     1   ForceResWinExAreaToUndefined                           T        -      -        T      Rules_Default_ResShell.rule
  152    3423     1   ForceDefault_Zone_Type                                 T        -      -        T      Rules_Default_ResShell.rule
  153    3432     3   BackwardCompat_ResIntWall_OutsideDiffUnit              T        -      T        -      Rules_Default_ResShell.rule
  154    3441     3   BackwardCompat_InteriorCeiling_OutsideDiffUnit         T        -      T        -      Rules_Default_ResShell.rule
  155    3449     3   BackwardCompat_ResIntFlr_OutsideDiffUnit               T        -      T        -      Rules_Default_ResShell.rule
      ---------------------------------------------------------------------------------------------------------
  156    3461     4   Set_ZoneClVent_MFam                                    -        -      -        T      Rules_Default_ResShell.rule
  157    3473     1   Create_Garage                                          T        -      -        T      Rules_Default_ResShell.rule
  158    3483     1   Create_CrawlSpace                                      T        -      -        T      Rules_Default_ResShell.rule
  159    3492     1   ForceReset_DwellUnitType_DHWSysRef_1                   T        -      -        T      Rules_Default_ResShell.rule
  160    3495     1   ForceReset_DwellUnitType_DHWSysRef_2                   T        -      -        T      Rules_Default_ResShell.rule
      ---------------------------------------------------------------------------------------------------------
  161    3498     1   ForceReset_DwellUnitType_DHWSysRef_3                   T        -      -        T      Rules_Default_ResShell.rule
  162    3501     1   ForceReset_DwellUnitType_DHWSysRef_4                   T        -      -        T      Rules_Default_ResShell.rule
  163    3504     1   ForceReset_DwellUnitType_DHWSysRef_5                   T        -      -        T      Rules_Default_ResShell.rule
  164    3512     1   ForceDefault_DHWSys_Status                             T        -      -        T      Rules_Default_ResShell.rule
  165    3520     1   ForceDefault_DHWHeater_Status                          T        -      -        T      Rules_Default_ResShell.rule
      ---------------------------------------------------------------------------------------------------------
  166    3528     2   Replace_AdditionCFAFrac_with_AddAloneAreas             T        -      -        T      Rules_Default_ResShell.rule
  167    3533     3   Set_AddAloneAreas_basedon_AdditionCFAFrac              T        -      T        T      Rules_Default_ResShell.rule
  168    3548     3   ForceReset_AddAloneAreas                               T        -      -        T      Rules_Default_ResShell.rule
  169    3558     1   ResetDHWSys1                                           T        -      -        -      Rules_Default_ResShell.rule
  170    3566     1   ResetDHWSys2                                           T        -      -        -      Rules_Default_ResShell.rule
      ---------------------------------------------------------------------------------------------------------
  171    3574     1   ResetAltDHWSys1                                        T        -      -        -      Rules_Default_ResShell.rule
  172    3582     1   ResetAltDHWSys2                                        T        -      -        -      Rules_Default_ResShell.rule
  173    3590     1   ResetExDHWSys1                                         T        -      -        -      Rules_Default_ResShell.rule
  174    3598     1   ResetExDHWSys2                                         T        -      -        -      Rules_Default_ResShell.rule
  175    3606     2   ForceReset_DwellUnitType_HaveWasher                    T        -      T        T      Rules_Default_ResShell.rule
      ---------------------------------------------------------------------------------------------------------
  176    3614     2   ForceReset_DwellUnitType_HaveDryer                     T        -      T        T      Rules_Default_ResShell.rule
  177    3624     2   ForceReset_DwellUnitType_StdDesignIAQLimits            T        -      -        T      Rules_Default_ResShell.rule
  178    3633     4   StandardDefaulting_DwellUnit_IAQPower                  -        -      -        T      Rules_Default_ResShell.rule
  179    3672     2   ForceReset_Zone_Type_Unconditioned                     T        -      -        T      Rules_Default_ResShell.rule
  180     691     2   ForceReset_ResOtherZone_StdDesignIAQLimits             T        -      -        T      Rules_Default_ResOtherZone.rule
      ---------------------------------------------------------------------------------------------------------
  181     700    16   Create_Default_ResOtherZnIAQFan                        T        -      T        -      Rules_Default_ResOtherZone.rule
  182      40    37   ProposedInput_ResEAA_Shell                             -        -      -        T      Rules_Default_ResEAA.rule
  183      95    23   ProposedInput_ResEAA_HVAC                              -        -      -        T      Rules_Default_ResEAA.rule
  184     172     1   Blast_Fan_exWperCFMCool                                T        -      -        T      Rules_Default_ResEAA.rule
  185     178     3   ForceDefaults_ResProj_Status                           T        -      -        T      Rules_Default_ResEAA.rule
      ---------------------------------------------------------------------------------------------------------
  186     185     3   ForceDefaults_Zone_Status                              T        -      -        T      Rules_Default_ResEAA.rule
  187     193    13   ForceDefaults_ResExtWall_Status                        T        -      -        T      Rules_Default_ResEAA.rule
  188     264     4   ForceDefaults_ResWin_Status                            T        -      -        T      Rules_Default_ResEAA.rule
  189     272     4   ForceDefaults_ResDr_Status                             T        -      -        T      Rules_Default_ResEAA.rule
  190     280     6   ForceDefaults_ResExtFlr_Status                         T        -      -        T      Rules_Default_ResEAA.rule
      ---------------------------------------------------------------------------------------------------------
  191     293     6   ForceDefaults_FloorOverCrawl_Status                    T        -      -        T      Rules_Default_ResEAA.rule
  192     306     7   ForceDefaults_CathedralCeiling_Status                  T        -      -        T      Rules_Default_ResEAA.rule
  193     320     6   ForceDefaults_CeilingBelowAttic_Status                 T        -      -        T      Rules_Default_ResEAA.rule
  194     333     6   ForceDefaults_InteriorCeiling_Status                   T        -      -        T      Rules_Default_ResEAA.rule
  195     346     6   ForceDefaults_ResIntWall_Status                        T        -      -        T      Rules_Default_ResEAA.rule
      ---------------------------------------------------------------------------------------------------------
  196     359     6   ForceDefaults_UndWall_Status                           T        -      -        T      Rules_Default_ResEAA.rule
  197     372     6   ForceDefaults_ResIntFlr_Status                         T        -      -        T      Rules_Default_ResEAA.rule
  198     385     6   ForceDefaults_UndFloor_Status                          T        -      -        T      Rules_Default_ResEAA.rule
  199     398     4   ForceDefaults_SlabFloor_Status                         T        -      -        T      Rules_Default_ResEAA.rule
  200     406     5   ForceDefaults_Attic_Status                             T        -      -        T      Rules_Default_ResEAA.rule
      ---------------------------------------------------------------------------------------------------------
  201     415     4   ForceDefaults_ResSkylt_Status                          T        -      -        T      Rules_Default_ResEAA.rule
  202     425     2   Force_ResExtWall_Exception_WallExt                     T        -      T        T      Rules_Default_ResEAA.rule
  203     431     1   ForceReset_ResExtWall_IsWoodFrmdWallExt                T        -      -        T      Rules_Default_ResEAA.rule
  204     436     1   ForceReset_ResExtWall_Exception                        T        -      -        T      Rules_Default_ResEAA.rule
  205     443    69   ForceDefaults_HVACSys_Status                           T        -      -        T      Rules_Default_ResEAA.rule
      ---------------------------------------------------------------------------------------------------------
  206     706     3   ForceDefaults_HVACHeat_Status                          T        -      -        T      Rules_Default_ResEAA.rule
  207     714     3   Initialize_HVACCool_Status                             T        -      -        T      Rules_Default_ResEAA.rule
  208     728     3   Initialize_HVACHtPump_Status                           T        -      -        T      Rules_Default_ResEAA.rule
  209     750     4   ForceDefaults_HVACDist_Status                          T        -      -        T      Rules_Default_ResEAA.rule
  210     758     4   ForceDefaults_DHWSys_Status                            T        -      -        T      Rules_Default_ResEAA.rule
      ---------------------------------------------------------------------------------------------------------
  211     766     3   ForceDefaults_DHWHeater_Status                         T        -      -        T      Rules_Default_ResEAA.rule
  212      39    66   ProposedInput_CoolVent_IAQ_IntGains                    -        -      -        T      Rules_Default_ResLoads.rule
  213     318     4   ProposedInput_Loads_Laundry                            -        -      -        T      Rules_Default_ResLoads.rule
  214     355    56   Default_DwellingUnitData                               -        -      -        T      Rules_Default_ResLoads.rule
  215     619     1   Blast_ResProj_UnitClVentOption                         T        -      -        T      Rules_Default_ResLoads.rule
      ---------------------------------------------------------------------------------------------------------
  216     626     1   ForceDefault_ResProj_RefrigUsage                       T        -      -        T      Rules_Default_ResLoads.rule
  217     633     1   ForceDefault_DUT_RefrigElecUsage                       T        -      -        T      Rules_Default_ResLoads.rule
  218     640     1   ForceDefault_DUT_DishElecUsage                         T        -      -        T      Rules_Default_ResLoads.rule
  219     646    13   ForceReset_StdDesignIAQLimits                          T        -      -        T      Rules_Default_ResLoads.rule
  220      39    35   ProposedInput_Constructions                            -        -      -        T      Rules_Default_ResConsAssm.rule
      ---------------------------------------------------------------------------------------------------------
  221     691     1   DefaultMatCondQII                                      -        -      -        -      Rules_Default_ResConsAssm.rule
  222     697    63   DefaultConsObject                                      -        -      -        -      Rules_Default_ResConsAssm.rule
  223    1243    17   SetupCons_AtticEdge_Set                                -        -      -        T      Rules_Default_ResConsAssm.rule
  224    1323    16   SetupCons_AtticEdge_Init                               -        -      -        T      Rules_Default_ResConsAssm.rule
  225    1345     1   Cons_CavityLayer_SetValidNoInsulationOption            T        -      T        -      Rules_Default_ResConsAssm.rule
      ---------------------------------------------------------------------------------------------------------
  226    1353    46   CreateConsCavityInsulMat_All                           -        -      -        -      Rules_Default_ResConsAssm.rule
  227    1887     3   SetupDefaultConsCavityInsulMatProperties               T        -      -        T      Rules_Default_ResConsAssm.rule
  228    1901     1   MarkMatForDeletion                                     T        -      -        T      Rules_Default_ResConsAssm.rule
  229    1907     5   SetupUniqueCavityInsFurMat_1                           T        -      T        T      Rules_Default_ResConsAssm.rule
  230    1915     5   SetupUniqueCavityInsFurMat_2                           T        -      T        T      Rules_Default_ResConsAssm.rule
      ---------------------------------------------------------------------------------------------------------
  231    1923     5   SetupUniqueCavityInsFurMat_3                           T        -      T        T      Rules_Default_ResConsAssm.rule
  232    1931     5   SetupUniqueCavityInsFurMat_4                           T        -      T        T      Rules_Default_ResConsAssm.rule
  233    1939     5   SetupUniqueCavityInsFurMat_5                           T        -      T        T      Rules_Default_ResConsAssm.rule
  234    1947     5   SetupUniqueCavityInsFurMat_6                           T        -      T        T      Rules_Default_ResConsAssm.rule
  235    1955     5   SetupUniqueCavityInsFurMat_7                           T        -      T        T      Rules_Default_ResConsAssm.rule
      ---------------------------------------------------------------------------------------------------------
  236    1963     5   SetupUniqueCavityInsFurMat_8                           T        -      T        T      Rules_Default_ResConsAssm.rule
  237    1971     5   SetupUniqueCavityInsFurMat_9                           T        -      T        T      Rules_Default_ResConsAssm.rule
  238    1979     5   SetupUniqueCavityInsFurMat_10                          T        -      T        T      Rules_Default_ResConsAssm.rule
  239    1996    55   SetupCons_ResExtWall_TwoPath                           -        -      -        -      Rules_Default_ResConsAssm.rule
  240    2456    83   SetupCons_ResExtWall_TwoPathSIPS                       -        -      -        -      Rules_Default_ResConsAssm.rule
      ---------------------------------------------------------------------------------------------------------
  241    2849    79   SetupCons_ResExtWall_TwoPathDPH                        -        -      -        -      Rules_Default_ResConsAssm.rule
  242    3239    70   SetupCons_ResExtWall_SinglePath                        -        -      -        -      Rules_Default_ResConsAssm.rule
  243    3648    54   SetupCons_ResIntWall_TwoPath                           -        -      -        -      Rules_Default_ResConsAssm.rule
  244    3908    79   SetupCons_ResIntWall_TwoPathDPH                        -        -      -        -      Rules_Default_ResConsAssm.rule
  245    4192    69   SetupCons_ResIntWall_SinglePath                        -        -      -        -      Rules_Default_ResConsAssm.rule
      ---------------------------------------------------------------------------------------------------------
  246    4581    67   SetupCons_UndWall_SinglePath                           -        -      -        -      Rules_Default_ResConsAssm.rule
  247    4950    77   SetupCons_AtticRoof                                    -        -      -        -      Rules_Default_ResConsAssm.rule
  248    5524    81   SetupCons_CathedralCeiling                             -        -      -        -      Rules_Default_ResConsAssm.rule
  249    5979    69   SetupCons_CathedralCeiling_WA                          -        -      -        -      Rules_Default_ResConsAssm.rule
  250    6291    75   SetupCons_CathedralCeiling_WB                          -        -      -        -      Rules_Default_ResConsAssm.rule
      ---------------------------------------------------------------------------------------------------------
  251    6680    73   SetupCons_CeilingBlwAttic                              -        -      -        -      Rules_Default_ResConsAssm.rule
  252    6942    61   SetupCons_IntCeiling_TwoPath                           -        -      -        -      Rules_Default_ResConsAssm.rule
  253    7206    60   SetupCons_IntFloor_TwoPath                             -        -      -        -      Rules_Default_ResConsAssm.rule
  254    7490    71   SetupCons_IntFloor_SinglePath                          -        -      -        -      Rules_Default_ResConsAssm.rule
  255    7879    60   SetupCons_ExtFloor_TwoPath                             -        -      -        -      Rules_Default_ResConsAssm.rule
      ---------------------------------------------------------------------------------------------------------
  256    8166    71   SetupCons_ExtFloor_SinglePath                          -        -      -        -      Rules_Default_ResConsAssm.rule
  257    8555    30   SetupCons_ReverseAssemblyLayersRpt                     -        -      -        -      Rules_Default_ResConsAssm.rule
  258    8626     9   SetupCons_CavityMaterials                              -        -      -        -      Rules_Default_ResConsAssm.rule
  259    8833    30   SetupCons_GenericFramed                                -        -      -        -      Rules_Default_ResConsAssm.rule
  260    9449    22   SetupCons_SinglePath                                   -        -      -        -      Rules_Default_ResConsAssm.rule
      ---------------------------------------------------------------------------------------------------------
  261    9694     2   SetupCons_FilmCoefficients                             -        -      -        T      Rules_Default_ResConsAssm.rule
  262    9732    17   SetupCons_UValue_TwoPath                               -        -      -        -      Rules_Default_ResConsAssm.rule
  263    9910    13   SetupCons_UValue_SinglePath                            -        -      -        -      Rules_Default_ResConsAssm.rule
  264   10055     7   SetupCons_HeatCap_SinglePath                           -        -      -        -      Rules_Default_ResConsAssm.rule
  265   10107     4   SetupCons_none                                         -        -      -        -      Rules_Default_ResConsAssm.rule
      ---------------------------------------------------------------------------------------------------------
  266   10120    41   SetupCons_UValue_All                                   T        -      -        T      Rules_Default_ResConsAssm.rule
  267   10226     8   SetupCons_LayerParams                                  T        -      -        T      Rules_Default_ResConsAssm.rule
  268   10352     1   ForceDefault_Cons_FrameLayer                           T        -      -        T      Rules_Default_ResConsAssm.rule
  269   10359     2   ForceDefault_SIPSWall_Cons_CavityLayer                 T        -      -        T      Rules_Default_ResConsAssm.rule
  270   10368     2   ForceDefault_SIPSCeiling_Cons_CavityLayer              T        -      -        T      Rules_Default_ResConsAssm.rule
      ---------------------------------------------------------------------------------------------------------
  271   10377     2   ForceDefault_SIPSFloor_Cons_CavityLayer                T        -      -        T      Rules_Default_ResConsAssm.rule
  272   10389     5   ForceUpdate_Cons_WallExtFinish_2Path_R4Synthetic       T        -      T        -      Rules_Default_ResConsAssm.rule
  273   10422     4   ForceUpdate_Cons_WallExtFinish_1Path_R4Synthetic       T        -      T        -      Rules_Default_ResConsAssm.rule
  274   10450     5   ForceUpdate_Cons_FlrExtFinish_2Path_R4Synthetic        T        -      T        -      Rules_Default_ResConsAssm.rule
  275   10483     4   ForceUpdate_Cons_FlrExtFinish_1Path_R4Synthetic        T        -      T        -      Rules_Default_ResConsAssm.rule
      ---------------------------------------------------------------------------------------------------------
  276   10513     2   ForceUpdate_Cons_R19_2x6_Compressed                    T        -      T        -      Rules_Default_ResConsAssm.rule
  277   10523     2   ForceUpdate_Cons_CavInsulOverFrame_On                  T        -      T        -      Rules_Default_ResConsAssm.rule
  278      39    40   ProposedInput_HVAC                                     -        -      -        T      Rules_Default_ResHVAC.rule
  279     224   462   Default_AllHVAC                                        -        -      -        T      Rules_Default_ResHVAC.rule
  280    1914    15   Default_HVAC_IAQFan                                    -        -      -        T      Rules_Default_ResHVAC.rule
      ---------------------------------------------------------------------------------------------------------
  281    2046    77   SetupHVACSys_Round1_HeatCool                           -        -      -        T      Rules_Default_ResHVAC.rule
  282    2233    43   SetupHVACSys_Round1_HeatPump                           -        -      -        T      Rules_Default_ResHVAC.rule
  283    2333    11   SetupHVACSys_Round1_Central_FPFC                       -        -      -        T      Rules_Default_ResHVAC.rule
  284    2391     9   SetupHVACSys_Round1_Central_WSHP                       -        -      -        T      Rules_Default_ResHVAC.rule
  285    2491     9   SetupHVACSys_Round1_Central_VRF                        -        -      -        T      Rules_Default_ResHVAC.rule
      ---------------------------------------------------------------------------------------------------------
  286    2592    23   SetupHVACSys_Round1_common                             -        -      -        T      Rules_Default_ResHVAC.rule
  287    2636   137   SetupHVACSys_Round2_HeatCool                           -        -      -        T      Rules_Default_ResHVAC.rule
  288    2995   316   SetupHVACSys_Round2_HeatPump                           -        -      -        T      Rules_Default_ResHVAC.rule
  289    3476    42   SetupHVACSys_Round2_CentralHtgClg_FPFC                 -        -      -        T      Rules_Default_ResHVAC.rule
  290    3639    71   SetupHVACSys_Round2_CentralHtgClg_WSHP                 -        -      -        T      Rules_Default_ResHVAC.rule
      ---------------------------------------------------------------------------------------------------------
  291    3830    71   SetupHVACSys_Round2_CentralHtgClg_VRF                  -        -      -        T      Rules_Default_ResHVAC.rule
  292    4015     1   BlastUserUnput_HVACSys_HeatDucted                      T        -      -        T      Rules_Default_ResHVAC.rule
  293    4019     1   BlastUserUnput_HVACSys_CoolDucted                      T        -      -        T      Rules_Default_ResHVAC.rule
  294    4023     1   BlastUserUnput_HVACSys_HtPumpDucted                    T        -      -        T      Rules_Default_ResHVAC.rule
  295    4029     3   Reset_HVACSys_HtPump_Ducts                             T        -      -        T      Rules_Default_ResHVAC.rule
      ---------------------------------------------------------------------------------------------------------
  296    4038     1   Force_HVACSys_HeatDucted_HtPumpDucted                  T        -      -        T      Rules_Default_ResHVAC.rule
  297    4042     1   Force_HVACSys_CoolDucted_HtPumpDucted                  T        -      -        T      Rules_Default_ResHVAC.rule
  298    4048     1   Force_HVACHtPump_UseEERinAnalysis_On                   T        -      T        -      Rules_Default_ResHVAC.rule
  299    4054     2   Force_HVACHtPump_BackupOption_DualFuel                 T        -      T        -      Rules_Default_ResHVAC.rule
  300    4063    64   SetupDwellUnitType_Round2_HeatCool                     -        -      -        T      Rules_Default_ResHVAC.rule
      ---------------------------------------------------------------------------------------------------------
  301    4313    82   SetupDwellUnitType_Round2_HeatPump                     -        -      -        T      Rules_Default_ResHVAC.rule
  302    4581    24   DefaultDwellUnitType_DHWHeating                        -        -      -        T      Rules_Default_ResHVAC.rule
  303    4676    12   SetupHVACSys_Round2_common                             -        -      -        T      Rules_Default_ResHVAC.rule
  304    4857     3   SetupHVACSys_HeatCoolVsStandard                        -        -      -        T      Rules_Default_ResHVAC.rule
  305    4939     3   SetupHVACSys_HtPumpVsStandard                          -        -      -        T      Rules_Default_ResHVAC.rule
      ---------------------------------------------------------------------------------------------------------
  306    5021     2   BlastHVACSysUserInput_Heating                          T        -      -        T      Rules_Default_ResHVAC.rule
  307    5026     2   BlastHVACSysUserInput_Cooling                          T        -      -        T      Rules_Default_ResHVAC.rule
  308    5031     1   BlastHVACSysUserInput_HeatPump                         T        -      -        T      Rules_Default_ResHVAC.rule
  309    5039     0   BlastDwellUnitTypeUserInput_Heating                    T        -      -        T      Rules_Default_ResHVAC.rule
  310    5044     0   BlastDwellUnitTypeUserInput_Cooling                    T        -      -        T      Rules_Default_ResHVAC.rule
      ---------------------------------------------------------------------------------------------------------
  311    5049     0   BlastDwellUnitTypeUserInput_HeatPump                   T        -      -        T      Rules_Default_ResHVAC.rule
  312    5058     5   Default_HVACDist                                       -        -      -        T      Rules_Default_ResHVAC.rule
  313    5096     5   Default_HVACDist_ForceTypeDefault                      T        -      T        T      Rules_Default_ResHVAC.rule
  314    5139    14   Default_HVACDist_PriorToType                           -        -      -        T      Rules_Default_ResHVAC.rule
  315    5233    59   Default_HVACDist_OtherThanType                         -        -      -        T      Rules_Default_ResHVAC.rule
      ---------------------------------------------------------------------------------------------------------
  316    5886    22   Default_HVACDist_VerifiedDuctDesign                    -        -      -        T      Rules_Default_ResHVAC.rule
  317    6030     1   ForceReset_DuctSeg_InsulRValue                         T        -      -        T      Rules_Default_ResHVAC.rule
  318    6034     1   ForceDefault_DuctSeg_ContainmentSystem                 T        -      -        T      Rules_Default_ResHVAC.rule
  319    6043     2   Blast_ResHVACSys_AutoSizeInputs                        T        -      -        -      Rules_Default_ResHVAC.rule
  320    6050     2   Blast_HVACDist_AreBuriedFlags                          T        -      -        -      Rules_Default_ResHVAC.rule
      ---------------------------------------------------------------------------------------------------------
  321    6055     4   Set_HVACDist_VerifiedDuctDesign_Supply                 T        -      T        T      Rules_Default_ResHVAC.rule
  322    6066     2   Blast_HVACDist_VerifiedDuctDesign_Supply               T        -      -        T      Rules_Default_ResHVAC.rule
  323    6071     4   Set_HVACDist_VerifiedDuctDesign_Return                 T        -      T        T      Rules_Default_ResHVAC.rule
  324    6082     2   Blast_HVACDist_VerifiedDuctDesign_Return               T        -      -        T      Rules_Default_ResHVAC.rule
  325    6090    10   Default_Fan                                            -        -      -        T      Rules_Default_ResHVAC.rule
      ---------------------------------------------------------------------------------------------------------
  326    6130     3   Setup_HVACDistFan                                      T        -      T        T      Rules_Default_ResHVAC.rule
  327    6139     1   Setup_HVACDist                                         T        -      T        T      Rules_Default_ResHVAC.rule
  328    6148     2   ForceDefault_HVACDist_DefaultSystem                    T        -      -        T      Rules_Default_ResHVAC.rule
  329    6156    15   ForceDefaults_HVACDist                                 T        -      -        T      Rules_Default_ResHVAC.rule
  330    6183     2   ForceDefaults_HVACDist_LowLkgAH                        T        -      -        T      Rules_Default_ResHVAC.rule
      ---------------------------------------------------------------------------------------------------------
  331    6188     1   ForceDefaults_HVACDist_DuctLeakage                     T        -      -        T      Rules_Default_ResHVAC.rule
  332    6192     6   ForceDefaults_HVACDist_DuctDesign                      T        -      -        T      Rules_Default_ResHVAC.rule
  333    6201     1   ForceDefault_HVACDist_exDuctInsRvalOpt                 T        -      -        T      Rules_Default_ResHVAC.rule
  334    6207    17   Default_HVACHeat                                       -        -      -        T      Rules_Default_ResHVAC.rule
  335    6253    38   Default_HVACHeatPump                                   -        -      -        T      Rules_Default_ResHVAC.rule
      ---------------------------------------------------------------------------------------------------------
  336    6366    26   Default_HVACCool                                       -        -      -        T      Rules_Default_ResHVAC.rule
  337    6471     7   Default_PreCooling                                     -        -      -        T      Rules_Default_ResHVAC.rule
  338    6533     4   Setup_SCSysReportingObjects                            T        -      T        T      Rules_Default_ResHVAC.rule
  339    6569    22   Default_SCSysReportObject                              -        -      -        T      Rules_Default_ResHVAC.rule
  340    6658    29   Default_SCSysReportObject_HtPump                       -        -      -        T      Rules_Default_ResHVAC.rule
      ---------------------------------------------------------------------------------------------------------
  341    6756     5   Default_SCSysReportObject_Heat                         -        -      -        T      Rules_Default_ResHVAC.rule
  342    6781    24   Default_SCSysReportObject_Cool                         -        -      -        T      Rules_Default_ResHVAC.rule
  343    6875    17   Default_SCSysReportObject_CentralHtgClg_VRF            -        -      -        T      Rules_Default_ResHVAC.rule
  344    6958    12   Default_SCSysReportObject_CentralHtgClg_WSHP           -        -      -        T      Rules_Default_ResHVAC.rule
  345    7026     4   Setup_DHWSysReportingObjects                           T        -      T        T      Rules_Default_ResHVAC.rule
      ---------------------------------------------------------------------------------------------------------
  346    7038     5   Default_DHWSysReportObject_DHWSysParent                -        -      -        T      Rules_Default_ResHVAC.rule
  347    7047     5   Default_DHWSysReportObject_DwellUnitParent             -        -      -        T      Rules_Default_ResHVAC.rule
  348    7057    43   Default_DHWSysReportObject                             -        -      -        T      Rules_Default_ResHVAC.rule
  349    7535     3   Setup_IAQVentReportingObjects                          T        -      T        T      Rules_Default_ResHVAC.rule
  350    7543    16   Default_IAQVentReportObject                            -        -      -        T      Rules_Default_ResHVAC.rule
      ---------------------------------------------------------------------------------------------------------
  351    7674     6   Default_Heat_CntrlFurnace                              -        -      -        -      Rules_Default_ResHVAC.rule
  352    7691     6   Default_Heat_WallFurnaceFan                            -        -      -        -      Rules_Default_ResHVAC.rule
  353    7709     6   Default_Heat_WallFurnaceGravity                        -        -      -        -      Rules_Default_ResHVAC.rule
  354    7727     6   Default_Heat_FloorFurnace                              -        -      -        -      Rules_Default_ResHVAC.rule
  355    7745     6   Default_Heat_RoomHeater                                -        -      -        -      Rules_Default_ResHVAC.rule
      ---------------------------------------------------------------------------------------------------------
  356    7763     6   Default_Heat_Boiler                                    -        -      -        -      Rules_Default_ResHVAC.rule
  357    7781     3   Default_Heat_WoodHeat                                  -        -      -        -      Rules_Default_ResHVAC.rule
  358    7789     6   Default_Heat_PkgGasFurnace                             -        -      -        -      Rules_Default_ResHVAC.rule
  359    7807     4   Default_Heat_Electric                                  -        -      -        -      Rules_Default_ResHVAC.rule
  360    7816     7   Default_Heat_CombHydro                                 -        -      -        -      Rules_Default_ResHVAC.rule
      ---------------------------------------------------------------------------------------------------------
  361    7841     1   ForceDefault_Heat_CombHydro_AFUE                       T        -      -        -      Rules_Default_ResHVAC.rule
  362    7846     1   ForceDefault_UsePreCooling                             T        -      -        -      Rules_Default_ResHVAC.rule
  363    7852     5   Default_Heat_unknown                                   -        -      -        -      Rules_Default_ResHVAC.rule
  364    7863    23   Default_HtPump_SplitHeatPump                           -        -      -        -      Rules_Default_ResHVAC.rule
  365    7915    23   Default_HtPump_PkgTermHeatPump                         -        -      -        -      Rules_Default_ResHVAC.rule
      ---------------------------------------------------------------------------------------------------------
  366    7954    23   Default_HtPump_SDHVSplitHeatPump                       -        -      -        -      Rules_Default_ResHVAC.rule
  367    8010    23   Default_HtPump_DuctlessMiniSplitHeatPump               -        -      -        -      Rules_Default_ResHVAC.rule
  368    8057    23   Default_HtPump_DuctlessVRFHeatPump                     -        -      -        -      Rules_Default_ResHVAC.rule
  369    8097    16   Default_HtPump_PkgHeatPump                             -        -      -        -      Rules_Default_ResHVAC.rule
  370    8132     5   Default_HtPump_LrgPkgHeatPump                          -        -      -        -      Rules_Default_ResHVAC.rule
      ---------------------------------------------------------------------------------------------------------
  371    8156    10   Default_HtPump_RoomHeatPump                            -        -      -        -      Rules_Default_ResHVAC.rule
  372    8176     7   Default_HtPump_AirToWaterHeatPump                      -        -      -        -      Rules_Default_ResHVAC.rule
  373    8191    19   Default_HtPump_HeatPumpDHWCombo                        -        -      -        -      Rules_Default_ResHVAC.rule
  374    8239    23   Default_HtPump_GroundSourceHeatPump                    -        -      -        -      Rules_Default_ResHVAC.rule
  375    8291    35   Default_HtPump_VariableCapHeatPump                     -        -      -        -      Rules_Default_ResHVAC.rule
      ---------------------------------------------------------------------------------------------------------
  376    8477    69   Default_HtPump_VariableCapHeatPump2                    -        -      -        -      Rules_Default_ResHVAC.rule
  377    8790    57   Default_HtPump_SplitHeatPumpPM                         -        -      -        -      Rules_Default_ResHVAC.rule
  378    9008    13   Default_HtPump_unknown                                 -        -      -        -      Rules_Default_ResHVAC.rule
  379    9026     2   Default_HtPump_CaliforniaSEERtoEERFormula              -        -      -        -      Rules_Default_ResHVAC.rule
  380    9056     2   Default_Cool_CaliforniaSEERtoEERFormula                -        -      -        -      Rules_Default_ResHVAC.rule
      ---------------------------------------------------------------------------------------------------------
  381    9083     1   Default_Cool_CaliforniaEERtoSEERFormula                -        -      -        -      Rules_Default_ResHVAC.rule
  382    9096     2   Default_HVACSys_StdCoolViaCaliforniaSEERtoEERFormula   T        -      -        -      Rules_Default_ResHVAC.rule
  383    9109     2   Default_HVACSys_StdCoolViaCaliforniaEERtoSEERFormula   T        -      -        -      Rules_Default_ResHVAC.rule
  384    9120     2   Default_HVACSys_StdHtPumpCoolViaCaliforniaSEERtoEERFormula   T        -      -        -      Rules_Default_ResHVAC.rule
  385    9133     2   Default_HVACSys_StdHtPumpCoolViaCaliforniaEERtoSEERFormula   T        -      -        -      Rules_Default_ResHVAC.rule
      ---------------------------------------------------------------------------------------------------------
  386    9144     2   Default_HVACSys_StdCool_Undefined                      T        -      -        -      Rules_Default_ResHVAC.rule
  387    9151     1   Default_Cool_None                                      -        -      -        -      Rules_Default_ResHVAC.rule
  388    9156    16   Default_Cool_SplitAirCondPM                            -        -      -        -      Rules_Default_ResHVAC.rule
  389    9198    10   Default_Cool_SplitAirCond                              -        -      -        -      Rules_Default_ResHVAC.rule
  390    9228    10   Default_Cool_PkgTermAirCond                            -        -      -        -      Rules_Default_ResHVAC.rule
      ---------------------------------------------------------------------------------------------------------
  391    9244    10   Default_Cool_SDHVSplitAirCond                          -        -      -        -      Rules_Default_ResHVAC.rule
  392    9276    10   Default_Cool_PkgAirCond                                -        -      -        -      Rules_Default_ResHVAC.rule
  393    9301     2   Default_Cool_LrgPkgAirCond                             -        -      -        -      Rules_Default_ResHVAC.rule
  394    9324    10   Default_Cool_DuctlessMiniSplitAirCond                  -        -      -        -      Rules_Default_ResHVAC.rule
  395    9342    10   Default_Cool_DuctlessVRFAirCond                        -        -      -        -      Rules_Default_ResHVAC.rule
      ---------------------------------------------------------------------------------------------------------
  396    9359    11   Default_Cool_RoomAirCond                               -        -      -        -      Rules_Default_ResHVAC.rule
  397    9383    11   Default_Cool_EvapCondenser                             -        -      -        -      Rules_Default_ResHVAC.rule
  398    9418     4   ForceDefaults_HVACCool_EvapCondenser                   T        -      -        T      Rules_Default_ResHVAC.rule
  399    9426     4   ForceDefaults_HVACCool_EvapCondenser2                  T        -      -        T      Rules_Default_ResHVAC.rule
  400    9435     4   ForceDefaults_HVACHtPump_VCHP2_115DegreeInputs         T        -      -        T      Rules_Default_ResHVAC.rule
      ---------------------------------------------------------------------------------------------------------
  401    9444     3   ForceDefault_AWHP_EffMetric                            T        -      T        T      Rules_Default_ResHVAC.rule
  402    9453    11   Default_Cool_unknown                                   -        -      -        -      Rules_Default_ResHVAC.rule
  403    9471     2   Default_Fan_PSCFurnace                                 -        -      -        -      Rules_Default_ResHVAC.rule
  404    9496     3   Default_Fan_unknown                                    -        -      -        -      Rules_Default_ResHVAC.rule
  405    9519     1   ForceDefaults_HVACFan                                  T        -      -        T      Rules_Default_ResHVAC.rule
      ---------------------------------------------------------------------------------------------------------
  406    9530     2   ForceDefaults_ClVentFan                                T        -      -        T      Rules_Default_ResHVAC.rule
  407    9540     8   SetupHVACCoolCF1RReportVariables                       T        -      -        T      Rules_Default_ResHVAC.rule
  408    9567    22   PostProposedInput_HVAC                                 T        -      -        -      Rules_Default_ResHVAC.rule
  409    9768     1   ModelErrorCheckPrep                                    T        -      -        T      Rules_Default_ResHVAC.rule
  410    9781    14   MultiFamilyAnalysisPrep                                T        -      -        T      Rules_Default_ResHVAC.rule
      ---------------------------------------------------------------------------------------------------------
  411    9837     2   CreateUnique_ResOtherZn_ResHVACSys_New                 T        -      T        T      Rules_Default_ResHVAC.rule
  412    9843     1   Default_ResOtherZn_ActiveHVACSys_New                   T        -      -        T      Rules_Default_ResHVAC.rule
  413    9847     2   CreateUnique_ResOtherZn_ResHVACSys_Alt                 T        -      T        T      Rules_Default_ResHVAC.rule
  414    9853     1   Default_ResOtherZn_ActiveHVACSys_Alt                   T        -      -        T      Rules_Default_ResHVAC.rule
  415    9861    48   OneTimeAnalysisPrep                                    T        -      -        T      Rules_Default_ResHVAC.rule
      ---------------------------------------------------------------------------------------------------------
  416   10156     2   OneTimeAnalysisPrep_DwellUnitDHW                       T        -      -        T      Rules_Default_ResHVAC.rule
  417   10168    20   OneTimeAnalysisPrep_CreateDwellUnitDHW                 T        -      T        T      Rules_Default_ResHVAC.rule
  418   10207     8   OneTimeAnalysisPrep_CreateDwellUnitDHW_AWHP            T        -      T        T      Rules_Default_ResHVAC.rule
  419   10222    11   OneTimeAnalysisPrep_CreateDwellUnitDHW_HeatPumpDHWCombo   T        -      T        T      Rules_Default_ResHVAC.rule
  420   10240     9   OneTimeAnalysisPrep_CreateDwellUnitDHW_Normal          T        -      T        T      Rules_Default_ResHVAC.rule
      ---------------------------------------------------------------------------------------------------------
  421   10260     2   OneTimeAnalysisPrep_ResOtherZnDHW                      T        -      -        T      Rules_Default_ResHVAC.rule
  422   10269     9   OneTimeAnalysisPrep_CreateResOtherZnDHW                T        -      T        T      Rules_Default_ResHVAC.rule
  423   10314     6   OneTimeAnalysisPrep_CreateResOtherZnDHW_AWHP           T        -      T        T      Rules_Default_ResHVAC.rule
  424   10329     7   OneTimeAnalysisPrep_CreateResOtherZnDHW_HeatPumpDHWCombo   T        -      T        T      Rules_Default_ResHVAC.rule
  425   10361     7   OneTimeAnalysisPrep_CreateResOtherZnDHW_Normal         T        -      T        T      Rules_Default_ResHVAC.rule
      ---------------------------------------------------------------------------------------------------------
  426   10380     9   SetupHVACSysDWHeater_GSHP                              T        -      T        -      Rules_Default_ResHVAC.rule
  427   10400     4   SetupHVACSysDWHeater_HeatPumpDHWCombo                  T        -      T        T      Rules_Default_ResHVAC.rule
  428   10423     5   SetupDefaultClVentFan                                  T        -      T        -      Rules_Default_ResHVAC.rule
  429   10433     2   SetupCFIHVACSysClVentFan                               T        -      T        -      Rules_Default_ResHVAC.rule
  430   10438     2   SetupCFIHVACSysClVentFan_UserInputs                    T        -      T        -      Rules_Default_ResHVAC.rule
      ---------------------------------------------------------------------------------------------------------
  431   10449     2   SetupDefaultIAQFan_1                                   T        -      T        -      Rules_Default_ResHVAC.rule
  432   10454     2   SetupDefaultIAQFan_2                                   T        -      T        -      Rules_Default_ResHVAC.rule
  433   10459     2   SetupDefaultIAQFan_3                                   T        -      T        -      Rules_Default_ResHVAC.rule
  434   10464     2   SetupDefaultIAQFan_4                                   T        -      T        -      Rules_Default_ResHVAC.rule
  435   10469     2   SetupDefaultIAQFan_5                                   T        -      T        -      Rules_Default_ResHVAC.rule
      ---------------------------------------------------------------------------------------------------------
  436   10474     2   SetupDefaultIAQFan_6                                   T        -      T        -      Rules_Default_ResHVAC.rule
  437   10479     2   SetupDefaultIAQFan_7                                   T        -      T        -      Rules_Default_ResHVAC.rule
  438   10484     2   SetupDefaultIAQFan_8                                   T        -      T        -      Rules_Default_ResHVAC.rule
  439   10489     2   SetupDefaultIAQFan_9                                   T        -      T        -      Rules_Default_ResHVAC.rule
  440   10494     2   SetupDefaultIAQFan_10                                  T        -      T        -      Rules_Default_ResHVAC.rule
      ---------------------------------------------------------------------------------------------------------
  441   10499     2   SetupDefaultIAQFan_11                                  T        -      T        -      Rules_Default_ResHVAC.rule
  442   10504     2   SetupDefaultIAQFan_12                                  T        -      T        -      Rules_Default_ResHVAC.rule
  443   10509     2   SetupDefaultIAQFan_13                                  T        -      T        -      Rules_Default_ResHVAC.rule
  444   10514     2   SetupDefaultIAQFan_14                                  T        -      T        -      Rules_Default_ResHVAC.rule
  445   10519     2   SetupDefaultIAQFan_15                                  T        -      T        -      Rules_Default_ResHVAC.rule
      ---------------------------------------------------------------------------------------------------------
  446   10524     2   SetupDefaultIAQFan_16                                  T        -      T        -      Rules_Default_ResHVAC.rule
  447   10529     9   SetupDefaultIAQFan_ALL                                 T        -      T        -      Rules_Default_ResHVAC.rule
  448   10551     4   Setup_HVACSys_Heat_CntrlFurnace                        T        -      T        T      Rules_Default_ResHVAC.rule
  449   10568     4   Setup_HVACSys_Heat_WallFurnaceFan                      T        -      T        T      Rules_Default_ResHVAC.rule
  450   10584     4   Setup_HVACSys_Heat_Boiler                              T        -      T        T      Rules_Default_ResHVAC.rule
      ---------------------------------------------------------------------------------------------------------
  451   10591     4   Setup_HVACSys_Heat_WoodHeat                            T        -      T        T      Rules_Default_ResHVAC.rule
  452   10598     4   Setup_HVACSys_Heat_WallFurnaceGravity                  T        -      T        T      Rules_Default_ResHVAC.rule
  453   10614     4   Setup_HVACSys_Heat_FloorFurnace                        T        -      T        T      Rules_Default_ResHVAC.rule
  454   10630     4   Setup_HVACSys_Heat_RoomHeater                          T        -      T        T      Rules_Default_ResHVAC.rule
  455   10646     4   Setup_HVACSys_Heat_Electric                            T        -      T        T      Rules_Default_ResHVAC.rule
      ---------------------------------------------------------------------------------------------------------
  456   10653     4   Setup_HVACSys_Heat_CombHydro                           T        -      T        T      Rules_Default_ResHVAC.rule
  457   10671     3   Setup_HVACHeat_CntrlFurnace                            T        -      T        T      Rules_Default_ResHVAC.rule
  458   10677     3   Setup_HVACHeat_WallFurnaceFan                          T        -      T        T      Rules_Default_ResHVAC.rule
  459   10683     3   Setup_HVACHeat_Boiler                                  T        -      T        T      Rules_Default_ResHVAC.rule
  460   10689     3   Setup_HVACHeat_WallFurnaceGravity                      T        -      T        T      Rules_Default_ResHVAC.rule
      ---------------------------------------------------------------------------------------------------------
  461   10695     3   Setup_HVACHeat_FloorFurnace                            T        -      T        T      Rules_Default_ResHVAC.rule
  462   10701     3   Setup_HVACHeat_RoomHeater                              T        -      T        T      Rules_Default_ResHVAC.rule
  463   10707     3   Setup_HVACHeat_Electric                                T        -      T        T      Rules_Default_ResHVAC.rule
  464   10713     3   Setup_HVACHeat_CombHydro                               T        -      T        T      Rules_Default_ResHVAC.rule
  465   10723    40   SwitchSystemToHeatPump                                 T        -      T        -      Rules_Default_ResHVAC.rule
      ---------------------------------------------------------------------------------------------------------
  466   10793     4   Setup_HVACSys_SplitHeatPumpPM                          T        -      T        -      Rules_Default_ResHVAC.rule
  467   10802    19   Setup_HVACSys_HtPump_SplitHeatPump                     T        -      T        T      Rules_Default_ResHVAC.rule
  468   10866    18   Setup_HVACSys_HtPump_SDHVSplitHeatPump                 T        -      T        T      Rules_Default_ResHVAC.rule
  469   10916    26   Setup_HVACSys_HtPump_DuctlessMiniSplitHeatPump         T        -      T        T      Rules_Default_ResHVAC.rule
  470   10985     3   Setup_HVACSys_HtPump_RoomHeatPump                      T        -      T        T      Rules_Default_ResHVAC.rule
      ---------------------------------------------------------------------------------------------------------
  471   10996     3   Setup_HVACHtPump_SplitHeatPump                         T        -      T        T      Rules_Default_ResHVAC.rule
  472   11002     3   Setup_HVACHtPump_DuctlessMiniSplitHeatPump             T        -      T        T      Rules_Default_ResHVAC.rule
  473   11008     3   Setup_HVACHtPump_RoomHeatPump                          T        -      T        T      Rules_Default_ResHVAC.rule
  474   11017    12   Setup_HVACSys_Cool_SplitAirCond                        T        -      T        T      Rules_Default_ResHVAC.rule
  475   11147    12   Setup_HVACSys_Cool_RoomAirCond                         T        -      T        T      Rules_Default_ResHVAC.rule
      ---------------------------------------------------------------------------------------------------------
  476   11258    12   Setup_HVACSys_Cool_SplitHeatPump                       T        -      T        T      Rules_Default_ResHVAC.rule
  477   11379    12   Setup_HVACSys_Cool_RoomHeatPump                        T        -      T        T      Rules_Default_ResHVAC.rule
  478   11480     9   Setup_HVACSys_ProposedVCHP                             T        -      T        T      Rules_Default_ResHVAC.rule
  479   11518     4   Setup_HVACCool_SplitAirCond                            T        -      T        T      Rules_Default_ResHVAC.rule
  480   11579     4   ForceDefault_HVACCool_EER                              T        -      -        T      Rules_Default_ResHVAC.rule
      ---------------------------------------------------------------------------------------------------------
  481   11613     2   ForceDefault_HVACCool_EER2                             T        -      -        T      Rules_Default_ResHVAC.rule
  482   11640     3   ForceDefault_HVACHtPump_EER                            T        -      -        T      Rules_Default_ResHVAC.rule
  483   11673     1   ForceDefault_HVACHtPump_EER2                           T        -      -        T      Rules_Default_ResHVAC.rule
  484   11696     1   ForceDefault_ResProj_ACH50                             T        -      -        T      Rules_Default_ResHVAC.rule
  485   11703     3   ForceDefault_Zone_HVAC                                 T        -      -        T      Rules_Default_ResHVAC.rule
      ---------------------------------------------------------------------------------------------------------
  486   11719     1   Blast_HVACHtPump_CFMperTon                             T        -      -        T      Rules_Default_ResHVAC.rule
  487   11723     1   Blast_HVACCool_CFMperTon                               T        -      -        T      Rules_Default_ResHVAC.rule
  488   11729     1   Blast_HVACCool_IsMultiSpeed                            T        -      -        T      Rules_Default_ResHVAC.rule
  489   11737     2   ForceReset_HeatSystem_1                                T        -      -        T      Rules_Default_ResHVAC.rule
  490   11741     2   ForceReset_HeatSystem_2                                T        -      -        T      Rules_Default_ResHVAC.rule
      ---------------------------------------------------------------------------------------------------------
  491   11745     2   ForceReset_HeatSystem_3                                T        -      -        T      Rules_Default_ResHVAC.rule
  492   11749     2   ForceReset_HeatSystem_4                                T        -      -        T      Rules_Default_ResHVAC.rule
  493   11753     2   ForceReset_HeatSystem_5                                T        -      -        T      Rules_Default_ResHVAC.rule
  494   11757     2   ForceReset_HeatSystem_6                                T        -      -        T      Rules_Default_ResHVAC.rule
  495   11761     2   ForceReset_HeatSystem_7                                T        -      -        T      Rules_Default_ResHVAC.rule
      ---------------------------------------------------------------------------------------------------------
  496   11765     2   ForceReset_HeatSystem_8                                T        -      -        T      Rules_Default_ResHVAC.rule
  497   11769     2   ForceReset_HeatSystem_9                                T        -      -        T      Rules_Default_ResHVAC.rule
  498   11773     2   ForceReset_HeatSystem_10                               T        -      -        T      Rules_Default_ResHVAC.rule
  499   11778     2   ForceReset_CoolSystem_1                                T        -      -        T      Rules_Default_ResHVAC.rule
  500   11782     2   ForceReset_CoolSystem_2                                T        -      -        T      Rules_Default_ResHVAC.rule
      ---------------------------------------------------------------------------------------------------------
  501   11786     2   ForceReset_CoolSystem_3                                T        -      -        T      Rules_Default_ResHVAC.rule
  502   11790     2   ForceReset_CoolSystem_4                                T        -      -        T      Rules_Default_ResHVAC.rule
  503   11794     2   ForceReset_CoolSystem_5                                T        -      -        T      Rules_Default_ResHVAC.rule
  504   11798     2   ForceReset_CoolSystem_6                                T        -      -        T      Rules_Default_ResHVAC.rule
  505   11802     2   ForceReset_CoolSystem_7                                T        -      -        T      Rules_Default_ResHVAC.rule
      ---------------------------------------------------------------------------------------------------------
  506   11806     2   ForceReset_CoolSystem_8                                T        -      -        T      Rules_Default_ResHVAC.rule
  507   11810     2   ForceReset_CoolSystem_9                                T        -      -        T      Rules_Default_ResHVAC.rule
  508   11814     2   ForceReset_CoolSystem_10                               T        -      -        T      Rules_Default_ResHVAC.rule
  509   11819     2   ForceReset_HtPumpSystem_1                              T        -      -        T      Rules_Default_ResHVAC.rule
  510   11823     2   ForceReset_HtPumpSystem_2                              T        -      -        T      Rules_Default_ResHVAC.rule
      ---------------------------------------------------------------------------------------------------------
  511   11827     2   ForceReset_HtPumpSystem_3                              T        -      -        T      Rules_Default_ResHVAC.rule
  512   11831     2   ForceReset_HtPumpSystem_4                              T        -      -        T      Rules_Default_ResHVAC.rule
  513   11835     2   ForceReset_HtPumpSystem_5                              T        -      -        T      Rules_Default_ResHVAC.rule
  514   11839     2   ForceReset_HtPumpSystem_6                              T        -      -        T      Rules_Default_ResHVAC.rule
  515   11843     2   ForceReset_HtPumpSystem_7                              T        -      -        T      Rules_Default_ResHVAC.rule
      ---------------------------------------------------------------------------------------------------------
  516   11847     2   ForceReset_HtPumpSystem_8                              T        -      -        T      Rules_Default_ResHVAC.rule
  517   11851     2   ForceReset_HtPumpSystem_9                              T        -      -        T      Rules_Default_ResHVAC.rule
  518   11855     2   ForceReset_HtPumpSystem_10                             T        -      -        T      Rules_Default_ResHVAC.rule
  519   11862     2   ForceReset_DwellUnitType_NumHeatCoolEquipTypes         T        -      -        T      Rules_Default_ResHVAC.rule
  520   11867     1   ForceReset_DwellUnitType_NumHtPumpEquipTypes           T        -      -        T      Rules_Default_ResHVAC.rule
      ---------------------------------------------------------------------------------------------------------
  521   11874     2   ForceReset_DwellUnitType_HeatEquip_1                   T        -      -        T      Rules_Default_ResHVAC.rule
  522   11878     2   ForceReset_DwellUnitType_HeatEquip_2                   T        -      -        T      Rules_Default_ResHVAC.rule
  523   11882     2   ForceReset_DwellUnitType_HeatEquip_3                   T        -      -        T      Rules_Default_ResHVAC.rule
  524   11886     2   ForceReset_DwellUnitType_HeatEquip_4                   T        -      -        T      Rules_Default_ResHVAC.rule
  525   11890     2   ForceReset_DwellUnitType_HeatEquip_5                   T        -      -        T      Rules_Default_ResHVAC.rule
      ---------------------------------------------------------------------------------------------------------
  526   11895     2   ForceReset_DwellUnitType_CoolEquip_1                   T        -      -        T      Rules_Default_ResHVAC.rule
  527   11899     2   ForceReset_DwellUnitType_CoolEquip_2                   T        -      -        T      Rules_Default_ResHVAC.rule
  528   11903     2   ForceReset_DwellUnitType_CoolEquip_3                   T        -      -        T      Rules_Default_ResHVAC.rule
  529   11907     2   ForceReset_DwellUnitType_CoolEquip_4                   T        -      -        T      Rules_Default_ResHVAC.rule
  530   11911     2   ForceReset_DwellUnitType_CoolEquip_5                   T        -      -        T      Rules_Default_ResHVAC.rule
      ---------------------------------------------------------------------------------------------------------
  531   11916     2   ForceReset_DwellUnitType_HtPumpEquip_1                 T        -      -        T      Rules_Default_ResHVAC.rule
  532   11920     2   ForceReset_DwellUnitType_HtPumpEquip_2                 T        -      -        T      Rules_Default_ResHVAC.rule
  533   11924     2   ForceReset_DwellUnitType_HtPumpEquip_3                 T        -      -        T      Rules_Default_ResHVAC.rule
  534   11928     2   ForceReset_DwellUnitType_HtPumpEquip_4                 T        -      -        T      Rules_Default_ResHVAC.rule
  535   11932     2   ForceReset_DwellUnitType_HtPumpEquip_5                 T        -      -        T      Rules_Default_ResHVAC.rule
      ---------------------------------------------------------------------------------------------------------
  536   11939     2   ForceReset_IAQFan_SensRecovEff                         T        -      -        T      Rules_Default_ResHVAC.rule
  537   11946     2   ForceOn_IAQFan_IncludesRecov                           T        -      T        -      Rules_Default_ResHVAC.rule
  538   11953     1   ForceReset_IAQFan_IAQRecovEffect                       T        -      -        T      Rules_Default_ResHVAC.rule
  539   11959     3   Interpolate_IAQFan_SRE_ASRE                            T        -      -        T      Rules_Default_ResHVAC.rule
  540   11972     2   BlastDwellingUnit                                      T        -      -        T      Rules_Default_ResHVAC.rule
      ---------------------------------------------------------------------------------------------------------
  541   11983     4   ResetZoneStatus_New                                    T        -      -        -      Rules_Default_ResHVAC.rule
  542   12017    28   ResetEnvelopeObjectStatus_New                          T        -      -        -      Rules_Default_ResHVAC.rule
  543   12243    14   ResetMechStatus_New                                    T        -      -        -      Rules_Default_ResHVAC.rule
  544   12344     8   SetupDwellUnitType_AreaServed                          T        -      -        -      Rules_Default_ResHVAC.rule
  545   12377     4   Blast_Zone_HVACSys_Assignments                         T        -      -        -      Rules_Default_ResHVAC.rule
      ---------------------------------------------------------------------------------------------------------
  546   12386     1   BlastUserInput_HVACSys_ServesAsDHWHtr                  T        -      -        -      Rules_Default_ResHVAC.rule
  547   12390     1   BlastUserInput_DwellUnitType_ServesAsDHWHtr            T        -      -        -      Rules_Default_ResHVAC.rule
  548   12397     1   Blast_HVACHtPump_HSPF2                                 T        -      -        -      Rules_Default_ResHVAC.rule
  549   12401     1   Blast_HVACHtPump_SEER2                                 T        -      -        -      Rules_Default_ResHVAC.rule
  550   12405     1   Blast_HVACHtPump_EER2                                  T        -      -        -      Rules_Default_ResHVAC.rule
      ---------------------------------------------------------------------------------------------------------
  551   12411     5   ForceDefault_HVACHtPump_Capacities_HeatPumpV3          T        -      -        -      Rules_Default_ResHVAC.rule
  552   12421     1   Blast_HVACCool_SEER2                                   T        -      -        -      Rules_Default_ResHVAC.rule
  553   12425     1   Blast_HVACCool_EER2                                    T        -      -        -      Rules_Default_ResHVAC.rule
  554      39   359   ProposedInput_DHWEquipment                             -        -      -        T      Rules_Default_ResDHW.rule
  555    2468     6   PostProposedInput_CentralHPWH                          T        -      T        T      Rules_Default_ResDHW.rule
      ---------------------------------------------------------------------------------------------------------
  556    2481     7   PostProposedInput_CentralHPWH_Large                    T        -      T        T      Rules_Default_ResDHW.rule
  557    2557     5   PostProposedInput_CentralHPWH_Small                    T        -      T        T      Rules_Default_ResDHW.rule
  558    2596     9   PostProposedInput_CentralHPWH_LargeAndSmall            T        -      T        T      Rules_Default_ResDHW.rule
  559    2631     5   DHWHeater_Default_HPWHFlags                            -        -      -        T      Rules_Default_ResDHW.rule
  560    2652     2   DHWHeater_HPWHFlagIssue                                T        -      -        T      Rules_Default_ResDHW.rule
      ---------------------------------------------------------------------------------------------------------
  561    2656     2   DHWHeater_Force_HPWHCategory_FromHPWHFlags             T        -      T        -      Rules_Default_ResDHW.rule
  562    2664     2   DHWHeater_Force_HPWHFlagReset                          T        -      -        T      Rules_Default_ResDHW.rule
  563    2668     3   DHWHeater_Default_HPWHFlags_Before190200               -        -      -        T      Rules_Default_ResDHW.rule
  564    2676     1   DHWHeater_Force_HPWHBrand_NA                           T        -      -        -      Rules_Default_ResDHW.rule
  565    2683    12   Default_DHWSolarSys                                    -        -      -        T      Rules_Default_ResDHW.rule
      ---------------------------------------------------------------------------------------------------------
  566    2796     1   ProposedInput_DHWCompactDistribution_Blast             T        -      -        -      Rules_Default_ResDHW.rule
  567    2805    23   ProposedInput_DHWCompactDistribution                   -        -      -        T      Rules_Default_ResDHW.rule
  568    2970    26   ProposedInput_DHWCompactDistribution_SFam              -        -      -        T      Rules_Default_ResDHW.rule
  569    3159     1   DHWSysCompactDistrib_ConvertTo2019                     T        -      T        -      Rules_Default_ResDHW.rule
  570    3165     0   DHWSysCompactDistrib_BlastForMFamCentral               T        -      T        -      Rules_Default_ResDHW.rule
      ---------------------------------------------------------------------------------------------------------
  571    3172     0   DHWSysCompactDistrib_BlastForMFamNonCentralRecirc      T        -      T        -      Rules_Default_ResDHW.rule
  572    3182    13   ProposedInput_DHW_ResProject                           -        -      -        T      Rules_Default_ResDHW.rule
  573    3264     6   Refresh_DHWSolarSys_ServedAreaDUsBRs                   T        -      -        T      Rules_Default_ResDHW.rule
  574    3282     6   ForceDefault_DHWHeater_ASHPType                        T        -      T        -      Rules_Default_ResDHW.rule
  575    3291     1   BackwardCompat_DHWHeater_ASHPType                      T        -      T        -      Rules_Default_ResDHW.rule
      ---------------------------------------------------------------------------------------------------------
  576    3295     3   BackwardCompat_ASHPType_to_HPWHModel                   T        -      T        -      Rules_Default_ResDHW.rule
  577    3338     2   BackwardCompat_SimTypeHPWHModel_to_BrandHPWHModel      T        -      T        -      Rules_Default_ResDHW.rule
  578    3380     2   Force_ASHPTankOutside_to_TankOutside                   T        -      T        -      Rules_Default_ResDHW.rule
  579    3386     2   Force_ASHPTankZone_to_TankZone                         T        -      T        -      Rules_Default_ResDHW.rule
  580    3396    19   BlastInputs_CSEDHW_RecircLoops                         T        -      -        T      Rules_Default_ResDHW.rule
      ---------------------------------------------------------------------------------------------------------
  581    3420     2   BlastInputs_OldShwrDrnHtRecov                          T        -      -        T      Rules_Default_ResDHW.rule
  582    3427     6   Blast_DHWSys_CSEWaterUseWasteFactor                    T        -      -        -      Rules_Default_ResDHW.rule
  583    3438     1   ForceDefault_DHWSys_DistribSysMult                     T        -      -        -      Rules_Default_ResDHW.rule
  584    3513    10   ForceDefault_ShowerDrainHeatRecov_SFam                 T        -      T        -      Rules_Default_ResDHW.rule
  585    3545     2   ForceDefault_ShowerDrainHeatRecov_SFam_Equal           T        -      T        -      Rules_Default_ResDHW.rule
      ---------------------------------------------------------------------------------------------------------
  586    3549     2   ForceDefault_ShowerDrainHeatRecov_SFam_UneqWHtr        T        -      T        -      Rules_Default_ResDHW.rule
  587    3553     2   ForceDefault_ShowerDrainHeatRecov_SFam_UneqShwr        T        -      T        -      Rules_Default_ResDHW.rule
  588    3557     2   ForceDefault_ShowerDrainHeatRecov_SFam_None            T        -      T        -      Rules_Default_ResDHW.rule
  589    3562     7   Remove_ShowerDrainHeatRecov_SFam                       T        -      -        -      Rules_Default_ResDHW.rule
  590    3580     4   ForceDefault_CompactDistribution_SFam                  T        -      T        -      Rules_Default_ResDHW.rule
      ---------------------------------------------------------------------------------------------------------
  591    3630     6   ForceDefault_CompactDistribution_SFam_DHWSys_ServeAll   T        -      T        -      Rules_Default_ResDHW.rule
  592    3639     6   ForceDefault_CompactDistribution_SFam_DHWSys_NoCompact   T        -      T        -      Rules_Default_ResDHW.rule
  593    3680     1   ForceReset_DHWHeater_RecovEff                          T        -      -        -      Rules_Default_ResDHW.rule
  594    3684     1   ForceReset_DHWHeater_InputRating                       T        -      -        -      Rules_Default_ResDHW.rule
  595    3688     4   GasDHWHeater_ConvertToNew_ConsumerInstantaneousUEF     T        -      -        -      Rules_Default_ResDHW.rule
      ---------------------------------------------------------------------------------------------------------
  596    3698     4   ForceReset_DHWHeaterPerformance_ConsumerInstantaneousUEF   T        -      -        T      Rules_Default_ResDHW.rule
  597    3707     6   ForceDefault_DHWSys_HeaterMultFlt                      T        -      -        -      Rules_Default_ResDHW.rule
  598    3719     5   CheckForUpdateNeeded_DHWHeater_OldTankType             -        -      -        T      Rules_Default_ResDHW.rule
  599    3741     2   ForceUpdate_DHWHeater_OldTankType                      T        -      T        T      Rules_Default_ResDHW.rule
  600    3770     1   ForceReset_DHWSys_NewCentralElecModel                  T        -      -        T      Rules_Default_ResDHW.rule
      ---------------------------------------------------------------------------------------------------------
  601    3776     1   ForceReset_DHWSys_UseMaxDurNumHtrs                     T        -      -        T      Rules_Default_ResDHW.rule
  602    3782     1   ForceReset_DHWSys_CentralDHW                           T        -      -        -      Rules_Default_ResDHW.rule
  603    3788     1   ForceReset_DHWSys_CentralDHWType                       T        -      -        -      Rules_Default_ResDHW.rule
  604    3794     5   ForceReset_DHWSys_DHWHeaters_2thru6                    T        -      -        -      Rules_Default_ResDHW.rule
  605    3802     1   ForceReset_DHWSys_DHWHeaters_1                         T        -      -        -      Rules_Default_ResDHW.rule
      ---------------------------------------------------------------------------------------------------------
  606    3808     1   ForceReset_DHWHeater_TankVolume                        T        -      -        -      Rules_Default_ResDHW.rule
  607    3815     1   ForceDefault_DHWSys_CHPWHNumCompFlt                    T        -      -        -      Rules_Default_ResDHW.rule
  608    3821     2   ForceDefault_DHWSys_CHPWHLoopTankResCtrls              T        -      -        -      Rules_Default_ResDHW.rule
  609    3828     2   Blast_CHPWH_TankSetpoints                              T        -      -        -      Rules_Default_ResDHW.rule
  610    3836     1   DHWSys_Blast_DemResponsive                             T        -      -        -      Rules_Default_ResDHW.rule
      ---------------------------------------------------------------------------------------------------------
  611    3842     1   Blast_DHWHeater_JA13UICompliance                       T        -      -        -      Rules_Default_ResDHW.rule
  612    3848     3   BackwardCompat_DHWSys_CHPWH                            T        -      T        -      Rules_Default_ResDHW.rule
  613    3860     3   BackwardCompat_ResDHWSys_CHPWHLoopTankType_IntegPkg    T        -      T        -      Rules_Default_ResDHW.rule
  614    3871     2   BackwardCompat_ResDHWSys_CHPWHLoopTankType_None        T        -      T        -      Rules_Default_ResDHW.rule
  615    3876     1   BackwardCompat_ResDHWSys_CHPWHLoopTankType_Present     T        -      T        -      Rules_Default_ResDHW.rule
      ---------------------------------------------------------------------------------------------------------
  616    3883     1   BlastInputs_DHWSolarSys_Count                          T        -      -        T      Rules_Default_ResDHW.rule
  617    3886     1   BlastInputs_DHWSolarSys_CountFlt                       T        -      -        T      Rules_Default_ResDHW.rule
  618    3986     1   SetSchDay_Type_Temperature                             T        -      T        T      Rules_Default_ResDHW.rule
  619      38    70   ProposedInput_ResMFam_CompactDistribution              -        -      -        T      Rules_Default_ResDHW-MFam.rule
  620     530     0   ProposedInput_ResMFam_CompactDistribution_1            -        -      -        T      Rules_Default_ResDHW-MFam.rule
      ---------------------------------------------------------------------------------------------------------
  621     578     0   ProposedInput_ResMFam_CompactDistribution_2            -        -      -        T      Rules_Default_ResDHW-MFam.rule
  622     626     0   ProposedInput_ResMFam_CompactDistribution_3            -        -      -        T      Rules_Default_ResDHW-MFam.rule
  623     674     0   ProposedInput_ResMFam_CompactDistribution_4            -        -      -        T      Rules_Default_ResDHW-MFam.rule
  624     722     0   ProposedInput_ResMFam_CompactDistribution_5            -        -      -        T      Rules_Default_ResDHW-MFam.rule
  625     773    10   ProposedInput_MFam_DwellUnitType_FixtSrvdDWHRMsg       -        -      -        T      Rules_Default_ResDHW-MFam.rule
      ---------------------------------------------------------------------------------------------------------
  626     812     2   ProposedInput_MFam_DwellUnitType_FixtSrvdDWHRMsg_System1   -        -      -        T      Rules_Default_ResDHW-MFam.rule
  627     827     2   ProposedInput_MFam_DwellUnitType_FixtSrvdDWHRMsg_System2   -        -      -        T      Rules_Default_ResDHW-MFam.rule
  628     842     2   ProposedInput_MFam_DwellUnitType_FixtSrvdDWHRMsg_System3   -        -      -        T      Rules_Default_ResDHW-MFam.rule
  629     857     2   ProposedInput_MFam_DwellUnitType_FixtSrvdDWHRMsg_System4   -        -      -        T      Rules_Default_ResDHW-MFam.rule
  630     872     2   ProposedInput_MFam_DwellUnitType_FixtSrvdDWHRMsg_System5   -        -      -        T      Rules_Default_ResDHW-MFam.rule
      ---------------------------------------------------------------------------------------------------------
  631     890     6   ProposedInput_MFam_DWHRSys                             -        -      -        T      Rules_Default_ResDHW-MFam.rule
  632     927    37   ProposedInput_MFam_DWHRSys_System1                     -        -      -        T      Rules_Default_ResDHW-MFam.rule
  633    1121    37   ProposedInput_MFam_DWHRSys_System2                     -        -      -        T      Rules_Default_ResDHW-MFam.rule
  634    1292    37   ProposedInput_MFam_DWHRSys_System3                     -        -      -        T      Rules_Default_ResDHW-MFam.rule
  635    1463    37   ProposedInput_MFam_DWHRSys_System4                     -        -      -        T      Rules_Default_ResDHW-MFam.rule
      ---------------------------------------------------------------------------------------------------------
  636    1634    37   ProposedInput_MFam_DWHRSys_System5                     -        -      -        T      Rules_Default_ResDHW-MFam.rule
  637    1808     6   ForceDefault_ShowerDrainHeatRecov_MFam                 T        -      -        -      Rules_Default_ResDHW-MFam.rule
  638    1827    10   ForceDefault_ShowerDrainHeatRecov_MFam_DUT1            T        -      T        -      Rules_Default_ResDHW-MFam.rule
  639    1868    10   ForceDefault_ShowerDrainHeatRecov_MFam_DUT2            T        -      T        -      Rules_Default_ResDHW-MFam.rule
  640    1909    10   ForceDefault_ShowerDrainHeatRecov_MFam_DUT3            T        -      T        -      Rules_Default_ResDHW-MFam.rule
      ---------------------------------------------------------------------------------------------------------
  641    1950    10   ForceDefault_ShowerDrainHeatRecov_MFam_DUT4            T        -      T        -      Rules_Default_ResDHW-MFam.rule
  642    1991    10   ForceDefault_ShowerDrainHeatRecov_MFam_DUT5            T        -      T        -      Rules_Default_ResDHW-MFam.rule
  643    2054     3   ForceDefault_CompactDistribution_MFam                  T        -      T        -      Rules_Default_ResDHW-MFam.rule
  644    2187     4   Switch_DHWSys_CentralDHW_MFamDistType_to_CentralRecircType   T        -      T        -      Rules_Default_ResDHW-MFam.rule
  645      40    28   PostProposedInput                                      T        -      -        -      Rules_ResProposedModelPrep.rule
      ---------------------------------------------------------------------------------------------------------
  646     229     7   OneTimeAnalysisPrep_RemoveADUInputs                    T        -      -        T      Rules_ResProposedModelPrep.rule
  647     245    41   ProposedModelCodeAdditions                             T        -      -        -      Rules_ResProposedModelPrep.rule
  648     505    14   SetupExistingSkyltCathedralCeilings                    T        -      -        -      Rules_ResProposedModelPrep.rule
  649     543     3   SetupBudgetHVAC                                        T        -      -        -      Rules_ResProposedModelPrep.rule
  650     554    21   SetupProposedHVAC                                      T        -      -        -      Rules_ResProposedModelPrep.rule
      ---------------------------------------------------------------------------------------------------------
  651     791    13   ProposedCompliance                                     T        -      T        T      Rules_ResProposedModelPrep.rule
  652    1027     2   EnsureValidCookingFuel_2013                            T        -      T        T      Rules_ResProposedModelPrep.rule
  653    1037    13   OverrideApplianceData                                  T        -      T        T      Rules_ResProposedModelPrep.rule
  654    1095     8   Remove_PrescribedDwellingUnitApplianceData             T        -      -        T      Rules_ResProposedModelPrep.rule
  655    1159     1   LimitPVSize_SFam_ReducedPVReq                          T        -      -        -      Rules_ResProposedModelPrep.rule
      ---------------------------------------------------------------------------------------------------------
  656    1174     1   LimitPVSize_SFam_ReducedPVReq_N                        T        -      -        -      Rules_ResProposedModelPrep.rule
  657    1189     1   LimitPVSize_SFam_ReducedPVReq_E                        T        -      -        -      Rules_ResProposedModelPrep.rule
  658    1204     1   LimitPVSize_SFam_ReducedPVReq_S                        T        -      -        -      Rules_ResProposedModelPrep.rule
  659    1219     1   LimitPVSize_SFam_ReducedPVReq_W                        T        -      -        -      Rules_ResProposedModelPrep.rule
  660    1239     0   ProposedHVACSizing                                     T        -      -        -      Rules_ResProposedModelPrep.rule
      ---------------------------------------------------------------------------------------------------------
  661    1262     0   ProposedFinal                                          T        -      -        -      Rules_ResProposedModelPrep.rule
  662      38   271   ProposedModelCodeCheck                                 T        -      -        T      Rules_ResModelChecks.rule
  663    2063    87   ProposedModelSimulationCheck                           T        -      -        T      Rules_ResModelChecks.rule
  664    3164     7   Count_NumAlterations                                   T        -      -        T      Rules_ResModelChecks.rule
  665    3203     1   FIX_2019FanEfficacy_SFam                               T        -      -        T      Rules_ResModelChecks.rule
      ---------------------------------------------------------------------------------------------------------
  666    3219     2   FIX_2019FanEfficacy_SDHV                               T        -      T        T      Rules_ResModelChecks.rule
  667    3227     2   FIX_2019FanEfficacy_GasFurnace                         T        -      T        T      Rules_ResModelChecks.rule
  668    3235     2   FIX_2019FanEfficacy_Other                              T        -      T        T      Rules_ResModelChecks.rule
  669    3245     1   FIX_2019FanEfficacy_MFam                               T        -      -        T      Rules_ResModelChecks.rule
  670    3264     2   FIX_2019FanEfficacy_MFam_SDHV                          T        -      T        T      Rules_ResModelChecks.rule
      ---------------------------------------------------------------------------------------------------------
  671    3272     2   FIX_2019FanEfficacy_MFam_GasFurnace                    T        -      T        T      Rules_ResModelChecks.rule
  672    3280     2   FIX_2019FanEfficacy_MFam_Other                         T        -      T        T      Rules_ResModelChecks.rule
  673    3291     6   SetIndirectOutsideConnection_First                     T        -      -        T      Rules_ResModelChecks.rule
  674    3333     7   SetIndirectOutsideConnection                           T        -      -        T      Rules_ResModelChecks.rule
  675      38   180   CUAC_ZoneUnitCounts                                    -        -      -        T      Rules_CUAC.rule
      ---------------------------------------------------------------------------------------------------------
  676     458     4   CUAC_ZoneUnitCounts_CalcBillsFromHrlyCSV               -        -      -        T      Rules_CUAC.rule
  677     472    47   CUAC_ZoneUnitCounts_OldCUAC                            -        -      -        T      Rules_CUAC.rule
  678     668    19   CUAC_InputErrorCheck                                   -        -      -        T      Rules_CUAC.rule
  679    1008     2   SetCUACErrorInfo_GasTariffReqd                         -        -      -        T      Rules_CUAC.rule
  680    1032     1   CUAC_DefaultGenXRates                                  -        -      -        T      Rules_CUAC.rule
      ---------------------------------------------------------------------------------------------------------
  681    1045    20   CUAC_DefaultGen2Rates                                  -        -      -        T      Rules_CUAC.rule
  682    1392    15   CUAC_DeleteCPRRates                                    T        -      -        T      Rules_CUAC.rule
  683    1414     2   CUAC_SetupGen1ElecRate                                 T        -      -        T      Rules_CUAC.rule
  684    1423     2   CUAC_SetupGen1GasRate                                  T        -      -        T      Rules_CUAC.rule
  685    1435    33   CUAC_SetupRate_Elec                                    T        -      -        T      Rules_CUAC.rule
      ---------------------------------------------------------------------------------------------------------
  686    1465    33   CUAC_SetupRate_Gas                                     T        -      -        T      Rules_CUAC.rule
  687    1497     1   CUAC_MapOldCUACElecUtility                             T        -      T        T      Rules_CUAC.rule
  688    1502     1   CUAC_MapOldCUACGasUtility                              T        -      T        T      Rules_CUAC.rule
  689    1511     2   Default_OldCUAC                                        -        -      -        T      Rules_CUAC.rule
  690    1529     8   CUAC_SetupResults                                      T        -      T        T      Rules_CUAC.rule
      ---------------------------------------------------------------------------------------------------------
  691    1558   664   CUAC_FinalCalcs                                        T        -      T        T      Rules_CUAC.rule
  692    1724    12   CUAC_FinalCalcs_Defaulted                              T        -      -        T      Rules_CUAC.rule
  693    1742     3   BlastInputs_CUACOptions                                T        -      -        T      Rules_CUAC.rule
  694    1751   101   CUAC_SetupReportingProperties                          T        -      -        T      Rules_CUAC.rule
  695    1839  2627   CUAC_SetupReportingProperties_Combined                 T        -      -        T      Rules_CUAC.rule
      ---------------------------------------------------------------------------------------------------------
  696    1965     2   CUAC_CombineReportsCleanup                             T        -      -        T      Rules_CUAC.rule
  697    1973   186   CUAC_WriteInputOutputCSV                               T        -      -        T      Rules_CUAC.rule
  698    2233    11   CUAC_WriteInputOutputCSV_ElecEndUse_1                  T        -      -        T      Rules_CUAC.rule
  699    2280    11   CUAC_WriteInputOutputCSV_ElecEndUse_2                  T        -      -        T      Rules_CUAC.rule
  700    2328    11   CUAC_WriteInputOutputCSV_ElecEndUse_3                  T        -      -        T      Rules_CUAC.rule
      ---------------------------------------------------------------------------------------------------------
  701    2375    11   CUAC_WriteInputOutputCSV_ElecEndUse_4                  T        -      -        T      Rules_CUAC.rule
  702    2422    11   CUAC_WriteInputOutputCSV_ElecEndUse_5                  T        -      -        T      Rules_CUAC.rule
  703    2469    11   CUAC_WriteInputOutputCSV_ElecEndUse_6                  T        -      -        T      Rules_CUAC.rule
  704    2516    11   CUAC_WriteInputOutputCSV_ElecEndUse_7                  T        -      -        T      Rules_CUAC.rule
  705    2566     4   CUAC_WriteInputOutputCSV_GasEndUse_1                   T        -      -        T      Rules_CUAC.rule
      ---------------------------------------------------------------------------------------------------------
  706    2585     4   CUAC_WriteInputOutputCSV_GasEndUse_2                   T        -      -        T      Rules_CUAC.rule
  707    2604     4   CUAC_WriteInputOutputCSV_GasEndUse_3                   T        -      -        T      Rules_CUAC.rule
  708    2623     4   CUAC_WriteInputOutputCSV_GasEndUse_4                   T        -      -        T      Rules_CUAC.rule
  709    2642     4   CUAC_WriteInputOutputCSV_GasEndUse_5                   T        -      -        T      Rules_CUAC.rule
  710    2661     4   CUAC_WriteInputOutputCSV_GasEndUse_6                   T        -      -        T      Rules_CUAC.rule
      ---------------------------------------------------------------------------------------------------------
  711    2680     4   CUAC_WriteInputOutputCSV_GasEndUse_7                   T        -      -        T      Rules_CUAC.rule
  712    2702    22   Default_CUAC_ResultsCombining                          -        -      -        T      Rules_CUAC.rule
  713    2720    21   Clear_CUAC_ResultsCombining                            T        -      -        T      Rules_CUAC.rule
  714      38    10   CUACRates_Setup                                        T        -      T        T      Rules_CUAC_Batch.rule
  715     147    20   CUACRates_Final                                        T        -      T        T      Rules_CUAC_Batch.rule
      ---------------------------------------------------------------------------------------------------------
  716      38    73   Reporting_SummarizeModel                               T        -      -        T      Rules_Rpt_ResBuildingSummaryCSV.rule
  717     331    59   SetupWallWindowDoorAreaTotals                          T        -      -        T      Rules_Rpt_ResBuildingSummaryCSV.rule
  718     485   275   Reporting_HERS_SpecialFeaturesSummary                  T        -      -        T      Rules_Rpt_ResBuildingSummaryCSV.rule
  719    1684     1   Force_Existing_HVACDist_DuctLeakage                    T        -      -        T      Rules_Rpt_ResBuildingSummaryCSV.rule
  720    1693     1   CreateAndAssignAsUserDefined_Proj_HERSOther            T        -      T        T      Rules_Rpt_ResBuildingSummaryCSV.rule
      ---------------------------------------------------------------------------------------------------------
  721    1697     1   CreateAndAssignAsUserDefined_HVACCool_HERSCool         T        -      T        T      Rules_Rpt_ResBuildingSummaryCSV.rule
  722    1701     1   CreateAndAssignAsUserDefined_HVACHtPump_HERSCool       T        -      T        T      Rules_Rpt_ResBuildingSummaryCSV.rule
  723    1705     1   CreateAndAssignAsUserDefined_HVACHtPump_HERSHeatRef    T        -      T        T      Rules_Rpt_ResBuildingSummaryCSV.rule
  724    1709     1   CreateAndAssignAsUserDefined_HVACHtPump_HERSHtPump     T        -      T        T      Rules_Rpt_ResBuildingSummaryCSV.rule
  725    1713     1   CreateAndAssignAsUserDefined_HVACDist_HERSDist         T        -      T        T      Rules_Rpt_ResBuildingSummaryCSV.rule
      ---------------------------------------------------------------------------------------------------------
  726    1717     1   CreateAndAssignAsUserDefined_HVACFan_HERSFan           T        -      T        T      Rules_Rpt_ResBuildingSummaryCSV.rule
  727    1725     1   CreateAndAssignAsUserDefined_Proj_HERSDist             T        -      T        T      Rules_Rpt_ResBuildingSummaryCSV.rule
  728    1729     1   CreateAndAssignAsUserDefined_Proj_HERSFan              T        -      T        T      Rules_Rpt_ResBuildingSummaryCSV.rule
  729    1733     1   CreateAndAssignAsUserDefined_DHWSys_HERSDHWSys         T        -      T        T      Rules_Rpt_ResBuildingSummaryCSV.rule
  730    1737     1   CreateAndAssignAsUserDefined_Proj_HERSDHWSys           T        -      T        T      Rules_Rpt_ResBuildingSummaryCSV.rule
      ---------------------------------------------------------------------------------------------------------
  731    1741     1   CreateAndAssignAsUserDefined_Proj_SpeclFtr             T        -      T        T      Rules_Rpt_ResBuildingSummaryCSV.rule
  732    1747    12   CreateAndAssignAsUserDefined_HVACHtPump_HERSCoolHeat_Populate   T        -      -        T      Rules_Rpt_ResBuildingSummaryCSV.rule
  733    1860    13   CreateAndAssignAsUserDefined_HVACHtPump_HERSHtPump_Populate   T        -      -        T      Rules_Rpt_ResBuildingSummaryCSV.rule
  734    1945     9   ProposedReportPrep                                     T        -      -        T      Rules_Rpt_ResBuildingSummaryCSV.rule
  735    1996     2   Setup_DwellUnitReportingObjects                        T        -      T        T      Rules_Rpt_ResBuildingSummaryCSV.rule
      ---------------------------------------------------------------------------------------------------------
  736    2003     4   Default_DwellUnitReportObject                          -        -      -        T      Rules_Rpt_ResBuildingSummaryCSV.rule
  737    2014   120   ReportMaster_Building_Summary_csv                      T        -      -        T      Rules_Rpt_ResBuildingSummaryCSV.rule
  738    2368    10   ResExtWall_Data_Report                                 -        -      -        -      Rules_Rpt_ResBuildingSummaryCSV.rule
  739    2386     7   UndWall_Data_Report                                    -        -      -        -      Rules_Rpt_ResBuildingSummaryCSV.rule
  740    2403    12   CathedralCeiling_Data_Report                           -        -      -        -      Rules_Rpt_ResBuildingSummaryCSV.rule
      ---------------------------------------------------------------------------------------------------------
  741    2423     7   CeilingBelowAttic_Data_Report                          -        -      -        -      Rules_Rpt_ResBuildingSummaryCSV.rule
  742    2438     8   SlabFloor_Data_Report                                  -        -      -        -      Rules_Rpt_ResBuildingSummaryCSV.rule
  743    2453     6   ResExtFlr_Data_Report                                  -        -      -        -      Rules_Rpt_ResBuildingSummaryCSV.rule
  744    2468     6   FloorOverCrawl_Data_Report                             -        -      -        -      Rules_Rpt_ResBuildingSummaryCSV.rule
  745    2481     5   UndFloor_Data_Report                                   -        -      -        -      Rules_Rpt_ResBuildingSummaryCSV.rule
      ---------------------------------------------------------------------------------------------------------
  746    2494    11   ResWin_Data_Report                                     -        -      -        -      Rules_Rpt_ResBuildingSummaryCSV.rule
  747    2516     8   Attic_Data_Report                                      -        -      -        -      Rules_Rpt_ResBuildingSummaryCSV.rule
  748    2531     5   CrawlSpace_Data_Report                                 -        -      -        -      Rules_Rpt_ResBuildingSummaryCSV.rule
  749    2543     8   ResSkylt_Data_Report                                   -        -      -        -      Rules_Rpt_ResBuildingSummaryCSV.rule
  750    2559    16   Cons_Data_Report                                       -        -      -        -      Rules_Rpt_ResBuildingSummaryCSV.rule
      ---------------------------------------------------------------------------------------------------------
  751    2674    33   DwellingUnit_Data_Report                               -        -      -        -      Rules_Rpt_ResBuildingSummaryCSV.rule
  752    2748   191   Zone_Data_Report                                       -        -      -        -      Rules_Rpt_ResBuildingSummaryCSV.rule
  753    8037   170   HVACSys_Data_Report                                    -        -      -        -      Rules_Rpt_ResBuildingSummaryCSV.rule
  754      38    11   HtPumpPerfMap_Defaulting                               T        -      -        T      Rules_ResVCHP3.rule
  755      93    35   HtPumpPerfMap_Defaulting_Single                        T        -      -        T      Rules_ResVCHP3.rule
      ---------------------------------------------------------------------------------------------------------
  756     163     4   HtPumpPerfMap_Defaulting_Two                           T        -      -        T      Rules_ResVCHP3.rule
  757     175   113   HtPumpPerfMap_Defaulting_Variable                      T        -      -        T      Rules_ResVCHP3.rule
  758     388   125   HtPumpPerfMap_CreatePerformanceMaps_Variable           T        -      -        T      Rules_ResVCHP3.rule
  759     566    36   HtPumpPerfMap_CreatePerformanceMaps_Variable_RemoveTemp2Vals   T        -      -        T      Rules_ResVCHP3.rule
  760     613    85   HtPumpPerfMap_CreatePerformanceMaps_SingleSpeed        T        -      -        T      Rules_ResVCHP3.rule
      ---------------------------------------------------------------------------------------------------------
  761     812    40   VCHP3_CreatePerformanceMaps_VRF                        T        -      -        T      Rules_ResVCHP3.rule
  762     880    20   VCHP3_CreateHeatingPerformanceMaps_VRF1Spd             T        -      -        T      Rules_ResVCHP3.rule
  763     905    20   HtPumpPerfMap_CreatePerformanceMaps_SingleSpeed_RemoveTemp2Vals   T        -      -        T      Rules_ResVCHP3.rule
  764     936    26   VCHP3_CreateHeatingPerformanceMaps_VRF2Spd             T        -      -        T      Rules_ResVCHP3.rule
  765     969    32   VCHP3_CreateHeatingPerformanceMaps_VRF3Spd             T        -      -        T      Rules_ResVCHP3.rule
      ---------------------------------------------------------------------------------------------------------
  766    1008    38   VCHP3_CreateHeatingPerformanceMaps_VRF4Spd             T        -      -        T      Rules_ResVCHP3.rule
  767    1053    44   VCHP3_CreateHeatingPerformanceMaps_VRF5Spd             T        -      -        T      Rules_ResVCHP3.rule
  768    1104    50   VCHP3_CreateHeatingPerformanceMaps_VRF6Spd             T        -      -        T      Rules_ResVCHP3.rule
  769    1161    20   VCHP3_CreateCoolingPerformanceMaps_VRF1Spd             T        -      -        T      Rules_ResVCHP3.rule
  770    1188    26   VCHP3_CreateCoolingPerformanceMaps_VRF2Spd             T        -      -        T      Rules_ResVCHP3.rule
      ---------------------------------------------------------------------------------------------------------
  771    1221    32   VCHP3_CreateCoolingPerformanceMaps_VRF3Spd             T        -      -        T      Rules_ResVCHP3.rule
  772    1260    38   VCHP3_CreateCoolingPerformanceMaps_VRF4Spd             T        -      -        T      Rules_ResVCHP3.rule
  773    1305    44   VCHP3_CreateCoolingPerformanceMaps_VRF5Spd             T        -      -        T      Rules_ResVCHP3.rule
  774    1356    50   VCHP3_CreateCoolingPerformanceMaps_VRF6Spd             T        -      -        T      Rules_ResVCHP3.rule
  775    1413     1   HtPumpPerfMap_BlastVCHP2Inputs                         T        -      -        T      Rules_ResVCHP3.rule
      ---------------------------------------------------------------------------------------------------------
  776      38     7   ClgPerfMap_Defaulting                                  T        -      -        T      Rules_Default_ResAirCond-PerfMap.rule
  777      76    16   ClgPerfMap_Defaulting_Single                           T        -      -        T      Rules_Default_ResAirCond-PerfMap.rule
  778     126     1   ClgPerfMap_Defaulting_Two                              T        -      -        T      Rules_Default_ResAirCond-PerfMap.rule
  779     136    54   ClgPerfMap_Defaulting_Variable                         T        -      -        T      Rules_Default_ResAirCond-PerfMap.rule
  780     330    68   ClgPerfMap_CreatePerformanceMaps_Variable              T        -      -        T      Rules_Default_ResAirCond-PerfMap.rule
      ---------------------------------------------------------------------------------------------------------
  781     425    36   ClgPerfMap_CreatePerformanceMaps_Variable_RemoveTemp2Vals   T        -      -        T      Rules_Default_ResAirCond-PerfMap.rule
  782     472    46   ClgPerfMap_CreatePerformanceMaps_SingleSpeed           T        -      -        T      Rules_Default_ResAirCond-PerfMap.rule
  783     588    20   ClgPerfMap_CreatePerformanceMaps_SingleSpeed_RemoveTemp2Vals   T        -      -        T      Rules_Default_ResAirCond-PerfMap.rule
  784      39     7   ProposedInput_CSE_Shell                                -        -      -        T      Rules_CSE_Simulation_Res.rule
  785     107     2   CSE_SimulationPrep                                     T        -      -        -      Rules_CSE_Simulation_Res.rule
      ---------------------------------------------------------------------------------------------------------
  786     130     2   CSE_SimulationPrep_Final                               T        -      -        -      Rules_CSE_Simulation_Res.rule
  787     141    28   CSE_SimulationPrep_Res                                 T        -      -        -      Rules_CSE_Simulation_Res.rule
  788     220    42   CSE_SimulationPrep_PVBattOnly                          T        -      -        -      Rules_CSE_Simulation_Res.rule
  789     294    96   CSE_Defaulting_Project                                 T        -      -        -      Rules_CSE_Simulation_Res.rule
  790     568    69   CSE_SimulationPrep_DHW_Zones_HVAC                      T        -      -        -      Rules_CSE_Simulation_Res.rule
      ---------------------------------------------------------------------------------------------------------
  791     847     1   CSE_SimulationPrep_EnergyMeters                        T        -      -        -      Rules_CSE_Simulation_Res.rule
  792     865    21   CSE_SimulationPrep_MetersByResDwell                    T        -      -        T      Rules_CSE_Simulation_Res.rule
  793     928    44   CSE_SimulationPrep_MetersByBedroomCount                T        -      -        T      Rules_CSE_Simulation_Res.rule
  794    1023    16   CSE_SimulationPrep_NoMetersByBedroomCount              T        -      -        T      Rules_CSE_Simulation_Res.rule
  795    1054   155   CSE_SimulationPrep_MetersByBedroomCount_SubMeters      T        -      -        T      Rules_CSE_Simulation_Res.rule
      ---------------------------------------------------------------------------------------------------------
  796    1224    30   CSE_SimulationPrep_NoMetersByBedroomCount_SubMeters    T        -      -        T      Rules_CSE_Simulation_Res.rule
  797    1282     2   CSE_SimulationPrep_PVandBattery                        T        -      -        -      Rules_CSE_Simulation_Res.rule
  798    1335   303   CSE_SimulationPrep_MetersAndReports                    T        -      -        -      Rules_CSE_Simulation_Res.rule
  799    1577    14   CSE_SimulationPrep_SetGasExportProperties              T        -      -        -      Rules_CSE_Simulation_Res.rule
  800    1602    86   CSE_SimulationCleanUp                                  T        -      -        -      Rules_CSE_Simulation_Res.rule
      ---------------------------------------------------------------------------------------------------------
  801    1662     8   CSE_SimSpeedOption_Compliance                          T        -      -        -      Rules_CSE_Simulation_Res.rule
  802    1673     8   CSE_SimSpeedOption_Quick                               T        -      -        -      Rules_CSE_Simulation_Res.rule
  803    1684     8   Default_SimSpeedOption                                 -        -      -        T      Rules_CSE_Simulation_Res.rule
  804    1694     8   CSE_SimSpeedOption_Custom                              T        -      -        -      Rules_CSE_Simulation_Res.rule
  805    1708     1   CSE_Setup_DESCOND                                      T        -      -        -      Rules_CSE_Simulation_Res.rule
      ---------------------------------------------------------------------------------------------------------
  806    1728     8   CSE_Setup_DESCOND_Jul                                  T        -      -        -      Rules_CSE_Simulation_Res.rule
  807    1739     8   CSE_Setup_DESCOND_Aug                                  T        -      -        -      Rules_CSE_Simulation_Res.rule
  808    1750     8   CSE_Setup_DESCOND_Sep                                  T        -      -        -      Rules_CSE_Simulation_Res.rule
  809    1761     1   CSE_Setup_DESCOND_Error                                T        -      -        -      Rules_CSE_Simulation_Res.rule
  810    1768    35   ExportFile_AirNetDetails                               T        -      -        T      Rules_CSE_Simulation_Res.rule
      ---------------------------------------------------------------------------------------------------------
  811    1889    14   ExportFile_AirNetDetails_IZXFER                        T        -      -        T      Rules_CSE_Simulation_Res.rule
  812    1973    21   SetupCSEExportFile_Infiltration_1                      T        -      -        -      Rules_CSE_Simulation_Res.rule
  813    2007    21   SetupCSEExportFile_Infiltration_2                      T        -      -        -      Rules_CSE_Simulation_Res.rule
  814    2041    21   SetupCSEExportFile_Infiltration_3                      T        -      -        -      Rules_CSE_Simulation_Res.rule
  815    2075    21   SetupCSEExportFile_Infiltration_4                      T        -      -        -      Rules_CSE_Simulation_Res.rule
      ---------------------------------------------------------------------------------------------------------
  816    2109    21   SetupCSEExportFile_Infiltration_5                      T        -      -        -      Rules_CSE_Simulation_Res.rule
  817    2143    21   SetupCSEExportFile_Infiltration_6                      T        -      -        -      Rules_CSE_Simulation_Res.rule
  818    2172    21   SetupCSEExportFile_Infiltration_7                      T        -      -        -      Rules_CSE_Simulation_Res.rule
  819    2201    21   SetupCSEExportFile_Infiltration_8                      T        -      -        -      Rules_CSE_Simulation_Res.rule
  820    2230    21   SetupCSEExportFile_Infiltration_9                      T        -      -        -      Rules_CSE_Simulation_Res.rule
      ---------------------------------------------------------------------------------------------------------
  821    2259    21   SetupCSEExportFile_Infiltration_10                     T        -      -        -      Rules_CSE_Simulation_Res.rule
  822    2290    21   SetupCSEExportFile_Infiltration_11                     T        -      -        -      Rules_CSE_Simulation_Res.rule
  823    2319    21   SetupCSEExportFile_Infiltration_12                     T        -      -        -      Rules_CSE_Simulation_Res.rule
  824    2348    21   SetupCSEExportFile_Infiltration_13                     T        -      -        -      Rules_CSE_Simulation_Res.rule
  825    2377    21   SetupCSEExportFile_Infiltration_14                     T        -      -        -      Rules_CSE_Simulation_Res.rule
      ---------------------------------------------------------------------------------------------------------
  826    2406    21   SetupCSEExportFile_Infiltration_15                     T        -      -        -      Rules_CSE_Simulation_Res.rule
  827    2435    21   SetupCSEExportFile_Infiltration_16                     T        -      -        -      Rules_CSE_Simulation_Res.rule
  828    2464    21   SetupCSEExportFile_Infiltration_17                     T        -      -        -      Rules_CSE_Simulation_Res.rule
  829    2493    21   SetupCSEExportFile_Infiltration_18                     T        -      -        -      Rules_CSE_Simulation_Res.rule
  830    2522    21   SetupCSEExportFile_Infiltration_19                     T        -      -        -      Rules_CSE_Simulation_Res.rule
      ---------------------------------------------------------------------------------------------------------
  831    2551    21   SetupCSEExportFile_Infiltration_20                     T        -      -        -      Rules_CSE_Simulation_Res.rule
  832    2583    60   ExportFile_HourlyRSYSOutput                            T        -      -        -      Rules_CSE_Simulation_Res.rule
  833    2684    44   ExportFile_HourlyAIRHANDLEROutput                      T        -      -        -      Rules_CSE_Simulation_Res.rule
  834    2766    12   CSE_Project_SetupHVACCapacityExport                    T        -      -        -      Rules_CSE_Simulation_Res.rule
  835    2793    12   CSE_HVACSys_SetupHVACCapacityExport                    T        -      -        -      Rules_CSE_Simulation_Res.rule
      ---------------------------------------------------------------------------------------------------------
  836    2855    24   CSE_Project_SetupHVACSizingExport                      T        -      -        -      Rules_CSE_Simulation_Res.rule
  837    2906    24   CSE_AirSys_SetupHVACSizingExport                       T        -      -        -      Rules_CSE_Simulation_Res.rule
  838    2955    20   CSE_ResOtherZn_SetupTrmlSizingExport                   T        -      -        -      Rules_CSE_Simulation_Res.rule
  839    2991    13   CSE_Project_SetupZoneUMLHsExport                       T        -      -        -      Rules_CSE_Simulation_Res.rule
  840    3022    12   CSE_Zone_SetupUMLHsExport                              T        -      -        -      Rules_CSE_Simulation_Res.rule
      ---------------------------------------------------------------------------------------------------------
  841    3042    12   CSE_OtherZone_SetupUMLHsExport                         T        -      -        -      Rules_CSE_Simulation_Res.rule
  842    3065     1   ForceDefault_SimStandaloneBatt                         T        -      -        T      Rules_CSE_Simulation_Res.rule
  843      38    15   CSE_SimulationPrep_HVAC                                T        -      -        -      Rules_CSE_Simulation_ResHVAC.rule
  844     112    83   HVACSys_CSE_Defaulting                                 -        -      -        -      Rules_CSE_Simulation_ResHVAC.rule
  845     923     9   HVACSys_SetupRSYS_AWHP                                 T        -      -        -      Rules_CSE_Simulation_ResHVAC.rule
      ---------------------------------------------------------------------------------------------------------
  846     958     6   HVACSys_SetupRSYS_HeatPumpDHWCombo                     T        -      -        -      Rules_CSE_Simulation_ResHVAC.rule
  847    1022    26   DHWSys_SetupDHWSYS_HeatPumpDHWCombo                    T        -      -        -      Rules_CSE_Simulation_ResHVAC.rule
  848    1073    10   HVACSys_SetupRSYS_VCHP                                 T        -      -        -      Rules_CSE_Simulation_ResHVAC.rule
  849    1093    43   HVACSys_SetupRSYS_VCHP2                                T        -      -        -      Rules_CSE_Simulation_ResHVAC.rule
  850    1324    34   HVACSys_SetupRSYS_VCHP3                                T        -      -        -      Rules_CSE_Simulation_ResHVAC.rule
      ---------------------------------------------------------------------------------------------------------
  851    1580    16   HVACSys_SetupRSYS_SplitAirCondPM                       T        -      -        -      Rules_CSE_Simulation_ResHVAC.rule
  852    1684    40   HVACSys_SetupRSYS_CentralFPFC                          T        -      -        -      Rules_CSE_Simulation_ResHVAC.rule
  853    1744    22   HVACSys_SetupRSYS_CentralWSHP                          T        -      -        -      Rules_CSE_Simulation_ResHVAC.rule
  854    2043    10   HVACSys_SetupRSYS_CentralVRF                           T        -      -        -      Rules_CSE_Simulation_ResHVAC.rule
  855    2100    27   DOAS_CSE_Defaulting                                    T        -      -        -      Rules_CSE_Simulation_ResHVAC.rule
      ---------------------------------------------------------------------------------------------------------
  856    2228     7   ForceDefault_CSE_AirNet_ELA                            T        -      -        -      Rules_CSE_Simulation_ResHVAC.rule
  857    2241    13   Default_CSE_AirNet_ELA                                 -        -      -        -      Rules_CSE_Simulation_ResHVAC.rule
  858    2308    34   SimPrep_CSE_AirNet                                     -        -      -        -      Rules_CSE_Simulation_ResHVAC.rule
  859    2451    74   SimPrep_CSE_AirNet_Zone                                -        -      -        -      Rules_CSE_Simulation_ResHVAC.rule
  860    2773    10   SimPrep_CSE_AirNet_Zone_WholeHouseFan_ToAttic          -        -      -        -      Rules_CSE_Simulation_ResHVAC.rule
      ---------------------------------------------------------------------------------------------------------
  861    2823    10   SimPrep_CSE_AirNet_Zone_WholeHouseFan_ToOutside        -        -      -        -      Rules_CSE_Simulation_ResHVAC.rule
  862    2854     8   SimPrep_CSE_AirNet_Zone_WholeHouseFan_OutsideDamper    -        -      -        -      Rules_CSE_Simulation_ResHVAC.rule
  863    2870    28   SimPrep_CSE_AirNet_Zone_ExtWall                        -        -      -        -      Rules_CSE_Simulation_ResHVAC.rule
  864    2910    32   SimPrep_CSE_AirNet_Zone_Windows_1Story                 -        -      -        -      Rules_CSE_Simulation_ResHVAC.rule
  865    3048    23   SimPrep_CSE_AirNet_ZoneUncondZone_ByZone               -        -      -        -      Rules_CSE_Simulation_ResHVAC.rule
      ---------------------------------------------------------------------------------------------------------
  866    3085    23   SimPrep_CSE_AirNet_ZoneUncondZone_ByOtherZone          -        -      -        -      Rules_CSE_Simulation_ResHVAC.rule
  867    3122    16   SimPrep_CSE_AirNet_ZoneUncondZone_ByWall               -        -      -        -      Rules_CSE_Simulation_ResHVAC.rule
  868    3159     8   SimPrep_CSE_AirNet_ResOtherZone                        -        -      -        -      Rules_CSE_Simulation_ResHVAC.rule
  869    3242    36   SimPrep_CSE_AirNet_ResOtherZone_Conditioned            -        -      -        -      Rules_CSE_Simulation_ResHVAC.rule
  870    3452    28   SimPrep_CSE_AirNet_ResOtherZone_ExtWall                -        -      -        -      Rules_CSE_Simulation_ResHVAC.rule
      ---------------------------------------------------------------------------------------------------------
  871    3489    32   SimPrep_CSE_AirNet_ResOtherZone_Windows_1Story         -        -      -        -      Rules_CSE_Simulation_ResHVAC.rule
  872    3544   259   SimPrep_CSE_AirNet_Other                               -        -      -        -      Rules_CSE_Simulation_ResHVAC.rule
  873    4316    37   SimPrep_CSE_AirNet_Attic_Vented                        T        -      -        T      Rules_CSE_Simulation_ResHVAC.rule
  874    4394    17   SimPrep_CSE_AirNet_Attic_Conditioned                   T        -      -        T      Rules_CSE_Simulation_ResHVAC.rule
  875    4422    23   Set_ZoneIAQ_SFam                                       -        -      -        T      Rules_CSE_Simulation_ResHVAC.rule
      ---------------------------------------------------------------------------------------------------------
  876    4452    90   Set_ZoneIAQ_SFam_Details                               -        -      -        T      Rules_CSE_Simulation_ResHVAC.rule
  877    4853    35   Set_ZoneIAQ_MFam                                       -        -      -        T      Rules_CSE_Simulation_ResHVAC.rule
  878    4907     4   Default_ZoneIZXFER                                     T        -      -        T      Rules_CSE_Simulation_ResHVAC.rule
  879    4916     4   Default_AtticIZXFER                                    T        -      -        T      Rules_CSE_Simulation_ResHVAC.rule
  880    4925     5   Default_ZoneWinIZXFER                                  T        -      -        T      Rules_CSE_Simulation_ResHVAC.rule
      ---------------------------------------------------------------------------------------------------------
  881    4950    38   Setup_HRVIAQ_IZXFERs_SFamZone                          T        -      -        T      Rules_CSE_Simulation_ResHVAC.rule
  882    5100    38   Setup_HRVIAQ_IZXFERs_SFamADUZone                       T        -      -        T      Rules_CSE_Simulation_ResHVAC.rule
  883    5249    41   Setup_HRVIAQ_IZXFERs_MFamDwellUnit                     T        -      -        T      Rules_CSE_Simulation_ResHVAC.rule
  884    5417    29   Setup_nonHRVIAQ_IZXFERs_MFamDwellUnit                  T        -      -        T      Rules_CSE_Simulation_ResHVAC.rule
  885      38    25   CSE_SimulationPrep_DHW                                 T        -      -        -      Rules_CSE_Simulation_ResDHW.rule
      ---------------------------------------------------------------------------------------------------------
  886     156     1   ResOtherZn_cseDHWSYSRef_blast                          T        -      -        -      Rules_CSE_Simulation_ResDHW.rule
  887     159     4   ResOtherZn_cseDHWSYSRef_ActiveDHWSystem                T        -      -        -      Rules_CSE_Simulation_ResDHW.rule
  888     169   100   ResOtherZn_cseDHWSYSRef_CreateNewByMult                T        -      -        -      Rules_CSE_Simulation_ResDHW.rule
  889     174     4   ResOtherZn_cseDHWSYSRef_CreateNewSingle                T        -      -        -      Rules_CSE_Simulation_ResDHW.rule
  890     189    11   CSE_Cleanup_DHW                                        T        -      -        -      Rules_CSE_Simulation_ResDHW.rule
      ---------------------------------------------------------------------------------------------------------
  891     208    39   CSE_SetDHWUseInclude                                   T        -      -        -      Rules_CSE_Simulation_ResDHW.rule
  892     255    40   CSE_BlastDHWUseInclude                                 T        -      -        -      Rules_CSE_Simulation_ResDHW.rule
  893     304     7   Setup_CentralHPWH_LargeAutosized                       T        -      T        -      Rules_CSE_Simulation_ResDHW.rule
  894     339    20   CSE_SimulationPrep_DHW_MFam_wsUse                      T        -      -        -      Rules_CSE_Simulation_ResDHW.rule
  895     380    42   CSE_SimulationPrep_DHW_MFam_wsDayUse                   T        -      -        -      Rules_CSE_Simulation_ResDHW.rule
      ---------------------------------------------------------------------------------------------------------
  896     520     8   Setup_DwellUnitDHW                                     T        -      -        T      Rules_CSE_Simulation_ResDHW.rule
  897     568   112   CSE_SimulationPrep_DHW_part2                           T        -      -        -      Rules_CSE_Simulation_ResDHW.rule
  898    1476     2   Setup_cseDHWHEATREC                                    T        -      -        T      Rules_CSE_Simulation_ResDHW.rule
  899    1486    14   Setup_cseDHWSYS_MetersAndTemperatures                  T        -      -        T      Rules_CSE_Simulation_ResDHW.rule
  900    1604    32   CSE_SimulationPrep_DHWHtr_DHWHtr                       T        -      -        -      Rules_CSE_Simulation_ResDHW.rule
      ---------------------------------------------------------------------------------------------------------
  901    2138     7   CSE_SimulationPrep_DHWTank_DHWHtr                      T        -      -        -      Rules_CSE_Simulation_ResDHW.rule
  902    2168     8   CSE_SimulationPrep_DHWHtr_HVACSys                      T        -      -        -      Rules_CSE_Simulation_ResDHW.rule
  903    2236     7   CSE_SimulationPrep_DHWTank_HVACSys                     T        -      -        -      Rules_CSE_Simulation_ResDHW.rule
  904    2265     4   CSE_SimulationPrep_DHWHtr_AWHP                         T        -      -        -      Rules_CSE_Simulation_ResDHW.rule
  905    2285    10   CSE_SimulationPrep_DHWHtr_HeatPumpDHWCombo             T        -      -        -      Rules_CSE_Simulation_ResDHW.rule
      ---------------------------------------------------------------------------------------------------------
  906    2372    18   CSE_SimulationPrep_DHWLoopHtr_DHWSys                   T        -      -        -      Rules_CSE_Simulation_ResDHW.rule
  907    2638     8   CSE_SimulationPrep_DHWLoopHtr_DHWHtr                   T        -      -        -      Rules_CSE_Simulation_ResDHW.rule
  908    2677    21   CSE_SimulationPrep_DHWLoopHtr_DHWHtr___OLD             T        -      -        -      Rules_CSE_Simulation_ResDHW.rule
  909    2920    23   CSE_SimulationPrep_DHWLoop                             T        -      -        -      Rules_CSE_Simulation_ResDHW.rule
  910    3025    31   CSE_SimulationPrep_DHWLoopSeg                          T        -      -        -      Rules_CSE_Simulation_ResDHW.rule
      ---------------------------------------------------------------------------------------------------------
  911    3272    10   CSE_SimulationPrep_DHWLoopBranch                       T        -      -        -      Rules_CSE_Simulation_ResDHW.rule
  912    3325     9   CSE_DHWSystem_SetupHPWHSizingRun                       T        -      -        -      Rules_CSE_Simulation_ResDHW.rule
  913    3374     5   CSE_DHWSystem_RestoreFollowingHPWHSizingRun            T        -      -        -      Rules_CSE_Simulation_ResDHW.rule
  914    3403     7   CSE_DHWHeater_SetupHPWHSizingRun                       T        -      -        -      Rules_CSE_Simulation_ResDHW.rule
  915    3422     4   CSE_DHWHeater_RestoreFollowingHPWHSizingRun            T        -      -        -      Rules_CSE_Simulation_ResDHW.rule
      ---------------------------------------------------------------------------------------------------------
  916    3438    12   CSE_Project_SetupHPWHSizingRun                         T        -      -        -      Rules_CSE_Simulation_ResDHW.rule
  917    3462     2   CSE_Project_RestoreHPWHSizingRun                       T        -      -        -      Rules_CSE_Simulation_ResDHW.rule
  918    3474     8   CSE_DHWSolarSys_SetupSolarSysSizingRun                 T        -      -        -      Rules_CSE_Simulation_ResDHW.rule
  919    3497    12   CSE_DHWSolarSys_RestoreFollowingSolarSysSizingRun      T        -      -        -      Rules_CSE_Simulation_ResDHW.rule
  920    3561    44   CSE_Project_SetupSolarSysSizingExport                  T        -      -        -      Rules_CSE_Simulation_ResDHW.rule
      ---------------------------------------------------------------------------------------------------------
  921    3692     9   CSE_Project_SetupHourlyDHWMeterExport                  T        -      -        -      Rules_CSE_Simulation_ResDHW.rule
  922    3711    17   CSE_Project_SetupSolarSysSSFExport                     T        -      -        -      Rules_CSE_Simulation_ResDHW.rule
  923    3750     9   CSE_DHWSolarSys_SetupSolarSysSSFExport                 T        -      -        -      Rules_CSE_Simulation_ResDHW.rule
  924    3770     6   CSE_Project_SetupDHWMinusSolarSysRun                   T        -      -        -      Rules_CSE_Simulation_ResDHW.rule
  925    3798     3   CSE_Project_RestoreFollowingDHWMinusSolarSysRun        T        -      -        -      Rules_CSE_Simulation_ResDHW.rule
      ---------------------------------------------------------------------------------------------------------
  926    3848     3   SwitchCHPWHSizing_to_Oversized                         T        -      -        -      Rules_CSE_Simulation_ResDHW.rule
  927    3857    30   Setup_cseDHWHEATREC_SFam                               T        -      -        -      Rules_CSE_Simulation_ResDHW.rule
  928    3932    30   Setup_cseDHWHEATREC_MFam                               T        -      -        -      Rules_CSE_Simulation_ResDHW.rule
  929    4366     4   CSE_DHWSystem_CalculateHPWHMultiplier                  T        -      -        -      Rules_CSE_Simulation_ResDHW.rule
  930    4418    14   CSE_SimulationPrep_DHW_SolarSys                        T        -      -        -      Rules_CSE_Simulation_ResDHW.rule
      ---------------------------------------------------------------------------------------------------------
  931    4468    11   DHWStandardSourceEnergy_Prep                           T        -      -        -      Rules_CSE_Simulation_ResDHW.rule
  932    4607     5   DHWStandardSourceEnergy_Restore                        T        -      -        -      Rules_CSE_Simulation_ResDHW.rule
  933    4670     4   CSE_DHWHeater_SetupStandardSourceEnergy_whZone         T        -      -        -      Rules_CSE_Simulation_ResDHW.rule
  934    4687     2   CSE_DHWHeater_InitStandardSourceEnergy_whZone          T        -      -        -      Rules_CSE_Simulation_ResDHW.rule
  935    4692     4   CSE_DHWHeater_RestoreStandardSourceEnergy_whZone       T        -      -        -      Rules_CSE_Simulation_ResDHW.rule
      ---------------------------------------------------------------------------------------------------------
  936    4704     4   CSE_DHWHeater_SetupStandardSourceEnergy_whASHPSrcZn    T        -      -        -      Rules_CSE_Simulation_ResDHW.rule
  937    4721     2   CSE_DHWHeater_InitStandardSourceEnergy_whASHPSrcZn     T        -      -        -      Rules_CSE_Simulation_ResDHW.rule
  938    4726     4   CSE_DHWHeater_RestoreStandardSourceEnergy_whASHPSrcZn   T        -      -        -      Rules_CSE_Simulation_ResDHW.rule
  939    4738    14   CSE_DHWHeater_SetupStandardSourceEnergy_GasInst        T        -      -        -      Rules_CSE_Simulation_ResDHW.rule
  940      38    23   CSE_SimulationPrep_Cons                                T        -      -        -      Rules_CSE_Simulation_ResConsAssm.rule
      ---------------------------------------------------------------------------------------------------------
  941     160     3   CSE_Cleanup_Cons                                       T        -      -        -      Rules_CSE_Simulation_ResConsAssm.rule
  942     171     1   SetupAtticEdgeConstructions                            T        -      -        T      Rules_CSE_Simulation_ResConsAssm.rule
  943     190     4   Default_MATERIAL_BasedOn_SourceMat                     T        -      -        -      Rules_CSE_Simulation_ResConsAssm.rule
  944     228    10   Default_CavityPath_Thicknesses                         T        -      -        -      Rules_CSE_Simulation_ResConsAssm.rule
  945     255    34   Setup_CSE_CONSTRUCTION_SlabFloors                      T        -      -        -      Rules_CSE_Simulation_ResConsAssm.rule
      ---------------------------------------------------------------------------------------------------------
  946     305    25   Setup_CSE_CONSTRUCTION_SlabFloors_CarpetedOnly         T        -      -        -      Rules_CSE_Simulation_ResConsAssm.rule
  947     343    17   Setup_CSE_CONSTRUCTION_SlabFloors_ExposedOnly          T        -      -        -      Rules_CSE_Simulation_ResConsAssm.rule
  948     372    22   Setup_CSE_CONSTRUCTION_UndFloors                       T        -      -        -      Rules_CSE_Simulation_ResConsAssm.rule
  949     406    17   Setup_CSE_CONSTRUCTION_UndFloors_CarpetedOnly          T        -      -        -      Rules_CSE_Simulation_ResConsAssm.rule
  950     433     9   Setup_CSE_CONSTRUCTION_UndFloors_ExposedOnly           T        -      -        -      Rules_CSE_Simulation_ResConsAssm.rule
      ---------------------------------------------------------------------------------------------------------
  951     453     8   Setup_CSE_CONSTRUCTION                                 T        -      -        -      Rules_CSE_Simulation_ResConsAssm.rule
  952     484    12   CreateAtticEdgeConstructions                           T        -      -        T      Rules_CSE_Simulation_ResConsAssm.rule
  953     509     2   CreateAtticEdgeWAConstruction                          T        -      -        T      Rules_CSE_Simulation_ResConsAssm.rule
  954     514     2   CreateAtticEdgeWBConstruction                          T        -      -        T      Rules_CSE_Simulation_ResConsAssm.rule
  955     522    51   Default_CavCONSTRUCTION                                T        -      -        -      Rules_CSE_Simulation_ResConsAssm.rule
      ---------------------------------------------------------------------------------------------------------
  956     729    50   Default_FrmCONSTRUCTION                                T        -      -        -      Rules_CSE_Simulation_ResConsAssm.rule
  957      38    26   CSE_SimulationPrep_IntMass                             T        -      -        -      Rules_CSE_Simulation_ResIntMass.rule
  958     156     5   Setup_CSE_CONSTRUCTION_Furniture_internal_mass         T        -      -        -      Rules_CSE_Simulation_ResIntMass.rule
  959     167     9   Setup_CSE_SURFACE_Furniture_internal_mass              T        -      -        -      Rules_CSE_Simulation_ResIntMass.rule
  960     186     9   Setup_CSE_SURFACE_Furniture_internal_mass_ResOtherZone   T        -      -        -      Rules_CSE_Simulation_ResIntMass.rule
      ---------------------------------------------------------------------------------------------------------
  961     206    22   Setup_CSE_CONSTRUCTION_internal_wall                   T        -      -        -      Rules_CSE_Simulation_ResIntMass.rule
  962     240    18   Setup_CSE_SURFACE_internal_wall                        T        -      -        -      Rules_CSE_Simulation_ResIntMass.rule
  963     264    18   Setup_CSE_SURFACE_internal_wall_ResOtherZone           T        -      -        -      Rules_CSE_Simulation_ResIntMass.rule
  964     289    38   Setup_CSE_CONSTRUCTION_internal_floor                  T        -      -        -      Rules_CSE_Simulation_ResIntMass.rule
  965     343    16   Setup_CSE_SURFACE_internal_floor                       T        -      -        -      Rules_CSE_Simulation_ResIntMass.rule
      ---------------------------------------------------------------------------------------------------------
  966     367    16   Setup_CSE_SURFACE_internal_floor_ResOtherZone          T        -      -        -      Rules_CSE_Simulation_ResIntMass.rule
  967      38   399   CSE_SimulationPrep_Surfaces                            T        -      -        -      Rules_CSE_Simulation_ResSurfaces.rule
  968     878    26   CSE_Cleanup_Surfaces                                   T        -      -        -      Rules_CSE_Simulation_ResSurfaces.rule
  969     933     2   Create_UndWall_SURFACEs                                -        -      -        -      Rules_CSE_Simulation_ResSurfaces.rule
  970     945     2   Create_IntWall_SURFACEs                                -        -      -        -      Rules_CSE_Simulation_ResSurfaces.rule
      ---------------------------------------------------------------------------------------------------------
  971     958     2   Create_CathedralCeiling_SURFACEs                       -        -      -        -      Rules_CSE_Simulation_ResSurfaces.rule
  972     971     2   Create_CeilingBelowAttic_SURFACEs                      -        -      -        -      Rules_CSE_Simulation_ResSurfaces.rule
  973     985     2   Create_AtticEdgeWACathedralCeiling_SURFACEs            -        -      -        -      Rules_CSE_Simulation_ResSurfaces.rule
  974     996     2   Create_AtticEdgeWBCathedralCeiling_SURFACEs            -        -      -        -      Rules_CSE_Simulation_ResSurfaces.rule
  975    1007     2   Create_ExtWall_SURFACEs                                -        -      -        -      Rules_CSE_Simulation_ResSurfaces.rule
      ---------------------------------------------------------------------------------------------------------
  976    1023     4   Create_WINDOWs                                         -        -      -        -      Rules_CSE_Simulation_ResSurfaces.rule
  977    1043    10   Default_WINDOW_BasedOn_SourceWin                       -        -      -        -      Rules_CSE_Simulation_ResSurfaces.rule
  978    1104    13   Default_SHADE_BasedOn_Win                              -        -      -        -      Rules_CSE_Simulation_ResSurfaces.rule
  979    1135     2   Create_InteriorCeiling_SURFACEs                        -        -      -        -      Rules_CSE_Simulation_ResSurfaces.rule
  980    1146     2   Create_ExteriorFloor_SURFACEs                          -        -      -        -      Rules_CSE_Simulation_ResSurfaces.rule
      ---------------------------------------------------------------------------------------------------------
  981    1158     2   Create_FloorOverCrawl_SURFACEs                         -        -      -        -      Rules_CSE_Simulation_ResSurfaces.rule
  982    1170     2   Create_InteriorFloor_SURFACEs                          -        -      -        -      Rules_CSE_Simulation_ResSurfaces.rule
  983    1182     2   Create_UndFloor_SURFACEs                               -        -      -        -      Rules_CSE_Simulation_ResSurfaces.rule
  984    1194     4   Create_SlabFloor_SURFACEs                              -        -      -        -      Rules_CSE_Simulation_ResSurfaces.rule
  985    1217     6   Default_AtticRoof_SURFACE                              -        -      -        T      Rules_CSE_Simulation_ResSurfaces.rule
      ---------------------------------------------------------------------------------------------------------
  986    1230     6   Default_AtticTruss_SURFACE                             -        -      -        T      Rules_CSE_Simulation_ResSurfaces.rule
  987    1242    11   CAResAttic_CreateTrussMatAndCons                       -        -      -        T      Rules_CSE_Simulation_ResSurfaces.rule
  988    1271     3   CAResAttic_BlastTrussMatAndCons                        T        -      -        T      Rules_CSE_Simulation_ResSurfaces.rule
  989    1281   129   SimPrep_CSE_CrawlSpace_Surfaces                        -        -      -        T      Rules_CSE_Simulation_ResSurfaces.rule
  990    1514    74   SimPrep_CSE_CrawlSpace_Surfaces_AbvGrdFrmWalls         -        -      -        T      Rules_CSE_Simulation_ResSurfaces.rule
      ---------------------------------------------------------------------------------------------------------
  991    1605    41   BlastCrawlSpaceMatAndCons                              T        -      -        T      Rules_CSE_Simulation_ResSurfaces.rule
  992      38   111   CSE_SimulationPrep_Zones_IntGains                      T        -      -        -      Rules_CSE_Simulation_ResZns-IntGains.rule
  993     560    81   CSE_Set2016InternalGains                               T        -      -        -      Rules_CSE_Simulation_ResZns-IntGains.rule
  994     650    81   CSE_BlastInternalGains                                 T        -      -        -      Rules_CSE_Simulation_ResZns-IntGains.rule
  995     739   151   CSE_SimulationPrep_Zones_IntGains_part2                T        -      -        -      Rules_CSE_Simulation_ResZns-IntGains.rule
      ---------------------------------------------------------------------------------------------------------
  996    1335    59   SetSurfaceAreaSums                                     T        -      -        -      Rules_CSE_Simulation_ResZns-IntGains.rule
  997    1412     7   CreateGainRefrig                                       T        -      -        T      Rules_CSE_Simulation_ResZns-IntGains.rule
  998    1433    11   CreateGainDish_Zone                                    T        -      -        T      Rules_CSE_Simulation_ResZns-IntGains.rule
  999    1473    10   CreateGainDish_Zone_2                                  T        -      -        T      Rules_CSE_Simulation_ResZns-IntGains.rule
 1000    1501     9   CreateGainDish_DwellUnitDHW                            T        -      -        T      Rules_CSE_Simulation_ResZns-IntGains.rule
      ---------------------------------------------------------------------------------------------------------
 1001    1519    24   CreateGainCooking                                      T        -      -        T      Rules_CSE_Simulation_ResZns-IntGains.rule
 1002    1578    10   CreateGainWasher_Zone                                  T        -      -        T      Rules_CSE_Simulation_ResZns-IntGains.rule
 1003    1617    10   CreateGainWasher_Zone_2                                T        -      -        T      Rules_CSE_Simulation_ResZns-IntGains.rule
 1004    1652     8   CreateGainWasher_DwellUnitDHW                          T        -      -        T      Rules_CSE_Simulation_ResZns-IntGains.rule
 1005    1679    24   CreateGainDryer_Zone                                   T        -      -        T      Rules_CSE_Simulation_ResZns-IntGains.rule
      ---------------------------------------------------------------------------------------------------------
 1006    1734    16   CreateGainDryer_Zone_2                                 T        -      -        T      Rules_CSE_Simulation_ResZns-IntGains.rule
 1007    1768    16   CreateGainDryer_DwellUnitDHW                           T        -      -        T      Rules_CSE_Simulation_ResZns-IntGains.rule
 1008    1808     5   SimPrep_SetupClgBelowAtticBypassDiode                  T        -      -        T      Rules_CSE_Simulation_ResZns-IntGains.rule
 1009      38    37   CSE_SimulationPrep_Reports                             T        -      -        -      Rules_CSE_Simulation_ResReports.rule
 1010     204    10   CSE_SimulationPrep_Reports_ZDD                         T        -      -        -      Rules_CSE_Simulation_ResReports.rule
      ---------------------------------------------------------------------------------------------------------
 1011     237    48   CSE_SimulationPrep_Reports_ZEBMo                       T        -      -        -      Rules_CSE_Simulation_ResReports.rule
 1012     314     6   CSE_SimulationPrep_Reports_ZEB_DD                      T        -      -        -      Rules_CSE_Simulation_ResReports.rule
 1013     329     6   CSE_SimulationPrep_Reports_ZEB_CD                      T        -      -        -      Rules_CSE_Simulation_ResReports.rule
 1014     344     6   CSE_SimulationPrep_Reports_ZEB_HD                      T        -      -        -      Rules_CSE_Simulation_ResReports.rule
 1015     361    37   CSE_SimulationPrep_Reports_ZEB_hourly                  T        -      -        -      Rules_CSE_Simulation_ResReports.rule
      ---------------------------------------------------------------------------------------------------------
 1016     429    37   CSE_SimulationPrep_Reports_ZEB_daytot                  T        -      -        -      Rules_CSE_Simulation_ResReports.rule
 1017     500    48   CSE_SimulationPrep_Reports_ZEBMo_ResOtherZone          T        -      -        -      Rules_CSE_Simulation_ResReports.rule
 1018     577     6   CSE_SimulationPrep_Reports_ZEB_DD_ResOtherZone         T        -      -        -      Rules_CSE_Simulation_ResReports.rule
 1019     592     6   CSE_SimulationPrep_Reports_ZEB_CD_ResOtherZone         T        -      -        -      Rules_CSE_Simulation_ResReports.rule
 1020     607     6   CSE_SimulationPrep_Reports_ZEB_HD_ResOtherZone         T        -      -        -      Rules_CSE_Simulation_ResReports.rule
      ---------------------------------------------------------------------------------------------------------
 1021     624    37   CSE_SimulationPrep_Reports_ZEB_hourly_ResOtherZone     T        -      -        -      Rules_CSE_Simulation_ResReports.rule
 1022     692    37   CSE_SimulationPrep_Reports_ZEB_daytot_ResOtherZone     T        -      -        -      Rules_CSE_Simulation_ResReports.rule
 1023     763    23   CSE_SimulationPrep_Reports_HVAC                        T        -      -        -      Rules_CSE_Simulation_ResReports.rule
 1024     800    15   CSE_SimulationPrep_Reports_HtPumpHtg                   T        -      -        -      Rules_CSE_Simulation_ResReports.rule
 1025      37     1   CSE_SimulationPrep_Mat                                 T        -      -        -      Rules_CSE_Simulation_ConsAssm.rule
      ---------------------------------------------------------------------------------------------------------
 1026      85     5   CSE_SimulationPrep_Mat_Composite                       T        -      -        -      Rules_CSE_Simulation_ConsAssm.rule
 1027     143     4   CSE_SimulationPrep_ConsAssm                            T        -      -        -      Rules_CSE_Simulation_ConsAssm.rule
 1028     184    52   CSE_SimulationPrep_ConsAssm_Frm                        T        -      -        -      Rules_CSE_Simulation_ConsAssm.rule
 1029     451    52   CSE_SimulationPrep_ConsAssm_Cav                        T        -      -        -      Rules_CSE_Simulation_ConsAssm.rule
 1030     998    52   CSE_SimulationPrep_ConsAssm_Cav_QIIDegraded            T        -      -        -      Rules_CSE_Simulation_ConsAssm.rule
      ---------------------------------------------------------------------------------------------------------
 1031      37     7   CSE_SimulationPrep_HVAC_Terminal_AirSys                T        -      -        -      Rules_CSE_Simulation_ResHVAC_AirHandler.rule
 1032      69    51   CSE_SimulationPrep_AirSys_AirHandler                   T        -      -        -      Rules_CSE_Simulation_ResHVAC_AirHandler.rule
 1033     403    14   CSE_SimulationPrep_AirSys_AirHandler_Autosize          T        -      -        -      Rules_CSE_Simulation_ResHVAC_AirHandler.rule
 1034     430    34   CSE_SimulationPrep_AirSys_AirHandler_FixedSizes        T        -      -        -      Rules_CSE_Simulation_ResHVAC_AirHandler.rule
 1035     620     5   CSE_SimulationPrep_ResOtherZn_Terminal                 T        -      -        -      Rules_CSE_Simulation_ResHVAC_AirHandler.rule
      ---------------------------------------------------------------------------------------------------------
 1036     665     9   CSE_SimulationPrep_ResOtherZn_Terminal_Autosize        T        -      -        -      Rules_CSE_Simulation_ResHVAC_AirHandler.rule
 1037     682     9   CSE_SimulationPrep_ResOtherZn_Terminal_FixedSizes      T        -      -        -      Rules_CSE_Simulation_ResHVAC_AirHandler.rule
 1038     710    40   Create_ResOtherZn_AirSys                               T        -      T        T      Rules_CSE_Simulation_ResHVAC_AirHandler.rule
 1039      39   133   E+_SimulationPrep_Res                                  T        -      T        -      Rules_E+_Simulation_Res.rule
 1040      37    53   CSE_SimulationPrep_Com                                 T        -      -        -      Rules_CSE_Simulation_Com.rule
      ---------------------------------------------------------------------------------------------------------
 1041     222    35   CSE_Defaulting_Project_Com                             T        -      -        -      Rules_CSE_Simulation_Com.rule
 1042     366    12   CSE_SimulationCleanUp_Com                              T        -      -        -      Rules_CSE_Simulation_Com.rule
 1043     401     8   CSE_SimSpeedOption_Compliance_Com                      T        -      -        -      Rules_CSE_Simulation_Com.rule
 1044     450     7   CSE_SimulationPrep_DHW_MFam_wsDayUse_Com               T        -      -        -      Rules_CSE_Simulation_Com.rule
 1045     535     7   Setup_DwellUnitDHW_1Bedroom_Com                        T        -      -        T      Rules_CSE_Simulation_Com.rule
      ---------------------------------------------------------------------------------------------------------
 1046     644     4   Setup_DwellUnitDHW_Com                                 T        -      -        T      Rules_CSE_Simulation_Com.rule
 1047     692    30   Setup_cseDHWHEATREC_NRes                               T        -      -        -      Rules_CSE_Simulation_Com.rule
 1048     855     6   ForceDefault_ShowerDrainHeatRecov_NRes                 T        -      -        -      Rules_CSE_Simulation_Com.rule
 1049     867   195   CSE_SimulationPrep_LoadMeters                          T        -      -        -      Rules_CSE_Simulation_Com.rule
 1050     916     1   CSE_SimulationPrep_LoadMeters_FluidSys                 T        -      -        -      Rules_CSE_Simulation_Com.rule
      ---------------------------------------------------------------------------------------------------------
 1051     923    24   CSE_SimulationPrep_LoadMeters_FluidSys_ProcLoads       T        -      -        -      Rules_CSE_Simulation_Com.rule
 1052     957    22   CSE_SimulationPrep_LoadMeters_Export                   T        -      -        -      Rules_CSE_Simulation_Com.rule
 1053     995    28   CSE_SimulationPrep_LoadMeters_Export_FluidSys          T        -      -        -      Rules_CSE_Simulation_Com.rule
 1054      37    14   CSE_SimulationPrep_PV                                  T        -      -        -      Rules_CSE_Simulation_PV.rule
 1055     149     3   Create_PVArrayPolyLp                                   T        -      -        -      Rules_CSE_Simulation_PV.rule
      ---------------------------------------------------------------------------------------------------------
 1056     162     1   Init_PolyLp                                            T        -      -        -      Rules_CSE_Simulation_PV.rule
 1057      37    11   CSE_SimulationPrep_Battery                             T        -      -        -      Rules_CSE_Simulation_Battery.rule
 1058     169     4   CSE_SimulationPrep_Battery_ImportFile                  T        -      -        -      Rules_CSE_Simulation_Battery.rule
 1059     179     4   CSE_SimulationPrep_Battery_Gain                        T        -      -        -      Rules_CSE_Simulation_Battery.rule
 1060      37    22   ProposedModelPrep                                      T        -      T        -      Rules_ProposedModelPrep.rule
      ---------------------------------------------------------------------------------------------------------
 1061     158    14   Create_Sch_DischrgSchRef                               T        -      T        -      Rules_ProposedModelPrep.rule
 1062     208    14   Create_Sch_ChrgSchRef                                  T        -      T        -      Rules_ProposedModelPrep.rule
 1063     258    14   Create_Sch_ChlrOnlySchRef                              T        -      T        -      Rules_ProposedModelPrep.rule
 1064     321    16   Create_SchWeek_DischrgSchWeekRef                       T        -      T        -      Rules_ProposedModelPrep.rule
 1065     370    16   Create_SchWeek_ChrgSchWeekRef                          T        -      T        -      Rules_ProposedModelPrep.rule
      ---------------------------------------------------------------------------------------------------------
 1066     419    16   Create_SchWeek_ChlrOnlySchWeekRef                      T        -      T        -      Rules_ProposedModelPrep.rule
 1067     493    27   Create_ThrmlEngyStorModeSchDay_DischrgSchDayRef        T        -      T        -      Rules_ProposedModelPrep.rule
 1068     576    27   Create_ThrmlEngyStorModeSchDay_ChrgSchDayRef           T        -      T        -      Rules_ProposedModelPrep.rule
 1069     659    27   Create_ThrmlEngyStorModeSchDay_ChlrOnlySchDayRef       T        -      T        -      Rules_ProposedModelPrep.rule
 1070     745    27   Setup_Sch_DischrgSchRef_WksThru12                      T        -      T        -      Rules_ProposedModelPrep.rule
      ---------------------------------------------------------------------------------------------------------
 1071     838    27   Setup_Sch_ChrgSchRef_WksThru12                         T        -      T        -      Rules_ProposedModelPrep.rule
 1072     931    27   Setup_Sch_ChlrOnlySchRef_WksThru12                     T        -      T        -      Rules_ProposedModelPrep.rule
 1073    1028   123   Setup_Sch_DischrgSchRef_Wks13On                        T        -      T        -      Rules_ProposedModelPrep.rule
 1074    1441   123   Setup_Sch_ChrgSchRef_Wks13On                           T        -      T        -      Rules_ProposedModelPrep.rule
 1075    1854   123   Setup_Sch_ChlrOnlySchRef_Wks13On                       T        -      T        -      Rules_ProposedModelPrep.rule
      ---------------------------------------------------------------------------------------------------------
 1076    2271    79   Default_Schedules                                      -        -      -        T      Rules_ProposedModelPrep.rule
 1077    2542     1   SetupSch_CSEInput_Blast                                T        -      -        T      Rules_ProposedModelPrep.rule
 1078    2546     1   SetupSch_CSEInput_SingleWeekSingleDay                  T        -      -        T      Rules_ProposedModelPrep.rule
 1079    2550     1   SetupSch_CSEInput_SingleWeekWDWE                       T        -      -        T      Rules_ProposedModelPrep.rule
 1080    2555     1   SetupSch_CSEInput_SingleWeekWDSatSun                   T        -      -        T      Rules_ProposedModelPrep.rule
      ---------------------------------------------------------------------------------------------------------
 1081    2562     6   SetupSch_CSEInput_MonthlyWDWE                          T        -      -        T      Rules_ProposedModelPrep.rule
 1082    2623  1400   SetupDemRespSched_ResDHWSys                            T        -      T        T      Rules_ProposedModelPrep.rule
 1083    2694     3   AdjProcElecDsngDaySch                                  T        -      -        T      Rules_ProposedModelPrep.rule
 1084    2704     3   AdjProcGasDsngDaySch                                   T        -      -        T      Rules_ProposedModelPrep.rule
 1085    2714    29   SetupSecLoopFluidSys                                   T        -      T        -      Rules_ProposedModelPrep.rule
      ---------------------------------------------------------------------------------------------------------
 1086    2789     7   SetupPriSecLoopHX                                      T        -      T        -      Rules_ProposedModelPrep.rule
 1087    2808    10   ChlrIdxng                                              T        -      T        -      Rules_ProposedModelPrep.rule
 1088    2823    11   ChWFluidSys_SingleStage                                T        -      T        -      Rules_ProposedModelPrep.rule
 1089      37    22   SetupMFamInteriorSurfaces                              T        -      -        T      Rules_SetupMFamInteriorSurfaces.rule
 1090     153     6   SetupMFamIntSurfs_RemoveIntSurfs                       T        -      -        T      Rules_SetupMFamInteriorSurfaces.rule
      ---------------------------------------------------------------------------------------------------------
 1091     260     6   SetupMFamIntSurfs_NewZBWall                            T        -      T        T      Rules_SetupMFamInteriorSurfaces.rule
 1092     269     6   SetupMFamIntSurfs_NewZBClg                             T        -      T        T      Rules_SetupMFamInteriorSurfaces.rule
 1093     278     7   SetupMFamIntSurfs_NewZBFlr                             T        -      T        T      Rules_SetupMFamInteriorSurfaces.rule
 1094     291    42   CSE_SimulationPrep_ZoneSurfaceAreas                    T        -      -        T      Rules_SetupMFamInteriorSurfaces.rule
 1095      40     5   ModekitPrep_HybridCooling                              T        -      -        T      Rules_Modelkit.rule
      ---------------------------------------------------------------------------------------------------------
 1096      65     1   ModekitPrep_HybridCooling_ZnSys                        T        -      -        T      Rules_Modelkit.rule
 1097      40   239   BudgetConversion                                       T        -      T        T      Rules_BudgetConversion_Res.rule
 1098    1787     4   ConvertResZnHVACAlteredToNew                           T        -      T        T      Rules_BudgetConversion_Res.rule
 1099    1797     3   ConvertResOtherZnHVACAlteredToNew                      T        -      T        T      Rules_BudgetConversion_Res.rule
 1100    1806     7   BudgetConversion_Res_MFamCathClg                       T        -      T        T      Rules_BudgetConversion_Res.rule
      ---------------------------------------------------------------------------------------------------------
 1101    1918    20   BudgetConversion_Res_CathClgToAttic                    T        -      T        T      Rules_BudgetConversion_Res.rule
 1102    2040    10   BudgetConversion_IAQ_SupplyInletsNotAccessible         T        -      T        T      Rules_BudgetConversion_Res.rule
 1103    2140    13   BudgetConversion_IAQ_SupplyInletsAccessible            T        -      T        T      Rules_BudgetConversion_Res.rule
 1104    2262    28   BudgetConversion_IAQ_DwellUnitType                     -        -      -        T      Rules_BudgetConversion_Res.rule
 1105    2384     3   ForceStandard_IAQ_HeatRecovery                         T        -      T        -      Rules_BudgetConversion_Res.rule
      ---------------------------------------------------------------------------------------------------------
 1106    2394     1   BudgetConversion_ElecDHW_StdWindowUfactor              T        -      T        T      Rules_BudgetConversion_Res.rule
 1107    2400    24   BudgetConversion_SetupDuctsAndFan                      T        -      T        T      Rules_BudgetConversion_Res.rule
 1108    2553     1   Setup_StdCathClgAttic                                  -        -      -        T      Rules_BudgetConversion_Res.rule
 1109    2561     4   BudgetConversion_HVACDist_TypeAndDefaultSystem_NoResets   T        -      T        -      Rules_BudgetConversion_Res.rule
 1110    2612     6   BudgetConversion_Std_SpecifyFuel                       T        -      T        -      Rules_BudgetConversion_Res.rule
      ---------------------------------------------------------------------------------------------------------
 1111    2644     4   BudgetConversion_SetupElectricAppliances               T        -      T        -      Rules_BudgetConversion_Res.rule
 1112    2651     2   BudgetConversion_SetupElectricCooking                  T        -      T        -      Rules_BudgetConversion_Res.rule
 1113    2656     2   BudgetConversion_SetupElectricDryer                    T        -      T        -      Rules_BudgetConversion_Res.rule
 1114    2661     1   BudgetConversion_SetupElectricHVAC                     T        -      T        -      Rules_BudgetConversion_Res.rule
 1115    2667     1   BudgetConversion_SetupElectricDHW                      T        -      T        -      Rules_BudgetConversion_Res.rule
      ---------------------------------------------------------------------------------------------------------
 1116    2674     4   BudgetConversion_SetupGasAppliances                    T        -      T        -      Rules_BudgetConversion_Res.rule
 1117    2681     2   BudgetConversion_SetupGasCooking                       T        -      T        -      Rules_BudgetConversion_Res.rule
 1118    2686     2   BudgetConversion_SetupGasDryer                         T        -      T        -      Rules_BudgetConversion_Res.rule
 1119    2691     1   BudgetConversion_SetupGasHVAC                          T        -      T        -      Rules_BudgetConversion_Res.rule
 1120    2697     1   BudgetConversion_SetupGasDHW                           T        -      T        -      Rules_BudgetConversion_Res.rule
      ---------------------------------------------------------------------------------------------------------
 1121    2703     9   ConvertTo_HVACSys_HeatPump                             T        -      T        T      Rules_BudgetConversion_Res.rule
 1122    2726    12   ConvertTo_HVACSys_ACFurnace                            T        -      T        T      Rules_BudgetConversion_Res.rule
 1123    2762     7   ConvertTo_DHWSys_HPWH                                  T        -      T        -      Rules_BudgetConversion_Res.rule
 1124    2775     7   ConvertTo_DHWSys_Gas                                   T        -      T        -      Rules_BudgetConversion_Res.rule
 1125    2793     0   BudgetHVACSizing                                       T        -      -        -      Rules_BudgetConversion_Res.rule
      ---------------------------------------------------------------------------------------------------------
 1126    2814     0   BudgetFinal                                            T        -      -        -      Rules_BudgetConversion_Res.rule
 1127      39     3   BudgetConversion_MFam_Envelope                         T        -      T        T      Rules_BudgetConversion_MFam-Envelope.rule
 1128      81     7   BudgetConversion_MFam_Envelope_ResWin                  T        -      T        T      Rules_BudgetConversion_MFam-Envelope.rule
 1129     113     1   BudgetConversion_MFam_Envelope_ResWin_Area             T        -      T        T      Rules_BudgetConversion_MFam-Envelope.rule
 1130     117     2   BudgetConversion_MFam_Envelope_ResWin_Dimensions       T        -      T        T      Rules_BudgetConversion_MFam-Envelope.rule
      ---------------------------------------------------------------------------------------------------------
 1131      39   175   BudgetConversion_DHW                                   T        -      T        T      Rules_BudgetConversion_ResDHW.rule
 1132    2105    24   BudgetConversion_DHWSys_SingleHeater                   T        -      T        T      Rules_BudgetConversion_ResDHW.rule
 1133    2180    24   BudgetConversion_DHWSys_CentralElecHeaters             T        -      T        T      Rules_BudgetConversion_ResDHW.rule
 1134    2288     6   BudgetConversion_DHWSys_AssignStdElecDHWHeaters        T        -      T        T      Rules_BudgetConversion_ResDHW.rule
 1135    2313    15   BudgetConversion_DHWSys_CentralRecircGasBoiler         T        -      T        T      Rules_BudgetConversion_ResDHW.rule
      ---------------------------------------------------------------------------------------------------------
 1136    2344    34   BudgetConversion_DHWSys_CentralHPWH                    T        -      T        T      Rules_BudgetConversion_ResDHW.rule
 1137    2419     3   BudgetConversion_DHWHeater_ImportFromLibrary           T        -      T        -      Rules_BudgetConversion_ResDHW.rule
 1138    2436     2   BudgetConversion_DHW_StdHPWHToCondZone                 T        -      T        -      Rules_BudgetConversion_ResDHW.rule
 1139    2443     3   BudgetConversion_DHWHeater_HeaterElementType           T        -      T        -      Rules_BudgetConversion_ResDHW.rule
 1140    2492     2   BudgetConversion_DHWHeater_TankType                    T        -      T        -      Rules_BudgetConversion_ResDHW.rule
      ---------------------------------------------------------------------------------------------------------
 1141    2559     6   Blast_DHWSys_DWHRSysRefs                               T        -      -        -      Rules_BudgetConversion_ResDHW.rule
 1142    2569     6   Blast_DwellUnitType_DWHRSysRefs_1                      T        -      -        -      Rules_BudgetConversion_ResDHW.rule
 1143    2577     6   Blast_DwellUnitType_DWHRSysRefs_2                      T        -      -        -      Rules_BudgetConversion_ResDHW.rule
 1144    2585     6   Blast_DwellUnitType_DWHRSysRefs_3                      T        -      -        -      Rules_BudgetConversion_ResDHW.rule
 1145    2593     6   Blast_DwellUnitType_DWHRSysRefs_4                      T        -      -        -      Rules_BudgetConversion_ResDHW.rule
      ---------------------------------------------------------------------------------------------------------
 1146    2601     6   Blast_DwellUnitType_DWHRSysRefs_5                      T        -      -        -      Rules_BudgetConversion_ResDHW.rule
 1147      37   799   CF1RPRF01E_Proposed                                    T        -      -        -      CF1RPRF01E_Master.rule
 1148    5448     8   CF1RPRF01E_cf1rSection_G_Proposed_MultiFamily          T        -      -        -      CF1RPRF01E_Master.rule
 1149    5470     9   CF1RPRF01E_cf1rSection_DwellInfo_Proposed_MultiFamily   T        -      -        -      CF1RPRF01E_Master.rule
 1150    5501    20   CF1RPRF01E_cf1rSection_DwellType_Proposed_MultiFamily   T        -      -        -      CF1RPRF01E_Master.rule
      ---------------------------------------------------------------------------------------------------------
 1151    5584    21   CF1RPRF01E_cf1rSection_K_Proposed                      T        -      -        -      CF1RPRF01E_Master.rule
 1152    5672    18   CF1RPRF01E_Section_CCeilingVA                          T        -      -        -      CF1RPRF01E_Master.rule
 1153    5774     8   CF1RPRF01E_cf1rSection_Attic_Proposed                  T        -      -        -      CF1RPRF01E_Master.rule
 1154    5854    12   CF1RPRF01E_cf1rSection_AtticVA_Proposed                T        -      -        -      CF1RPRF01E_Master.rule
 1155    5893    10   CF1RPRF01E_cf1rSection_Doormf_Proposed                 T        -      -        -      CF1RPRF01E_Master.rule
      ---------------------------------------------------------------------------------------------------------
 1156    5938    48   CF1RPRF01E_cf1rSection_Fenmf_Proposed                  T        -      -        -      CF1RPRF01E_Master.rule
 1157    6084     9   CF1RPRF01E_cf1rSection_Ll_Proposed                     T        -      -        -      CF1RPRF01E_Master.rule
 1158    6119    21   CF1RPRF01E_cf1rSection_O_Proposed                      T        -      -        -      CF1RPRF01E_Master.rule
 1159    6185    19   CF1RPRF01E_cf1rSection_OverhangVA_Proposed             T        -      -        -      CF1RPRF01E_Master.rule
 1160    6233    31   CF1RPRF01E_cf1rSection_S_Proposed_SingleFamily         T        -      -        -      CF1RPRF01E_Master.rule
      ---------------------------------------------------------------------------------------------------------
 1161    6423    33   CF1RPRF01E_cf1rSection_S_Proposed_MultiFamily          T        -      -        -      CF1RPRF01E_Master.rule
 1162    6646    10   CF1RPRF01E_cf1rSection_Z                               T        -      -        -      CF1RPRF01E_Master.rule
 1163    6677    12   CF1RPRF01E_cf1rSection_Yhers                           T        -      -        -      CF1RPRF01E_Master.rule
 1164    6710    18   2025LMCCNRCC_cf1rSection_WaterHP_Proposed              T        -      -        -      CF1RPRF01E_Master.rule
 1165    6885    92   CF1RPRF01E_cf1rSection_Distmf_Proposed                 T        -      -        -      CF1RPRF01E_Master.rule
      ---------------------------------------------------------------------------------------------------------
 1166    7428    14   CF1RPRF01E_cf1rSection_Bb                              T        -      -        -      CF1RPRF01E_Master.rule
 1167    7505     6   CF1RPRF01E_cf1rSection_Dd                              T        -      -        -      CF1RPRF01E_Master.rule
 1168    7526    19   Setup_DwellUnitType_CF1R_CompactMFRow_1                T        -      -        -      CF1RPRF01E_Master.rule
 1169    7583    19   Setup_DwellUnitType_CF1R_CompactMFRow_2                T        -      -        -      CF1RPRF01E_Master.rule
 1170    7640    19   Setup_DwellUnitType_CF1R_CompactMFRow_3                T        -      -        -      CF1RPRF01E_Master.rule
      ---------------------------------------------------------------------------------------------------------
 1171    7697    19   Setup_DwellUnitType_CF1R_CompactMFRow_4                T        -      -        -      CF1RPRF01E_Master.rule
 1172    7754    19   Setup_DwellUnitType_CF1R_CompactMFRow_5                T        -      -        -      CF1RPRF01E_Master.rule
 1173    7815    60   CF1RPRF01E_TableDWHR_MFam                              T        -      -        -      CF1RPRF01E_Master.rule
 1174    8106     8   CF1RPRF01E_TableDWHR_MFam_DHWSys1_DWHR1                T        -      -        -      CF1RPRF01E_Master.rule
 1175    8122     8   CF1RPRF01E_TableDWHR_MFam_DHWSys1_DWHR2                T        -      -        -      CF1RPRF01E_Master.rule
      ---------------------------------------------------------------------------------------------------------
 1176    8138     8   CF1RPRF01E_TableDWHR_MFam_DHWSys1_DWHR3                T        -      -        -      CF1RPRF01E_Master.rule
 1177    8154     8   CF1RPRF01E_TableDWHR_MFam_DHWSys1_DWHR4                T        -      -        -      CF1RPRF01E_Master.rule
 1178    8170     8   CF1RPRF01E_TableDWHR_MFam_DHWSys1_DWHR5                T        -      -        -      CF1RPRF01E_Master.rule
 1179    8186     8   CF1RPRF01E_TableDWHR_MFam_DHWSys1_DWHR6                T        -      -        -      CF1RPRF01E_Master.rule
 1180    8203     8   CF1RPRF01E_TableDWHR_MFam_DHWSys2_DWHR1                T        -      -        -      CF1RPRF01E_Master.rule
      ---------------------------------------------------------------------------------------------------------
 1181    8219     8   CF1RPRF01E_TableDWHR_MFam_DHWSys2_DWHR2                T        -      -        -      CF1RPRF01E_Master.rule
 1182    8235     8   CF1RPRF01E_TableDWHR_MFam_DHWSys2_DWHR3                T        -      -        -      CF1RPRF01E_Master.rule
 1183    8251     8   CF1RPRF01E_TableDWHR_MFam_DHWSys2_DWHR4                T        -      -        -      CF1RPRF01E_Master.rule
 1184    8267     8   CF1RPRF01E_TableDWHR_MFam_DHWSys2_DWHR5                T        -      -        -      CF1RPRF01E_Master.rule
 1185    8283     8   CF1RPRF01E_TableDWHR_MFam_DHWSys2_DWHR6                T        -      -        -      CF1RPRF01E_Master.rule
      ---------------------------------------------------------------------------------------------------------
 1186    8300     8   CF1RPRF01E_TableDWHR_MFam_DHWSys3_DWHR1                T        -      -        -      CF1RPRF01E_Master.rule
 1187    8316     8   CF1RPRF01E_TableDWHR_MFam_DHWSys3_DWHR2                T        -      -        -      CF1RPRF01E_Master.rule
 1188    8332     8   CF1RPRF01E_TableDWHR_MFam_DHWSys3_DWHR3                T        -      -        -      CF1RPRF01E_Master.rule
 1189    8348     8   CF1RPRF01E_TableDWHR_MFam_DHWSys3_DWHR4                T        -      -        -      CF1RPRF01E_Master.rule
 1190    8364     8   CF1RPRF01E_TableDWHR_MFam_DHWSys3_DWHR5                T        -      -        -      CF1RPRF01E_Master.rule
      ---------------------------------------------------------------------------------------------------------
 1191    8380     8   CF1RPRF01E_TableDWHR_MFam_DHWSys3_DWHR6                T        -      -        -      CF1RPRF01E_Master.rule
 1192    8397     8   CF1RPRF01E_TableDWHR_MFam_DHWSys4_DWHR1                T        -      -        -      CF1RPRF01E_Master.rule
 1193    8413     8   CF1RPRF01E_TableDWHR_MFam_DHWSys4_DWHR2                T        -      -        -      CF1RPRF01E_Master.rule
 1194    8429     8   CF1RPRF01E_TableDWHR_MFam_DHWSys4_DWHR3                T        -      -        -      CF1RPRF01E_Master.rule
 1195    8445     8   CF1RPRF01E_TableDWHR_MFam_DHWSys4_DWHR4                T        -      -        -      CF1RPRF01E_Master.rule
      ---------------------------------------------------------------------------------------------------------
 1196    8461     8   CF1RPRF01E_TableDWHR_MFam_DHWSys4_DWHR5                T        -      -        -      CF1RPRF01E_Master.rule
 1197    8477     8   CF1RPRF01E_TableDWHR_MFam_DHWSys4_DWHR6                T        -      -        -      CF1RPRF01E_Master.rule
 1198    8494     8   CF1RPRF01E_TableDWHR_MFam_DHWSys5_DWHR1                T        -      -        -      CF1RPRF01E_Master.rule
 1199    8510     8   CF1RPRF01E_TableDWHR_MFam_DHWSys5_DWHR2                T        -      -        -      CF1RPRF01E_Master.rule
 1200    8526     8   CF1RPRF01E_TableDWHR_MFam_DHWSys5_DWHR3                T        -      -        -      CF1RPRF01E_Master.rule
      ---------------------------------------------------------------------------------------------------------
 1201    8542     8   CF1RPRF01E_TableDWHR_MFam_DHWSys5_DWHR4                T        -      -        -      CF1RPRF01E_Master.rule
 1202    8558     8   CF1RPRF01E_TableDWHR_MFam_DHWSys5_DWHR5                T        -      -        -      CF1RPRF01E_Master.rule
 1203    8574     8   CF1RPRF01E_TableDWHR_MFam_DHWSys5_DWHR6                T        -      -        -      CF1RPRF01E_Master.rule
 1204    8593     3   CF1RPRF01E_TableWaterHeatingSolar                      T        -      -        -      CF1RPRF01E_Master.rule
 1205    8608    10   CF1RPRF01E_TableWaterHeatingSolar_OG100                T        -      -        -      CF1RPRF01E_Master.rule
      ---------------------------------------------------------------------------------------------------------
 1206    8624    11   CF1RPRF01E_TableWaterHeatingSolar_OG300                T        -      -        -      CF1RPRF01E_Master.rule
 1207    8640     3   CF1RPRF01E_TableWaterHeatingSolar_SSF                  T        -      -        -      CF1RPRF01E_Master.rule
 1208    8673    60   CF1RPRF01E_VerifiedAltered_HVACHeating_HeatPump        T        -      -        -      CF1RPRF01E_Master.rule
 1209    8946    50   CF1RPRF01E_VerifiedAltered_HVACHeating_Other           T        -      -        -      CF1RPRF01E_Master.rule
 1210    9191    60   CF1RPRF01E_VerifiedAltered_HVACCooling_HeatPump        T        -      -        -      CF1RPRF01E_Master.rule
      ---------------------------------------------------------------------------------------------------------
 1211    9474    60   CF1RPRF01E_VerifiedAltered_HVACCooling_Other           T        -      -        -      CF1RPRF01E_Master.rule
 1212    9779    16   CF1RPRF01E_cf1rSection_Pp_Proposed                     T        -      -        -      CF1RPRF01E_Master.rule
 1213    9868    14   CF1RPRF01E_Init_cf1rComplianceDocumentPackage          T        -      -        -      CF1RPRF01E_Master.rule
 1214    9887     3   CF1RPRF01E_Init_cf1rDocID                              T        -      -        -      CF1RPRF01E_Master.rule
 1215    9895    11   CF1RPRF01E_Init_cf1rPayload                            T        -      -        -      CF1RPRF01E_Master.rule
      ---------------------------------------------------------------------------------------------------------
 1216    9911     4   CF1RPRF01E_Init_cf1rHeader                             T        -      -        -      CF1RPRF01E_Master.rule
 1217    9921     0   CF1RPRF01E_Init_cf1rDocAuthor                          T        -      -        -      CF1RPRF01E_Master.rule
 1218    9936     0   CF1RPRF01E_Init_cf1rRespPerson                         T        -      -        -      CF1RPRF01E_Master.rule
 1219    9951     0   CF1RPRF01E_Init_cf1rFooter                             T        -      -        -      CF1RPRF01E_Master.rule
 1220      38    57   LMCCPRF_Proposed_MFam_SpecialFeatures                  T        -      -        -      LMCCPRF_MFam_SpecialFeatures.rule
      ---------------------------------------------------------------------------------------------------------
 1221     527     2   LMCCPRF_MFam_SpecialFeature_DemandResponseCompatibleHPWH   T        -      -        -      LMCCPRF_MFam_SpecialFeatures.rule
 1222     534     2   LMCCPRF_MFam_SpecialFeature_ZonalHeatingControls       T        -      -        -      LMCCPRF_MFam_SpecialFeatures.rule
 1223     541     3   LMCCPRF_MFam_SpecialFeature_PVCommunitySolar           T        -      -        -      LMCCPRF_MFam_SpecialFeatures.rule
 1224     550     3   LMCCPRF_MFam_SpecialFeature_PV2kWSystem                T        -      -        -      LMCCPRF_MFam_SpecialFeatures.rule
 1225     559     2   LMCCPRF_MFam_SpecialFeature_LAFirePVBattExcptApplies   T        -      -        -      LMCCPRF_MFam_SpecialFeatures.rule
      ---------------------------------------------------------------------------------------------------------
 1226     566     2   LMCCPRF_MFam_SpecialFeature_PVModuleTypePremium        T        -      -        -      LMCCPRF_MFam_SpecialFeatures.rule
 1227     573     2   LMCCPRF_MFam_SpecialFeature_PVModuleTypeThinFilm       T        -      -        -      LMCCPRF_MFam_SpecialFeatures.rule
 1228     580     2   LMCCPRF_MFam_SpecialFeature_PVArrayTrackingOneAxis     T        -      -        -      LMCCPRF_MFam_SpecialFeatures.rule
 1229     587     2   LMCCPRF_MFam_SpecialFeature_PVArrayTrackingTwoAxis     T        -      -        -      LMCCPRF_MFam_SpecialFeatures.rule
 1230     594     2   LMCCPRF_MFam_SpecialFeature_PVPowerElecMicroinverters   T        -      -        -      LMCCPRF_MFam_SpecialFeatures.rule
      ---------------------------------------------------------------------------------------------------------
 1231     601     2   LMCCPRF_MFam_SpecialFeature_PVPowerElecDCPowerOptimizer   T        -      -        -      LMCCPRF_MFam_SpecialFeatures.rule
 1232     608     3   LMCCPRF_MFam_SpecialFeature_PVException                T        -      -        -      LMCCPRF_MFam_SpecialFeatures.rule
 1233     649     3   LMCCPRF_MFam_SpecialFeature_BatterySystem              T        -      -        -      LMCCPRF_MFam_SpecialFeatures.rule
 1234     659     3   LMCCPRF_MFam_SpecialFeature_BatteryWithSelfUtilCredit   T        -      -        -      LMCCPRF_MFam_SpecialFeatures.rule
 1235     669     2   LMCCPRF_MFam_SpecialFeature_WholeHouseFan              T        -      -        -      LMCCPRF_MFam_SpecialFeatures.rule
      ---------------------------------------------------------------------------------------------------------
 1236     676     2   LMCCPRF_MFam_SpecialFeature_VariableCFICoolVent        T        -      -        -      LMCCPRF_MFam_SpecialFeatures.rule
 1237     683     2   LMCCPRF_MFam_SpecialFeature_FixedCFICoolVent           T        -      -        -      LMCCPRF_MFam_SpecialFeatures.rule
 1238     692     2   LMCCPRF_MFam_SpecialFeature_PrecoolingCreditTaken      T        -      -        -      LMCCPRF_MFam_SpecialFeatures.rule
 1239     701     2   LMCCPRF_MFam_SpecialFeature_BalancedIAQVentilation     T        -      -        -      LMCCPRF_MFam_SpecialFeatures.rule
 1240     708     3   LMCCPRF_MFam_SpecialFeature_IAQVentilationFanEfficacy   T        -      -        -      LMCCPRF_MFam_SpecialFeatures.rule
      ---------------------------------------------------------------------------------------------------------
 1241     717     4   LMCCPRF_MFam_SpecialFeature_IAQVentilationHRV_SRE_ASRE   T        -      -        -      LMCCPRF_MFam_SpecialFeatures.rule
 1242     728     2   LMCCPRF_MFam_SpecialFeature_IAQVentilationSupplyAccessibility   T        -      -        -      LMCCPRF_MFam_SpecialFeatures.rule
 1243     735     2   LMCCPRF_MFam_SpecialFeature_IAQVentilationFID          T        -      -        -      LMCCPRF_MFam_SpecialFeatures.rule
 1244     742     2   LMCCPRF_MFam_SpecialFeature_DuctHighInsulation         T        -      -        -      LMCCPRF_MFam_SpecialFeatures.rule
 1245     749     2   LMCCPRF_MFam_SpecialFeature_RaisedHeelTruss            T        -      -        -      LMCCPRF_MFam_SpecialFeatures.rule
      ---------------------------------------------------------------------------------------------------------
 1246     756     2   LMCCPRF_MFam_SpecialFeature_CoolRoof                   T        -      -        -      LMCCPRF_MFam_SpecialFeatures.rule
 1247     766     2   LMCCPRF_MFam_SpecialFeature_InsulationCeiling          T        -      -        -      LMCCPRF_MFam_SpecialFeatures.rule
 1248     773     2   LMCCPRF_MFam_SpecialFeature_NonstandardFloor           T        -      -        -      LMCCPRF_MFam_SpecialFeatures.rule
 1249     780     2   LMCCPRF_MFam_SpecialFeature_InsulationAboveRoofDeck    T        -      -        -      LMCCPRF_MFam_SpecialFeatures.rule
 1250     787     2   LMCCPRF_MFam_SpecialFeature_InsulationBelowRoofDeck    T        -      -        -      LMCCPRF_MFam_SpecialFeatures.rule
      ---------------------------------------------------------------------------------------------------------
 1251     794     2   LMCCPRF_MFam_SpecialFeature_ExteriorWindowShades       T        -      -        -      LMCCPRF_MFam_SpecialFeatures.rule
 1252     801     2   LMCCPRF_MFam_SpecialFeature_WindowOverhangsFins        T        -      -        -      LMCCPRF_MFam_SpecialFeatures.rule
 1253     808     2   LMCCPRF_MFam_SpecialFeature_ExposedSlabFloor           T        -      -        -      LMCCPRF_MFam_SpecialFeatures.rule
 1254     815     2   LMCCPRF_MFam_SpecialFeature_NoCoolingSystem            T        -      -        -      LMCCPRF_MFam_SpecialFeatures.rule
 1255     822     2   LMCCPRF_MFam_SpecialFeature_DuctsLessThan40ft          T        -      -        -      LMCCPRF_MFam_SpecialFeatures.rule
      ---------------------------------------------------------------------------------------------------------
 1256     829     2   LMCCPRF_MFam_SpecialFeature_AdvancedWallFraming        T        -      -        -      LMCCPRF_MFam_SpecialFeatures.rule
 1257     836     2   LMCCPRF_MFam_SpecialFeature_MetalFramedAssembly        T        -      -        -      LMCCPRF_MFam_SpecialFeatures.rule
 1258     843     2   LMCCPRF_MFam_SpecialFeature_SIPAssembly                T        -      -        -      LMCCPRF_MFam_SpecialFeatures.rule
 1259     850     2   LMCCPRF_MFam_SpecialFeature_DuctsInCrawlSpace          T        -      -        -      LMCCPRF_MFam_SpecialFeatures.rule
 1260     857     2   LMCCPRF_MFam_SpecialFeature_DuctsNonstandardLocation   T        -      -        -      LMCCPRF_MFam_SpecialFeatures.rule
      ---------------------------------------------------------------------------------------------------------
 1261     864     2   LMCCPRF_MFam_SpecialFeature_ComplianceOptionVCHP       T        -      -        -      LMCCPRF_MFam_SpecialFeatures.rule
 1262     871     2   LMCCPRF_MFam_SpecialFeature_SolarWaterHeatingCreditSF   T        -      -        -      LMCCPRF_MFam_SpecialFeatures.rule
 1263     878     2   LMCCPRF_MFam_SpecialFeature_SolarWaterHeatingCreditMF   T        -      -        -      LMCCPRF_MFam_SpecialFeatures.rule
 1264     885     2   LMCCPRF_MFam_SpecialFeature_SlabEdgeInsulation         T        -      -        -      LMCCPRF_MFam_SpecialFeatures.rule
 1265     892     2   LMCCPRF_MFam_SpecialFeature_HeatedSlab                 T        -      -        -      LMCCPRF_MFam_SpecialFeatures.rule
      ---------------------------------------------------------------------------------------------------------
 1266     900     2   LMCCPRF_MFam_SpecialFeature_CentralHeatPumpWaterHeater   T        -      -        -      LMCCPRF_MFam_SpecialFeatures.rule
 1267     907     2   LMCCPRF_MFam_SpecialFeature_PointOfUseElectricInstantaneousWaterHeater   T        -      -        -      LMCCPRF_MFam_SpecialFeatures.rule
 1268     917     2   LMCCPRF_MFam_SpecialFeature_CompactDesignBasic         T        -      -        -      LMCCPRF_MFam_SpecialFeatures.rule
 1269     924     2   LMCCPRF_MFam_SpecialFeature_RecirculationDemandControlMF   T        -      -        -      LMCCPRF_MFam_SpecialFeatures.rule
 1270     931     2   LMCCPRF_MFam_SpecialFeature_RecirculationNoControlMF   T        -      -        -      LMCCPRF_MFam_SpecialFeatures.rule
      ---------------------------------------------------------------------------------------------------------
 1271     938     2   LMCCPRF_MFam_SpecialFeature_RecirculationTempModulationMF   T        -      -        -      LMCCPRF_MFam_SpecialFeatures.rule
 1272     945     2   LMCCPRF_MFam_SpecialFeature_NoLoopsOrRecircPumpMF      T        -      -        -      LMCCPRF_MFam_SpecialFeatures.rule
 1273     952     2   LMCCPRF_MFam_SpecialFeature_RecirculationTempModMonitoringMF   T        -      -        -      LMCCPRF_MFam_SpecialFeatures.rule
 1274     959     2   LMCCPRF_MFam_SpecialFeature_CentralParallelPiping      T        -      -        -      LMCCPRF_MFam_SpecialFeatures.rule
 1275     966     2   LMCCPRF_MFam_SpecialFeature_PipeInsulationAllLines     T        -      -        -      LMCCPRF_MFam_SpecialFeatures.rule
      ---------------------------------------------------------------------------------------------------------
 1276     973     2   LMCCPRF_MFam_SpecialFeature_PointOfUseDHW              T        -      -        -      LMCCPRF_MFam_SpecialFeatures.rule
 1277     980     2   LMCCPRF_MFam_SpecialFeature_RecirculationDemandControlOccup   T        -      -        -      LMCCPRF_MFam_SpecialFeatures.rule
 1278     987     2   LMCCPRF_MFam_SpecialFeature_RecirculationDemandControlPushBtn   T        -      -        -      LMCCPRF_MFam_SpecialFeatures.rule
 1279     994     2   LMCCPRF_MFam_SpecialFeature_RecirculationNonDemandControl   T        -      -        -      LMCCPRF_MFam_SpecialFeatures.rule
 1280    1001     2   LMCCPRF_MFam_SpecialFeature_HeatPumpWaterHeaterNEEA    T        -      -        -      LMCCPRF_MFam_SpecialFeatures.rule
      ---------------------------------------------------------------------------------------------------------
 1281    1008     3   LMCCPRF_MFam_SpecialFeature_AtticReliefVentFreeArea    T        -      -        -      LMCCPRF_MFam_SpecialFeatures.rule
 1282    1019     2   LMCCPRF_MFam_SpecialFeature_PipeSizingPerCPCAppMSpeclFtr   T        -      -        -      LMCCPRF_MFam_SpecialFeatures.rule
 1283    1026     2   LMCCPRF_MFam_SpecialFeature_MasterMixingValveSpeclFtr   T        -      -        -      LMCCPRF_MFam_SpecialFeatures.rule
 1284    1035     2   LMCCPRF_MFam_SpecialFeature_NoSpecialFeatures          T        -      -        -      LMCCPRF_MFam_SpecialFeatures.rule
 1285    1045     5   CF1RPRF01E_Final_SpecialFeatures                       T        -      -        -      LMCCPRF_MFam_SpecialFeatures.rule
      ---------------------------------------------------------------------------------------------------------
 1286      37    58   CF1RPRF01E_Proposed_HERSFeatures                       T        -      -        -      CF1RPRF01E_HERSFeatures.rule
 1287     482     2   CF1RPRF01E_HERSFeature_Building_QualityInsulationInstallationHERS   T        -      -        -      CF1RPRF01E_HERSFeatures.rule
 1288     489     3   CF1RPRF01E_HERSFeature_Building_EnvelopeAirLeakageHERS   T        -      -        -      CF1RPRF01E_HERSFeatures.rule
 1289     498     2   CF1RPRF01E_HERSFeature_Building_IAQ_MechanicalVentilationHERS   T        -      -        -      CF1RPRF01E_HERSFeatures.rule
 1290     505     2   CF1RPRF01E_HERSFeature_Building_CentralFanIAQVentilationHERS   T        -      -        -      CF1RPRF01E_HERSFeatures.rule
      ---------------------------------------------------------------------------------------------------------
 1291     512     2   CF1RPRF01E_HERSFeature_Building_DwellingUnitEnclosureLeakageHERS   T        -      -        -      CF1RPRF01E_HERSFeatures.rule
 1292     519     2   CF1RPRF01E_HERSFeature_Building_KitchenRangeHoodHERS   T        -      -        -      CF1RPRF01E_HERSFeatures.rule
 1293     526     2   CF1RPRF01E_HERSFeature_Building_InsulationSprayFoamHighRvalueHERS   T        -      -        -      CF1RPRF01E_HERSFeatures.rule
 1294     533     2   CF1RPRF01E_HERSFeature_Building_VerifiedExistingConditionsHERS   T        -      -        -      CF1RPRF01E_HERSFeatures.rule
 1295     540     2   CF1RPRF01E_HERSFeature_Building_ZonalSystemBypassDuctConditionsHERS   T        -      -        -      CF1RPRF01E_HERSFeatures.rule
      ---------------------------------------------------------------------------------------------------------
 1296     547     2   CF1RPRF01E_HERSFeature_Building_WholeHouseFanHERS      T        -      -        -      CF1RPRF01E_HERSFeatures.rule
 1297     554     2   CF1RPRF01E_HERSFeature_Building_CentralFanVentilationCoolingHERS   T        -      -        -      CF1RPRF01E_HERSFeatures.rule
 1298     561     2   CF1RPRF01E_HERSFeature_Building_CentralFanVentilationCoolingVariableHERS   T        -      -        -      CF1RPRF01E_HERSFeatures.rule
 1299     568     2   CF1RPRF01E_HERSFeature_Building_None                   T        -      -        -      CF1RPRF01E_HERSFeatures.rule
 1300     578     2   CF1RPRF01E_HERSFeature_Cooling_MinimumAirflow          T        -      -        -      CF1RPRF01E_HERSFeatures.rule
      ---------------------------------------------------------------------------------------------------------
 1301     585     2   CF1RPRF01E_HERSFeature_Cooling_VerifiedEER             T        -      -        -      CF1RPRF01E_HERSFeatures.rule
 1302     592     2   CF1RPRF01E_HERSFeature_Cooling_VerifiedSEER            T        -      -        -      CF1RPRF01E_HERSFeatures.rule
 1303     599     2   CF1RPRF01E_HERSFeature_Cooling_RefrigerantCharge       T        -      -        -      CF1RPRF01E_HERSFeatures.rule
 1304     606     2   CF1RPRF01E_HERSFeature_Cooling_AlteredRefrigerantCharge   T        -      -        -      CF1RPRF01E_HERSFeatures.rule
 1305     613     2   CF1RPRF01E_HERSFeature_Cooling_FanEfficacy             T        -      -        -      CF1RPRF01E_HERSFeatures.rule
      ---------------------------------------------------------------------------------------------------------
 1306     621     2   CF1RPRF01E_HERSFeature_Cooling_AirToHabitableRoomsVCHP   T        -      -        -      CF1RPRF01E_HERSFeatures.rule
 1307     628     2   CF1RPRF01E_HERSFeature_Cooling_MinimumAirflowVCHP      T        -      -        -      CF1RPRF01E_HERSFeatures.rule
 1308     635     2   CF1RPRF01E_HERSFeature_Cooling_None                    T        -      -        -      CF1RPRF01E_HERSFeatures.rule
 1309     646     2   CF1RPRF01E_HERSFeature_Heating_HeatPumpHSPF            T        -      -        -      CF1RPRF01E_HERSFeatures.rule
 1310     653     2   CF1RPRF01E_HERSFeature_Heating_HeatPumpCapacity        T        -      -        -      CF1RPRF01E_HERSFeatures.rule
      ---------------------------------------------------------------------------------------------------------
 1311     661     2   CF1RPRF01E_HERSFeature_Heating_LowStaticVCHP           T        -      -        -      CF1RPRF01E_HERSFeatures.rule
 1312     668     2   CF1RPRF01E_HERSFeature_Heating_WallThermostatVCHP      T        -      -        -      CF1RPRF01E_HERSFeatures.rule
 1313     675     2   CF1RPRF01E_HERSFeature_Heating_DuctlessInConditionedSpaceVCHP   T        -      -        -      CF1RPRF01E_HERSFeatures.rule
 1314     682     2   CF1RPRF01E_HERSFeature_Heating_FilterSizeVCHP          T        -      -        -      CF1RPRF01E_HERSFeatures.rule
 1315     689     2   CF1RPRF01E_HERSFeature_Heating_FilterPressureDropVCHP   T        -      -        -      CF1RPRF01E_HERSFeatures.rule
      ---------------------------------------------------------------------------------------------------------
 1316     701     2   CF1RPRF01E_HERSFeature_Heating_None                    T        -      -        -      CF1RPRF01E_HERSFeatures.rule
 1317     711     2   CF1RPRF01E_HERSFeature_HVACDist_DuctSealing            T        -      -        -      CF1RPRF01E_HERSFeatures.rule
 1318     718     2   CF1RPRF01E_HERSFeature_HVACDist_AlteredDuctSealing     T        -      -        -      CF1RPRF01E_HERSFeatures.rule
 1319     725     2   CF1RPRF01E_HERSFeature_HVACDist_DuctAllInConditionedSpaceExcept12   T        -      -        -      CF1RPRF01E_HERSFeatures.rule
 1320     732     2   CF1RPRF01E_HERSFeature_HVACDist_DuctAllInConditionedSpace   T        -      -        -      CF1RPRF01E_HERSFeatures.rule
      ---------------------------------------------------------------------------------------------------------
 1321     740     2   CF1RPRF01E_HERSFeature_HVACDist_DuctsInConditionedSpaceTested   T        -      -        -      CF1RPRF01E_HERSFeatures.rule
 1322     747     2   CF1RPRF01E_HERSFeature_HVACDist_LowLeakageDuctsInConditionedSpace   T        -      -        -      CF1RPRF01E_HERSFeatures.rule
 1323     754     2   CF1RPRF01E_HERSFeature_HVACDist_VerifiedDuctDesign     T        -      -        -      CF1RPRF01E_HERSFeatures.rule
 1324     775     2   CF1RPRF01E_HERSFeature_HVACDist_BuriedDucts            T        -      -        -      CF1RPRF01E_HERSFeatures.rule
 1325     782     2   CF1RPRF01E_HERSFeature_HVACDist_DeeplyBuriedDucts      T        -      -        -      CF1RPRF01E_HERSFeatures.rule
      ---------------------------------------------------------------------------------------------------------
 1326     789     2   CF1RPRF01E_HERSFeature_HVACDist_LowLeakageAirHandlingUnit   T        -      -        -      CF1RPRF01E_HERSFeatures.rule
 1327     796     2   CF1RPRF01E_HERSFeature_HVACDist_None                   T        -      -        -      CF1RPRF01E_HERSFeatures.rule
 1328     804     2   CF1RPRF01E_HERSFeature_DHW_AllPipesInsulation          T        -      -        -      CF1RPRF01E_HERSFeatures.rule
 1329     811     2   CF1RPRF01E_HERSFeature_DHW_ParallelPiping              T        -      -        -      CF1RPRF01E_HERSFeatures.rule
 1330     818     2   CF1RPRF01E_HERSFeature_DHW_VerifiedPipeInsulation      T        -      -        -      CF1RPRF01E_HERSFeatures.rule
      ---------------------------------------------------------------------------------------------------------
 1331     825     2   CF1RPRF01E_HERSFeature_DHW_CentralWaterHeatingRecirculatingDualLoop   T        -      -        -      CF1RPRF01E_HERSFeatures.rule
 1332     832     2   CF1RPRF01E_HERSFeature_DHW_RecirculationDemandControlPushButton   T        -      -        -      CF1RPRF01E_HERSFeatures.rule
 1333     839     2   CF1RPRF01E_HERSFeature_DHW_RecirculationDemandControlOccupancyMotion   T        -      -        -      CF1RPRF01E_HERSFeatures.rule
 1334     846     2   CF1RPRF01E_HERSFeature_DHW_PointOfUse                  T        -      -        -      CF1RPRF01E_HERSFeatures.rule
 1335     853     2   CF1RPRF01E_HERSFeature_DHW_CompactDesign               T        -      -        -      CF1RPRF01E_HERSFeatures.rule
      ---------------------------------------------------------------------------------------------------------
 1336     860     2   CF1RPRF01E_HERSFeature_DHW_ShowerDrainWaterHeatRecovery   T        -      -        -      CF1RPRF01E_HERSFeatures.rule
 1337     871     2   CF1RPRF01E_HERSFeature_DHW_None                        T        -      -        -      CF1RPRF01E_HERSFeatures.rule
 1338     882     0   CF1RPRF01E_Final_HERSFeatures                          T        -      -        -      CF1RPRF01E_HERSFeatures.rule
 1339      42     4   Transform_ResConsAssm_to_ConsAssm_TESTING              T        -      T        T      Rules_Transform_MFam-to-Com.rule
 1340      68    73   Transform_ResConsAssm_to_ConsAssm                      T        -      T        T      Rules_Transform_MFam-to-Com.rule
      ---------------------------------------------------------------------------------------------------------
 1341     828     5   Transform_ResMat_to_Mat_Properties                     T        -      T        T      Rules_Transform_MFam-to-Com.rule
 1342      37     4   Default_BatchRuns                                      -        -      -        T      Rules_BatchRuns.rule
 1343      67    17   Default_BatchRuns_Simplified                           -        -      -        T      Rules_BatchRuns.rule
 1344     162     1   CreateProj_SetRepoRev                                  -        -      -        T      Rules_BatchRuns.rule
 1345      45    71   ComMFam_BackwardCompat                                 T        -      T        -      Multifam-BackwardCompatRuleLists.rule
      ---------------------------------------------------------------------------------------------------------
 1346     225     1   ModelErrorCheck_SpcFunc_HighRiseRes                    T        -      -        T      Multifam-BackwardCompatRuleLists.rule
 1347      36     2   CALGreen_Results                                       T        -      T        T      CALGreen-lists.rule
 1348       2   297   GenerateZEROCodeReport                                 T        -      T        T      ZEROCode-lists.rule
 1349      36   736   NRCCPRF_Proposed                                       T        -      -        -      NRCCPRF-Rulelists.rule
 1350    3696   102   NRCCPRF_ap_PostSim                                     T        -      -        -      NRCCPRF-Rulelists.rule
      ---------------------------------------------------------------------------------------------------------
 1351    3776    14   NRCCPRF_Init_nrccComplianceDocumentPackage             T        -      -        -      NRCCPRF-Rulelists.rule
 1352    3804     3   NRCCPRF_Init_nrccDocID                                 T        -      -        -      NRCCPRF-Rulelists.rule
 1353    3821    11   NRCCPRF_Init_nrccPayload                               T        -      -        -      NRCCPRF-Rulelists.rule
 1354    3843     4   NRCCPRF_Init_nrccHeader                                T        -      -        -      NRCCPRF-Rulelists.rule
 1355    3856     8   NRCCPRF_Init_nrccDocumentAuthorNRCC                    T        -      -        -      NRCCPRF-Rulelists.rule
      ---------------------------------------------------------------------------------------------------------
 1356    3895    10   NRCCPRF_Init_nrccResponsiblePersonDesigner01           T        -      -        -      NRCCPRF-Rulelists.rule
 1357    3942    10   NRCCPRF_Init_nrccResponsiblePersonDesigner02           T        -      -        -      NRCCPRF-Rulelists.rule
 1358    3989    10   NRCCPRF_Init_nrccResponsiblePersonDesigner03           T        -      -        -      NRCCPRF-Rulelists.rule
 1359    4036    10   NRCCPRF_Init_nrccResponsiblePersonDesigner04           T        -      -        -      NRCCPRF-Rulelists.rule
 1360    4083    10   NRCCPRF_Init_nrccResponsiblePersonDesigner05           T        -      -        -      NRCCPRF-Rulelists.rule
      ---------------------------------------------------------------------------------------------------------
 1361    4130    10   NRCCPRF_Init_nrccResponsiblePersonDesigner06           T        -      -        -      NRCCPRF-Rulelists.rule
 1362    4177    10   NRCCPRF_Init_nrccResponsiblePersonDesigner07           T        -      -        -      NRCCPRF-Rulelists.rule
 1363    4224     9   NRCCPRF_Init_nrccResponsiblePersonEnvelopeDesigner     T        -      -        -      NRCCPRF-Rulelists.rule
 1364    4267     9   NRCCPRF_Init_nrccResponsiblePersonLightingDesigner     T        -      -        -      NRCCPRF-Rulelists.rule
 1365    4310     9   NRCCPRF_Init_nrccResponsiblePersonMechanicalDesigner   T        -      -        -      NRCCPRF-Rulelists.rule
      ---------------------------------------------------------------------------------------------------------
 1366    4353     0   NRCCPRF_Init_nrccFooter                                T        -      -        -      NRCCPRF-Rulelists.rule
 1367    4360     7   NRCCPRF_RowLtgControls_row1                            T        -      -        -      NRCCPRF-Rulelists.rule
 1368    4380     7   NRCCPRF_RowLtgControls_row2                            T        -      -        -      NRCCPRF-Rulelists.rule
 1369    4400     7   NRCCPRF_RowLtgControls_row3                            T        -      -        -      NRCCPRF-Rulelists.rule
 1370    4420     7   NRCCPRF_RowLtgControls_row4                            T        -      -        -      NRCCPRF-Rulelists.rule
      ---------------------------------------------------------------------------------------------------------
 1371    4440     7   NRCCPRF_RowLtgControls_row5                            T        -      -        -      NRCCPRF-Rulelists.rule
 1372    4460     7   NRCCPRF_RowLtgControls_row6                            T        -      -        -      NRCCPRF-Rulelists.rule
 1373    4480     7   NRCCPRF_RowLtgControls_row7                            T        -      -        -      NRCCPRF-Rulelists.rule
 1374    4500     7   NRCCPRF_RowLtgControls_row8                            T        -      -        -      NRCCPRF-Rulelists.rule
 1375    4520     7   NRCCPRF_RowLtgControls_row9                            T        -      -        -      NRCCPRF-Rulelists.rule
      ---------------------------------------------------------------------------------------------------------
 1376    4540     7   NRCCPRF_RowLtgControls_row10                           T        -      -        -      NRCCPRF-Rulelists.rule
 1377    4604    13   CF1RPRF01E_Section_Da_Row1_CommunitySolar              T        -      -        -      NRCCPRF-Rulelists.rule
 1378    4648    12   CF1RPRF01E_Section_Da_Row1_0ReqPVException             T        -      -        -      NRCCPRF-Rulelists.rule
 1379    4666    21   CF1RPRF01E_Section_Da_PVArray                          T        -      -        -      NRCCPRF-Rulelists.rule
 1380    4756    14   CF1RPRF01E_Section_Db_Batt                             T        -      -        -      NRCCPRF-Rulelists.rule
      ---------------------------------------------------------------------------------------------------------
 1381    4848     6   NRCAMch02ASystemsToFieldVerify                         T        -      -        -      NRCCPRF-Rulelists.rule
 1382    4875     6   NRCAMch03ASystemsToFieldVerify                         T        -      -        -      NRCCPRF-Rulelists.rule
 1383    4902     6   NRCAMch04HSystemsToFieldVerify                         T        -      -        -      NRCCPRF-Rulelists.rule
 1384    4929     6   NRCAMch04ASystemsToFieldVerify                         T        -      -        -      NRCCPRF-Rulelists.rule
 1385    4956     6   NRCAMch05ASystemsToFieldVerify                         T        -      -        -      NRCCPRF-Rulelists.rule
      ---------------------------------------------------------------------------------------------------------
 1386    4983     6   NRCAMch06ASystemsToFieldVerify                         T        -      -        -      NRCCPRF-Rulelists.rule
 1387    5010     6   NRCAMch07ASystemsToFieldVerify                         T        -      -        -      NRCCPRF-Rulelists.rule
 1388    5037     4   NRCAMch08ASystemsToFieldVerify                         T        -      -        -      NRCCPRF-Rulelists.rule
 1389    5064     4   NRCAMch09ASystemsToFieldVerify                         T        -      -        -      NRCCPRF-Rulelists.rule
 1390    5091     4   NRCAMch10ASystemsToFieldVerify                         T        -      -        -      NRCCPRF-Rulelists.rule
      ---------------------------------------------------------------------------------------------------------
 1391    5118     7   NRCAMch11ASystemsToFieldVerify                         T        -      -        -      NRCCPRF-Rulelists.rule
 1392    5145     6   NRCAMch12ASystemsToFieldVerify                         T        -      -        -      NRCCPRF-Rulelists.rule
 1393    5172     6   NRCAMch13ASystemsToFieldVerify                         T        -      -        -      NRCCPRF-Rulelists.rule
 1394    5199     6   NRCAMch14ASystemsToFieldVerify                         T        -      -        -      NRCCPRF-Rulelists.rule
 1395    5226     4   NRCAMch15ASystemsToFieldVerify                         T        -      -        -      NRCCPRF-Rulelists.rule
      ---------------------------------------------------------------------------------------------------------
 1396    5253     6   NRCAMch16ASystemsToFieldVerify                         T        -      -        -      NRCCPRF-Rulelists.rule
 1397    5280     4   NRCAMch17ASystemsToFieldVerify                         T        -      -        -      NRCCPRF-Rulelists.rule
 1398    5307     7   NRCAMch18ASystemsToFieldVerify                         T        -      -        -      NRCCPRF-Rulelists.rule
 1399    5334     6   NRCAMch19ASystemsToFieldVerify                         T        -      -        -      NRCCPRF-Rulelists.rule
 1400    5361     3   NRCAMch20HSystemsToFieldVerify                         T        -      -        -      NRCCPRF-Rulelists.rule
      ---------------------------------------------------------------------------------------------------------
 1401    5376     3   NRCAMch21HSystemsToFieldVerify                         T        -      -        -      NRCCPRF-Rulelists.rule
 1402    5391     3   NRCAMch22ASystemsToFieldVerify                         T        -      -        -      NRCCPRF-Rulelists.rule
 1403    5406     3   No-NRCAMch23ASystemsToFieldVerify                      T        -      -        -      NRCCPRF-Rulelists.rule
 1404    5421     6   NRCAMch24ASystemsToFieldVerify                         T        -      -        -      NRCCPRF-Rulelists.rule
 1405      37    20   Convert_ResVent_CentralToIndividual                    T        -      -        T      Rules_ResVent_CentralToIndividual.rule
      ---------------------------------------------------------------------------------------------------------
 1406     127    12   Convert_ResVent_C2I_ResOtherZn_CSup_CExh_Bal           T        -      T        -      Rules_ResVent_CentralToIndividual.rule
 1407     157    13   Convert_ResVent_C2I_ResOtherZn_CSup_CExh_Unbal         T        -      T        -      Rules_ResVent_CentralToIndividual.rule
 1408     180    10   Convert_ResVent_C2I_ResOtherZn_CSup_IExh               T        -      T        -      Rules_ResVent_CentralToIndividual.rule
 1409     199    10   Convert_ResVent_C2I_ResOtherZn_ISup_CExh               T        -      T        -      Rules_ResVent_CentralToIndividual.rule
 1410     218     9   Convert_ResVent_C2I_ResOtherZn_CSup                    T        -      T        -      Rules_ResVent_CentralToIndividual.rule
      ---------------------------------------------------------------------------------------------------------
 1411     235     9   Convert_ResVent_C2I_ResOtherZn_CExh                    T        -      T        -      Rules_ResVent_CentralToIndividual.rule
 1412     254    12   Convert_ResVent_C2I_DwellUnitType_CSup_CExh_Bal        T        -      T        -      Rules_ResVent_CentralToIndividual.rule
 1413     284    13   Convert_ResVent_C2I_DwellUnitType_CSup_CExh_Unbal      T        -      T        -      Rules_ResVent_CentralToIndividual.rule
 1414     307    10   Convert_ResVent_C2I_DwellUnitType_CSup_IExh            T        -      T        -      Rules_ResVent_CentralToIndividual.rule
 1415     326    10   Convert_ResVent_C2I_DwellUnitType_ISup_CExh            T        -      T        -      Rules_ResVent_CentralToIndividual.rule
      ---------------------------------------------------------------------------------------------------------
 1416     345     9   Convert_ResVent_C2I_DwellUnitType_CSup                 T        -      T        -      Rules_ResVent_CentralToIndividual.rule
 1417     362     9   Convert_ResVent_C2I_DwellUnitType_CExh                 T        -      T        -      Rules_ResVent_CentralToIndividual.rule
 1418     379     3   Force_FiltersAccessibleAndFID_Checked                  T        -      T        -      Rules_ResVent_CentralToIndividual.rule
 1419      36     1   CheckSubsetFileHashes                                  T        -      -        T      Rules_SubsetFileHashes.rule


Binary Ruleset Writing Summary (bytes written):
   Rules:       55349728
   Rule Props:  355555
   RuleSubsets: 147
   Tables:      6111479
   DataTypes:   172483
   Ranges:      113403
   Symbols:     23266
   MaxChild:    0
   Resets:      3020
   UnqAssign:   0
   PropTypMod:  8987
   ToolTips:    1073826
   Transforms:  416
   Library:     764311
      writing RuleSubset #1 '25NRMF_HourlyMultTables' to file: 'C:/dev/bigladder/CBECC/CBECC/Data/Rulesets/T24_2025/25NRMF_HourlyMultTables.bin'

   Writing list of 9 tables, starting w/ #250, from RuleSubset '25NRMF_HourlyMultTables'.
      Table: 250 '2025NR_SLCCbyCZandFuel'         wrote table 2025NR_SLCCbyCZandFuel w/ 8760 rows of data, 8,587 kb
      Table: 251 '2025Res_SLCCbyCZandFuel'         wrote table 2025Res_SLCCbyCZandFuel w/ 8760 rows of data, 8,587 kb
      Table: 252 'CA2025DemandMultipliers'         wrote table CA2025DemandMultipliers w/ 8760 rows of data, 350 kb
      Table: 253 '2025NR_SOURCEbyCZandFuel'         wrote table 2025NR_SOURCEbyCZandFuel w/ 8760 rows of data, 8,588 kb
      Table: 254 '2025Res_SOURCEbyCZandFuel'         wrote table 2025Res_SOURCEbyCZandFuel w/ 8760 rows of data, 8,588 kb
      Table: 255 '2025Res_CO2ElecEmissionsbyCZ'         wrote table 2025Res_CO2ElecEmissionsbyCZ w/ 8760 rows of data, 2,980 kb
      Table: 256 '2025NR_CO2ElecEmissionsbyCZ'         wrote table 2025NR_CO2ElecEmissionsbyCZ w/ 8760 rows of data, 2,980 kb
      Table: 257 'HrlyNEMLSCTable'         wrote table HrlyNEMLSCTable w/ 8760 rows of data, 2,978 kb
      Table: 258 'HrlyNEMACCTable'         wrote table HrlyNEMACCTable w/ 8760 rows of data, 2,978 kb
      RuleSubset #1 hash 'eb67897a980f40e769fcc3273aaca4a6d55538ec84cb9f5f50c399f9180e569f' file: 'C:/dev/bigladder/CBECC/CBECC/Data/Rulesets/T24_2025/25NRMF_HourlyMultTables.bin'
      RuleSubset hash table 'RuleSubsetFileHashes' records: 1 before & 2 after
      writing RuleSubset #2 '25_CUACTables' to file: 'C:/dev/bigladder/CBECC/CBECC/Data/Rulesets/T24_2025/25_CUACTables.bin'

   Writing list of 6 tables, starting w/ #259, from RuleSubset '25_CUACTables'.
      Table: 259 'CUAC_UtilityCompanies'         wrote table CUAC_UtilityCompanies w/ 60 rows of data, 19 kb
      Table: 260 'CUAC_UtilityTerritories'         wrote table CUAC_UtilityTerritories w/ 144 rows of data, 20 kb
      Table: 261 'CUAC_UtilityRates'         wrote table CUAC_UtilityRates w/ 114 rows of data, 38 kb
      Table: 262 'CUAC_UtilityRateGen2Mapping'         wrote table CUAC_UtilityRateGen2Mapping w/ 301 rows of data, 85 kb
      Table: 263 'CUAC_UtilityRateGen2Data'         wrote table CUAC_UtilityRateGen2Data w/ 1387 rows of data, 668 kb
      Table: 264 'CUAC_UtilityRateBackCompat_SP2'         wrote table CUAC_UtilityRateBackCompat_SP2 w/ 51 rows of data, 10 kb
      RuleSubset #2 hash '8153b81272a7a0697cadcd3353602b0fbb6a0116b55a54007fd65546237f6307' file: 'C:/dev/bigladder/CBECC/CBECC/Data/Rulesets/T24_2025/25_CUACTables.bin'
      RuleSubset hash table 'RuleSubsetFileHashes' records: 2 before & 3 after
      writing RuleSubset #3 'RuleSubsetFileHashes' to file: 'C:/dev/bigladder/CBECC/CBECC/Data/Rulesets/T24_2025/RuleSubsetFileHashes.bin'

   Writing list of 1 tables, starting w/ #265, from RuleSubset 'RuleSubsetFileHashes'.
      Table: 265 'RuleSubsetFileHashes'         wrote table RuleSubsetFileHashes w/ 3 rows of data, 0.448 kb
